"SNDB_record_number","SNDB_study_number","notes","Latitude","Longitude","lat_lon_notes","elevation_m","MAT","MAP","ClimateTypes","treatment","treatment_level","lyrtop_cm","lyrbot_cm","horizon","soil_type","ecosystem","wetland_type","plant_species","year_sampled","fraction_scheme","aggregate_size","gluN","murA","galN","manN","microbial_necromass_C","fungal_necromass_C","bacterial_necromass_C","bacterial_biomass_C","fungal_biomass_C","microbial_biomass_C","microbial_biomass_N","soc","soil_C","soil_N","pH","pH_method","clay","silt","sand"
"1","9",,,,,,,,,,,,,,,,,,,,,1.57,0.06,0.9,0.04,16.0597751064761,13.3597751064761,2.7,,,"0.78","0.11","34.28",,"2.98","6.61",,"3.316","51.304","45.38"
"2","9",,,,,,,,,,,,,,,,,,,,,2.14,0.09,1.44,0.05,22.1546626597142,18.1046626597142,4.05,,,"0.91","0.13","37.05",,"3","6.77",,"3.748","56.61","39.642"
"3","9",,,,,,,,,,,,,,,,,,,,,1.06,0.03,0.72,0.03,10.5048875532381,9.15488755323807,1.35,,,"0.31","0.05","32.59",,"2.47","6.91",,"2.774","48.408","48.818"
"4","9",,,,,,,,,,,,,,,,,,,,,2.73,0.09,1.4,0.05,27.4646626597142,23.4146626597142,4.05,,,"1.11","0.16","61.54",,"4.8","6.51",,"3.892","64.72","31.388"
"5","9",,,,,,,,,,,,,,,,,,,,,3.81,0.12,1.78,0.06,38.1495502129523,32.7495502129523,5.4,,,"1.83","0.27","77.28",,"5.68","6.13",,"5.696","73.272","21.032"
"6","9",,,,,,,,,,,,,,,,,,,,,2.87,0.12,1.38,0.06,29.6895502129523,24.2895502129523,5.4,,,"1.68","0.23","67.04",,"5.25","6.26",,"3.194","55.878","40.928"
"7","9",,,,,,,,,,,,,,,,,,,,,3.43,0.12,1.75,0.06,34.7295502129523,29.3295502129523,5.4,,,"1.49","0.21","57.25",,"4.58","6.19",,"3.372","50.834","45.794"
"8","9",,,,,,,,,,,,,,,,,,,,,3.19,0.12,1.44,0.06,32.5695502129523,27.1695502129523,5.4,,,"1.87","0.24","65.59",,"5.03","6.32",,"3.372","50.834","45.794"
"9","9",,,,,,,,,,,,,,,,,,,,,2.38,0.07,1.36,0.05,23.6714042908888,20.5214042908888,3.15,,,"1.33","0.2","58.73",,"4.62","6.44",,"3.322","54.756","41.922"
"10","9",,,,,,,,,,,,,,,,,,,,,2.51,0.08,1.36,0.05,25.1630334753015,21.5630334753015,3.6,,,"1.35","0.16","55.25",,"4.27","6.24",,"4.63","57.428","37.942"
"11","9",,,,,,,,,,,,,,,,,,,,,2.56,0.09,1.36,0.06,25.9346626597142,21.8846626597142,4.05,,,"1.91","0.21","76.64",,"5.83","6.22",,"4.71","69.16","26.13"
"12","9",,,,,,,,,,,,,,,,,,,,,2.63,0.1,1.45,0.06,26.8862918441269,22.3862918441269,4.5,,,"2.45","0.33","76.79",,"5.53","6.02",,"4.86","67.944","27.196"
"13","9",,,,,,,,,,,,,,,,,,,,,1.57,0.06,0.9,0.04,16.0597751064761,13.3597751064761,2.7,,,"0.78","0.11","34.28",,"2.98","6.61",,"3.32","51.3","45.38"
"14","9",,,,,,,,,,,,,,,,,,,,,2.14,0.09,1.44,0.05,22.1546626597142,18.1046626597142,4.05,,,"0.91","0.13","37.05",,"3","6.77",,"3.75","56.61","39.64"
"15","9",,,,,,,,,,,,,,,,,,,,,1.06,0.03,0.72,0.03,10.5048875532381,9.15488755323807,1.35,,,"0.31","0.05","32.59",,"2.47","6.91",,"2.77","48.41","48.82"
"16","9",,,,,,,,,,,,,,,,,,,,,1.25,0.04,0.69,0.04,12.5365167376508,10.7365167376508,1.8,,,"0.75","0.1","26.64",,"2.43","6.58",,"2.55","44.34","53.11"
"17","9",,,,,,,,,,,,,,,,,,,,,1.29,0.05,0.71,0.03,13.2181459220634,10.9681459220634,2.25,,,"1.15","0.2","29.13",,"2.54","6.51",,"3.13","51.46","45.42"
"18","9",,,,,,,,,,,,,,,,,,,,,1.25,0.06,0.61,0.03,13.1797751064761,10.4797751064761,2.7,,,"1.34","0.22","28.74",,"2.41","6.52",,"2.76","48.88","48.36"
"19","9",,,,,,,,,,,,,,,,,,,,,1.59,0.07,0.62,0.03,16.5614042908888,13.4114042908888,3.15,,,"0.64","0.16","40.04",,"3.1","7.04",,"5","63.66","31.34"
"20","9",,,,,,,,,,,,,,,,,,,,,1.34,0.04,0.57,0.02,13.3465167376508,11.5465167376508,1.8,,,"0.56","0.13","31.87",,"2.5","6.83",,"3.79","57.08","39.13"
"21","9",,,,,,,,,,,,,,,,,,,,,1.67,0.07,0.7,0.03,17.2814042908888,14.1314042908888,3.15,,,"0.69","0.12","36.94",,"2.92","6.77",,"5.83","69.23","24.94"
"22","9",,,,,,,,,,,,,,,,,,,,,2.51,0.08,1.36,0.05,25.1630334753015,21.5630334753015,3.6,,,"1.35","0.16","55.25",,"4.27","6.24",,"4.63","57.43","37.94"
"23","9",,,,,,,,,,,,,,,,,,,,,2.56,0.09,1.36,0.06,25.9346626597142,21.8846626597142,4.05,,,"1.91","0.21","76.64",,"5.83","6.22",,"4.71","69.16","26.13"
"24","9",,,,,,,,,,,,,,,,,,,,,2.63,0.1,1.45,0.06,26.8862918441269,22.3862918441269,4.5,,,"2.45","0.33","76.79",,"5.53","6.02",,"4.86","67.94","27.2"
"25","1",,51.759,-0.373,,,9.61,674.78,"temperate",,"FYM","0","23",,"Chromic Luvisols",,,,,,,,,,,10.130143071,5.804342324,4.325800747,,,"727.94",,"28.39333",,,"7.3",,"25","50","25"
"26","1",,51.759,-0.373,,,9.61,674.78,"temperate",,"FYM","0","23",,"Chromic Luvisols",,,,,,,,,,,9.726333239,5.615008863,4.111324376,,,"773.47",,"28.59813",,,"7.34",,,,
"27","1",,51.759,-0.373,,,9.61,674.78,"temperate",,"FYM","0","23",,"Chromic Luvisols",,,,,,,,,,,8.783947634,5.161262891,3.622684743,,,"715.36",,"28.28571",,,"7.29",,,,
"28","1",,51.759,-0.373,,,9.61,674.78,"temperate",,"FYM","0","23",,"Chromic Luvisols",,,,,,,,,,,8.566936685,5.08785799,3.479078695,,,"726.82",,"29.18564",,,"7.27",,,,
"29","1",,51.759,-0.373,,,9.61,674.78,"temperate",,"NPK","0","23",,"Chromic Luvisols",,,,,,,,,,,4.506682016,3.477089166,1.02959285,,,"421.24",,"14.28087",,,"6.32",,,,
"30","1",,51.759,-0.373,,,9.61,674.78,"temperate",,"NPK","0","23",,"Chromic Luvisols",,,,,,,,,,,5.432231125,4.194408775,1.23782235,,,"397.52",,"13.46331",,,"6.36",,,,
"31","1",,51.759,-0.373,,,9.61,674.78,"temperate",,"NPK","0","23",,"Chromic Luvisols",,,,,,,,,,,4.388966125,3.35969212,1.029274005,,,"390.6",,"13.41696",,,"6.38",,,,
"32","1",,51.759,-0.373,,,9.61,674.78,"temperate",,"NPK","0","23",,"Chromic Luvisols",,,,,,,,,,,4.181604606,3.184681529,0.996923077,,,"411.29",,"14.55253",,,"6.22",,,,
"33","1",,51.759,-0.373,,,9.61,674.78,"temperate",,"NIL","0","23",,"Chromic Luvisols",,,,,,,,,,,3.558776695,2.806454714,0.752321981,,,"330.71",,"12.03404",,,"7.59",,,,
"34","1",,51.759,-0.373,,,9.61,674.78,"temperate",,"NIL","0","23",,"Chromic Luvisols",,,,,,,,,,,3.548631163,2.772341285,0.776289878,,,"324.06",,"10.34483",,,"7.62",,,,
"35","1",,51.759,-0.373,,,9.61,674.78,"temperate",,"NIL","0","23",,"Chromic Luvisols",,,,,,,,,,,3.547020411,2.778536033,0.768484378,,,"371.43",,"10.93168",,,"7.65",,,,
"36","1",,51.759,-0.373,,,9.61,674.78,"temperate",,"NIL","0","23",,"Chromic Luvisols",,,,,,,,,,,3.464953494,2.691650847,0.773302647,,,"365.69",,"10.88048",,,"7.6",,,,
"37","2",,28.25,116.917,,,19.68,1752.22,"temperate","Control","NPK kg/ha: 0,0,0 ; manure t/ha: 0",,,,"Red soil
 (Cambisols)",,,"Peanut",,,,,,,,3.92,2.9,1.02,,,,,"8.79",,"0.8","4.72",,"36.3","42.5","21.2"
"38","2",,28.25,116.917,,,19.68,1752.22,"temperate","Control","NPK kg/ha: 0,0,0 ; manure t/ha: 0",,,,"Red soil
 (Cambisols)",,,"Peanut",,,,,,,,4.38,3.4,0.98,,,,,"8.41",,"0.76","4.74",,"36.3","42.5","21.2"
"39","2",,28.25,116.917,,,19.68,1752.22,"temperate","Control","NPK kg/ha: 0,0,0 ; manure t/ha: 0",,,,"Red soil
 (Cambisols)",,,"Peanut",,,,,,,,3.88,2.98,0.9,,,,,"8.34",,"0.74","4.68",,"36.3","42.5","21.2"
"40","2",,28.25,116.917,,,19.68,1752.22,"temperate","NPK","NPK kg/ha: 120,32.8,62.5 ; manure t/ha: 0",,,,"Red soil
 (Cambisols)",,,"Peanut",,,,,,,,4.86,3.54,1.32,,,,,"10.33",,"0.96","4.95",,"36.3","42.5","21.2"
"41","2",,28.25,116.917,,,19.68,1752.22,"temperate","NPK","NPK kg/ha: 120,32.8,62.5 ; manure t/ha: 0",,,,"Red soil
 (Cambisols)",,,"Peanut",,,,,,,,5.11,3.87,1.24,,,,,"10.23",,"0.95","4.9",,"36.3","42.5","21.2"
"42","2",,28.25,116.917,,,19.68,1752.22,"temperate","NPK","NPK kg/ha: 120,32.8,62.5 ; manure t/ha: 0",,,,"Red soil
 (Cambisols)",,,"Peanut",,,,,,,,4.7,3.53,1.17,,,,,"10.15",,"0.95","4.85",,"36.3","42.5","21.2"
"43","2",,28.25,116.917,,,19.68,1752.22,"temperate","NPKM","NPK kg/ha: 84,32.8,62.5 ; manure t/ha: 7.2",,,,"Red soil
 (Cambisols)",,,"Peanut",,,,,,,,5.56,4.04,1.52,,,,,"10.9",,"1.05","4.96",,"36.3","42.5","21.2"
"44","2",,28.25,116.917,,,19.68,1752.22,"temperate","NPKM","NPK kg/ha: 84,32.8,62.5 ; manure t/ha: 7.2",,,,"Red soil
 (Cambisols)",,,"Peanut",,,,,,,,6.18,4.77,1.41,,,,,"10.73",,"1.04","4.99",,"36.3","42.5","21.2"
"45","2",,28.25,116.917,,,19.68,1752.22,"temperate","NPKM","NPK kg/ha: 84,32.8,62.5 ; manure t/ha: 7.2",,,,"Red soil
 (Cambisols)",,,"Peanut",,,,,,,,5.48,4.21,1.27,,,,,"10.71",,"1.03","5.07",,"36.3","42.5","21.2"
"46","2",,28.583,116.283,,,17.95,1601.27,"temperate","Control","NPK kg/ha: 0,0,0 ; manure t/ha: 0",,,,"Red soil
 (Cambisols)",,,"Maize",,,,,,,,4.63,3.16,1.47,,,,,"7.73",,"0.75","4.97",,"34","52.7","13.3"
"47","2",,28.583,116.283,,,17.95,1601.27,"temperate","Control","NPK kg/ha: 0,0,0 ; manure t/ha: 0",,,,"Red soil
 (Cambisols)",,,"Maize",,,,,,,,5.19,3.84,1.35,,,,,"7.69",,"0.71","4.92",,"34","52.7","13.3"
"48","2",,28.583,116.283,,,17.95,1601.27,"temperate","Control","NPK kg/ha: 0,0,0 ; manure t/ha: 0",,,,"Red soil
 (Cambisols)",,,"Maize",,,,,,,,4.56,3.37,1.19,,,,,"7.68",,"0.71","4.86",,"34","52.7","13.3"
"49","2",,28.583,116.283,,,17.95,1601.27,"temperate","NPK","NPK kg/ha: 120,26.2,100 ; manure t/ha: 0",,,,"Red soil
 (Cambisols)",,,"Maize",,,,,,,,5.44,3.72,1.72,,,,,"9.26",,"0.89","4.67",,"34","52.7","13.3"
"50","2",,28.583,116.283,,,17.95,1601.27,"temperate","NPK","NPK kg/ha: 120,26.2,100 ; manure t/ha: 0",,,,"Red soil
 (Cambisols)",,,"Maize",,,,,,,,6.01,4.43,1.58,,,,,"9.17",,"0.89","4.72",,"34","52.7","13.3"
"51","2",,28.583,116.283,,,17.95,1601.27,"temperate","NPK","NPK kg/ha: 120,26.2,100 ; manure t/ha: 0",,,,"Red soil
 (Cambisols)",,,"Maize",,,,,,,,5.32,3.93,1.39,,,,,"8.99",,"0.87","4.73",,"34","52.7","13.3"
"52","2",,28.583,116.283,,,17.95,1601.27,"temperate","NPKM","NPK kg/ha: 120,26.2,100 ; manure t/ha: 15",,,,"Red soil
 (Cambisols)",,,"Maize",,,,,,,,7.67,5.38,2.29,,,,,"15.65",,"1.64","5.9",,"34","52.7","13.3"
"53","2",,28.583,116.283,,,17.95,1601.27,"temperate","NPKM","NPK kg/ha: 120,26.2,100 ; manure t/ha: 15",,,,"Red soil
 (Cambisols)",,,"Maize",,,,,,,,8.59,6.38,2.21,,,,,"15.27",,"1.63","5.85",,"34","52.7","13.3"
"54","2",,28.583,116.283,,,17.95,1601.27,"temperate","NPKM","NPK kg/ha: 120,26.2,100 ; manure t/ha: 15",,,,"Red soil
 (Cambisols)",,,"Maize",,,,,,,,7.74,5.75,1.99,,,,,"14.59",,"1.6","5.94",,"34","52.7","13.3"
"55","2",,26.75,111.867,,,17.74,1433.99,"temperate","Control","NPK kg/ha: 0,0,0 ; manure t/ha: 0",,,,"Red soil
 (Cambisols)",,,"Maize-wheat rotation",,,,,,,,3.49,2.24,1.25,,,,,"8.37",,"0.82","5.42",,"46.4","33.7","19.9"
"56","2",,26.75,111.867,,,17.74,1433.99,"temperate","Control","NPK kg/ha: 0,0,0 ; manure t/ha: 0",,,,"Red soil
 (Cambisols)",,,"Maize-wheat rotation",,,,,,,,3.69,2.53,1.16,,,,,"8.34",,"0.82","5.34",,"46.4","33.7","19.9"
"57","2",,26.75,111.867,,,17.74,1433.99,"temperate","Control","NPK kg/ha: 0,0,0 ; manure t/ha: 0",,,,"Red soil
 (Cambisols)",,,"Maize-wheat rotation",,,,,,,,3.87,2.86,1.01,,,,,"8.07",,"0.8","5.4",,"46.4","33.7","19.9"
"58","2",,26.75,111.867,,,17.74,1433.99,"temperate","NPK","NPK kg/ha: 300,52.4,100 ; manure t/ha: 0",,,,"Red soil
 (Cambisols)",,,"Maize-wheat rotation",,,,,,,,5.03,3.44,1.59,,,,,"12.06",,"1.16","4.21",,"46.4","33.7","19.9"
"59","2",,26.75,111.867,,,17.74,1433.99,"temperate","NPK","NPK kg/ha: 300,52.4,100 ; manure t/ha: 0",,,,"Red soil
 (Cambisols)",,,"Maize-wheat rotation",,,,,,,,4.88,3.44,1.44,,,,,"11.82",,"1.15","4.23",,"46.4","33.7","19.9"
"60","2",,26.75,111.867,,,17.74,1433.99,"temperate","NPK","NPK kg/ha: 300,52.4,100 ; manure t/ha: 0",,,,"Red soil
 (Cambisols)",,,"Maize-wheat rotation",,,,,,,,4.7,3.42,1.28,,,,,"11.64",,"1.14","4.17",,"46.4","33.7","19.9"
"61","2",,26.75,111.867,,,17.74,1433.99,"temperate","NPKM","NPK kg/ha: 90,52.4,100 ; manure t/ha: 42",,,,"Red soil
 (Cambisols)",,,"Maize-wheat rotation",,,,,,,,9.43,7.14,2.29,,,,,"18.37",,"1.96","6.08",,"46.4","33.7","19.9"
"62","2",,26.75,111.867,,,17.74,1433.99,"temperate","NPKM","NPK kg/ha: 90,52.4,100 ; manure t/ha: 42",,,,"Red soil
 (Cambisols)",,,"Maize-wheat rotation",,,,,,,,9.41,7.28,2.13,,,,,"18.29",,"1.95","6.1",,"46.4","33.7","19.9"
"63","2",,26.75,111.867,,,17.74,1433.99,"temperate","NPKM","NPK kg/ha: 90,52.4,100 ; manure t/ha: 42",,,,"Red soil
 (Cambisols)",,,"Maize-wheat rotation",,,,,,,,8.97,7.12,1.85,,,,,"18.04",,"1.95","6.16",,"46.4","33.7","19.9"
"64","2",,40.8,123.55,,,6.3,922.42,"snow","Control","NPK kg/ha: 0,0,0 ; manure t/ha: 0",,,,"Brown soil
 (Alisols)",,,"Maize-maize-soybean rotation",,,,,,,,6.12,4.97,1.15,,,,,"9",,"0.89","6.04",,"23","29","48"
"65","2",,40.8,123.55,,,6.3,922.42,"snow","Control","NPK kg/ha: 0,0,0 ; manure t/ha: 0",,,,"Brown soil
 (Alisols)",,,"Maize-maize-soybean rotation",,,,,,,,6.46,5.48,0.98,,,,,"9",,"0.84","6.01",,"23","29","48"
"66","2",,40.8,123.55,,,6.3,922.42,"snow","Control","NPK kg/ha: 0,0,0 ; manure t/ha: 0",,,,"Brown soil
 (Alisols)",,,"Maize-maize-soybean rotation",,,,,,,,6,5.16,0.84,,,,,"8.97",,"0.72","6.02",,"23","29","48"
"67","2",,40.8,123.55,,,6.3,922.42,"snow","NPK","NPK kg/ha: 120,26.2,50 ; manure t/ha: 0",,,,"Brown soil
 (Alisols)",,,"Maize-maize-soybean rotation",,,,,,,,6.18,4.97,1.21,,,,,"9.67",,"1.03","5.32",,"23","29","48"
"68","2",,40.8,123.55,,,6.3,922.42,"snow","NPK","NPK kg/ha: 120,26.2,50 ; manure t/ha: 0",,,,"Brown soil
 (Alisols)",,,"Maize-maize-soybean rotation",,,,,,,,6.57,5.49,1.08,,,,,"9.54",,"1","5.28",,"23","29","48"
"69","2",,40.8,123.55,,,6.3,922.42,"snow","NPK","NPK kg/ha: 120,26.2,50 ; manure t/ha: 0",,,,"Brown soil
 (Alisols)",,,"Maize-maize-soybean rotation",,,,,,,,6.26,5.33,0.93,,,,,"9.47",,"0.96","5.23",,"23","29","48"
"70","2",,40.8,123.55,,,6.3,922.42,"snow","NPKM","NPK kg/ha: 120,26.2,50 ; manure t/ha: 27",,,,"Brown soil
 (Alisols)",,,"Maize-maize-soybean rotation",,,,,,,,7.18,5.6,1.58,,,,,"12.43",,"1.36","5.54",,"23","29","48"
"71","2",,40.8,123.55,,,6.3,922.42,"snow","NPKM","NPK kg/ha: 120,26.2,50 ; manure t/ha: 27",,,,"Brown soil
 (Alisols)",,,"Maize-maize-soybean rotation",,,,,,,,7.49,6.08,1.41,,,,,"12.27",,"1.33","5.58",,"23","29","48"
"72","2",,40.8,123.55,,,6.3,922.42,"snow","NPKM","NPK kg/ha: 120,26.2,50 ; manure t/ha: 27",,,,"Brown soil
 (Alisols)",,,"Maize-maize-soybean rotation",,,,,,,,6.9,5.71,1.19,,,,,"12.04",,"1.31","5.6",,"23","29","48"
"73","2",,43.5,124.8,,,5.62,637.32,"snow","Control","NPK kg/ha: 0,0,0 ; manure t/ha: 0",,,,"Black soil
 (Phaeozem)",,,"Maize under monoculture",,,,,,,,4.85,3.44,1.41,,,,,"15.14",,"1.34","7.58",,"30.3","29.7","40"
"74","2",,43.5,124.8,,,5.62,637.32,"snow","Control","NPK kg/ha: 0,0,0 ; manure t/ha: 0",,,,"Black soil
 (Phaeozem)",,,"Maize under monoculture",,,,,,,,4.76,3.53,1.23,,,,,"14.73",,"1.22","7.6",,"30.3","29.7","40"
"75","2",,43.5,124.8,,,5.62,637.32,"snow","Control","NPK kg/ha: 0,0,0 ; manure t/ha: 0",,,,"Black soil
 (Phaeozem)",,,"Maize under monoculture",,,,,,,,4.67,3.62,1.05,,,,,"14.31",,"1.2","7.63",,"30.3","29.7","40"
"76","2",,43.5,124.8,,,5.62,637.32,"snow","NPK","NPK kg/ha: 165,36,68.8 ; manure t/ha: 0",,,,"Black soil
 (Phaeozem)",,,"Maize under monoculture",,,,,,,,5.27,3.57,1.7,,,,,"14.12",,"1.21","6.61",,"30.3","29.7","40"
"77","2",,43.5,124.8,,,5.62,637.32,"snow","NPK","NPK kg/ha: 165,36,68.8 ; manure t/ha: 0",,,,"Black soil
 (Phaeozem)",,,"Maize under monoculture",,,,,,,,5.11,3.64,1.47,,,,,"14.12",,"1.19","6.54",,"30.3","29.7","40"
"78","2",,43.5,124.8,,,5.62,637.32,"snow","NPK","NPK kg/ha: 165,36,68.8 ; manure t/ha: 0",,,,"Black soil
 (Phaeozem)",,,"Maize under monoculture",,,,,,,,4.96,3.72,1.24,,,,,"14.07",,"1.18","6.48",,"30.3","29.7","40"
"79","2",,43.5,124.8,,,5.62,637.32,"snow","NPKM","NPK kg/ha: 50,36,68.8 ; manure t/ha: 34.5",,,,"Black soil
 (Phaeozem)",,,"Maize under monoculture",,,,,,,,10.4,6.4,4,,,,,"28.71",,"2.87","7.08",,"30.3","29.7","40"
"80","2",,43.5,124.8,,,5.62,637.32,"snow","NPKM","NPK kg/ha: 50,36,68.8 ; manure t/ha: 34.5",,,,"Black soil
 (Phaeozem)",,,"Maize under monoculture",,,,,,,,10.87,7.12,3.75,,,,,"28.1",,"2.82","7.12",,"30.3","29.7","40"
"81","2",,43.5,124.8,,,5.62,637.32,"snow","NPKM","NPK kg/ha: 50,36,68.8 ; manure t/ha: 34.5",,,,"Black soil
 (Phaeozem)",,,"Maize under monoculture",,,,,,,,9.87,6.61,3.26,,,,,"28.02",,"2.78","7.13",,"30.3","29.7","40"
"82","2",,44.583,87.767,,,6.67,262.86,"arid","Control","NPK kg/ha: 0,0,0 ; manure t/ha: 0",,,,"Desert soil
 (Calcisol)",,,"Maize-wheat-cotton rotation",,,,,,,,2.61,2,0.61,,,,,"7.95",,"0.88","8.37",,"28.3","53.2","18.5"
"83","2",,44.583,87.767,,,6.67,262.86,"arid","Control","NPK kg/ha: 0,0,0 ; manure t/ha: 0",,,,"Desert soil
 (Calcisol)",,,"Maize-wheat-cotton rotation",,,,,,,,2.88,2.34,0.54,,,,,"7.74",,"0.87","8.33",,"28.3","53.2","18.5"
"84","2",,44.583,87.767,,,6.67,262.86,"arid","Control","NPK kg/ha: 0,0,0 ; manure t/ha: 0",,,,"Desert soil
 (Calcisol)",,,"Maize-wheat-cotton rotation",,,,,,,,2.64,2.14,0.5,,,,,"7.72",,"0.87","8.3",,"28.3","53.2","18.5"
"85","2",,44.583,87.767,,,6.67,262.86,"arid","NPK","NPK kg/ha: 241.5,60.2,50.4 ; manure t/ha: 0",,,,"Desert soil
 (Calcisol)",,,"Maize-wheat-cotton rotation",,,,,,,,2.94,2.09,0.85,,,,,"9.09",,"1.05","7.85",,"28.3","53.2","18.5"
"86","2",,44.583,87.767,,,6.67,262.86,"arid","NPK","NPK kg/ha: 241.5,60.2,50.4 ; manure t/ha: 0",,,,"Desert soil
 (Calcisol)",,,"Maize-wheat-cotton rotation",,,,,,,,3.14,2.38,0.76,,,,,"9.02",,"1.03","7.8",,"28.3","53.2","18.5"
"87","2",,44.583,87.767,,,6.67,262.86,"arid","NPK","NPK kg/ha: 241.5,60.2,50.4 ; manure t/ha: 0",,,,"Desert soil
 (Calcisol)",,,"Maize-wheat-cotton rotation",,,,,,,,2.62,1.99,0.63,,,,,"8.99",,"0.99","7.84",,"28.3","53.2","18.5"
"88","2",,44.583,87.767,,,6.67,262.86,"arid","NPKM","NPK kg/ha: 84.9,22.4,10.1 ; manure t/ha: 30",,,,"Desert soil
 (Calcisol)",,,"Maize-wheat-cotton rotation",,,,,,,,6.54,3.4,3.14,,,,,"19.52",,"2.15","8.28",,"28.3","53.2","18.5"
"89","2",,44.583,87.767,,,6.67,262.86,"arid","NPKM","NPK kg/ha: 84.9,22.4,10.1 ; manure t/ha: 30",,,,"Desert soil
 (Calcisol)",,,"Maize-wheat-cotton rotation",,,,,,,,6.95,3.98,2.97,,,,,"19.39",,"2.07","8.23",,"28.3","53.2","18.5"
"90","2",,44.583,87.767,,,6.67,262.86,"arid","NPKM","NPK kg/ha: 84.9,22.4,10.1 ; manure t/ha: 30",,,,"Desert soil
 (Calcisol)",,,"Maize-wheat-cotton rotation",,,,,,,,6.42,3.81,2.61,,,,,"18.04",,"2.04","8.27",,"28.3","53.2","18.5"
"91","8",,27.99,120.97,,,,,"temperate",,,"0","4",,,,,,,,,,,,,1.47,0.91,0.56,,,,,,"6.67",,,,"28.37","59.57","12.06"
"92","8",,27.99,120.97,,,,,"temperate",,,"4","8",,,,,,,,,,,,,1.42,1.02,0.4,,,,,,"6.31",,,,"28.3","60.07","11.64"
"93","8",,27.99,120.97,,,,,"temperate",,,"8","12",,,,,,,,,,,,,1.26,1,0.26,,,,,,"6.16",,,,"24.1","62.75","13.16"
"94","8",,27.99,120.97,,,,,"temperate",,,"12","16",,,,,,,,,,,,,1.25,1,0.25,,,,,,"5.21",,,,"26.33","60.83","12.85"
"95","8",,27.99,120.97,,,,,"temperate",,,"16","20",,,,,,,,,,,,,1.23,0.95,0.28,,,,,,"5.54",,,,"30.38","55.96","13.66"
"96","8",,27.99,120.97,,,,,"temperate",,,"20","24",,,,,,,,,,,,,0.94,0.81,0.13,,,,,,"6.65",,,,"29.18","55.76","15.06"
"97","8",,27.99,120.97,,,,,"temperate",,,"24","28",,,,,,,,,,,,,1.15,0.99,0.16,,,,,,"5.04",,,,"26.2","60.1","13.7"
"98","8",,27.99,120.97,,,,,"temperate",,,"28","32",,,,,,,,,,,,,1.22,0.98,0.24,,,,,,"6",,,,"24.51","57.42","18.08"
"99","8",,27.99,120.97,,,,,"temperate",,,"32","36",,,,,,,,,,,,,1.03,0.86,0.17,,,,,,"4.82",,,,"19.41","55.05","25.54"
"100","8",,27.99,120.97,,,,,"temperate",,,"36","40",,,,,,,,,,,,,1.15,1,0.15,,,,,,"4.87",,,,"25.41","57.54","17.05"
"101","8",,27.99,120.97,,,,,"temperate",,,"40","44",,,,,,,,,,,,,1.22,0.93,0.29,,,,,,"5.27",,,,"25.37","60","14.63"
"102","8",,27.99,120.97,,,,,"temperate",,,"44","48",,,,,,,,,,,,,1.1,0.91,0.19,,,,,,"5.35",,,,"23.75","58.78","17.48"
"103","8",,27.99,120.97,,,,,"temperate",,,"48","52",,,,,,,,,,,,,1.16,0.96,0.2,,,,,,"6.31",,,,"31.59","59.88","8.53"
"104","8",,27.99,120.97,,,,,"temperate",,,"52","56",,,,,,,,,,,,,1.06,0.87,0.19,,,,,,"3.73",,,,"21.39","58.85","19.76"
"105","8",,27.99,120.97,,,,,"temperate",,,"56","60",,,,,,,,,,,,,0.81,0.63,0.18,,,,,,"4.61",,,,"17.76","62.12","20.12"
"106","8",,27.99,120.97,,,,,"temperate",,,"60","64",,,,,,,,,,,,,1.09,0.8,0.29,,,,,,"4.71",,,,"26.01","59.65","14.35"
"107","8",,27.99,120.97,,,,,"temperate",,,"64","68",,,,,,,,,,,,,1.13,0.9,0.23,,,,,,"5.12",,,,"30.65","59.56","9.79"
"108","8",,27.99,120.97,,,,,"temperate",,,"68","72",,,,,,,,,,,,,1.23,1.07,0.16,,,,,,"6.31",,,,"31.21","55.97","12.82"
"109","8",,27.99,120.97,,,,,"temperate",,,"72","76",,,,,,,,,,,,,1.15,1,0.15,,,,,,"6.6",,,,"36.47","58.52","5.01"
"110","8",,27.99,120.97,,,,,"temperate",,,"76","80",,,,,,,,,,,,,1.19,1.04,0.15,,,,,,"6.65",,,,"25.95","56.64","17.41"
"111","8",,27.99,120.97,,,,,"temperate",,,"80","84",,,,,,,,,,,,,1.3,0.99,0.31,,,,,,"7.01",,,,"32.46","61.28","6.26"
"112","8",,27.99,120.97,,,,,"temperate",,,"84","88",,,,,,,,,,,,,1.47,1.14,0.33,,,,,,"6.96",,,,"31.26","57.91","10.83"
"113","8",,27.99,120.97,,,,,"temperate",,,"88","92",,,,,,,,,,,,,1.39,1.16,0.23,,,,,,"7.11",,,,"32.81","57.98","9.21"
"114","8",,27.99,120.97,,,,,"temperate",,,"92","96",,,,,,,,,,,,,1.33,1.22,0.11,,,,,,"8",,,,"29.99","57.41","12.6"
"115","8",,26.6,119.63,,,19.85,1659.72,"temperate",,,"0","4",,,,,,,,,,,,,1.77,1.57,0.2,,,,,"8.56",,,,,"41.45","54.61","3.95"
"116","8",,26.6,119.63,,,19.85,1659.72,"temperate",,,"4","8",,,,,,,,,,,,,1.89,1.62,0.27,,,,,"8.59",,,,,"34.81","55.45","9.74"
"117","8",,26.6,119.63,,,19.85,1659.72,"temperate",,,"8","12",,,,,,,,,,,,,2.02,1.83,0.19,,,,,"8.82",,,,,"47.06","52.04","0.9"
"118","8",,26.6,119.63,,,19.85,1659.72,"temperate",,,"12","16",,,,,,,,,,,,,1.96,1.7,0.26,,,,,"7.76",,,,,"43.58","50.56","5.87"
"119","8",,26.6,119.63,,,19.85,1659.72,"temperate",,,"16","20",,,,,,,,,,,,,1.86,1.59,0.27,,,,,"8.46",,,,,"40.77","51.69","7.54"
"120","8",,26.6,119.63,,,19.85,1659.72,"temperate",,,"20","24",,,,,,,,,,,,,1.81,1.55,0.26,,,,,"7.76",,,,,"37.15","58.39","4.47"
"121","8",,26.6,119.63,,,19.85,1659.72,"temperate",,,"24","28",,,,,,,,,,,,,1.85,1.64,0.21,,,,,"8.59",,,,,"35.62","60.01","4.37"
"122","8",,26.6,119.63,,,19.85,1659.72,"temperate",,,"28","32",,,,,,,,,,,,,1.77,1.5,0.27,,,,,"8.29",,,,,"36.99","51.13","11.88"
"123","8",,26.6,119.63,,,19.85,1659.72,"temperate",,,"32","36",,,,,,,,,,,,,1.63,1.49,0.14,,,,,"7.68",,,,,"42.69","54.81","2.51"
"124","8",,26.6,119.63,,,19.85,1659.72,"temperate",,,"36","40",,,,,,,,,,,,,1.67,1.5,0.17,,,,,"7.67",,,,,"38.67","54.33","7"
"125","8",,26.6,119.63,,,19.85,1659.72,"temperate",,,"40","44",,,,,,,,,,,,,1.64,1.34,0.3,,,,,"7.85",,,,,"40.08","55.98","3.94"
"126","8",,26.6,119.63,,,19.85,1659.72,"temperate",,,"44","48",,,,,,,,,,,,,1.78,1.62,0.16,,,,,"7.66",,,,,"42.56","55.34","2.1"
"127","8",,26.6,119.63,,,19.85,1659.72,"temperate",,,"48","52",,,,,,,,,,,,,1.71,1.56,0.15,,,,,"7.86",,,,,"40.28","56.07","3.65"
"128","8",,26.6,119.63,,,19.85,1659.72,"temperate",,,"52","56",,,,,,,,,,,,,1.8,1.66,0.14,,,,,"7.47",,,,,"39.87","55.96","4.17"
"129","8",,26.6,119.63,,,19.85,1659.72,"temperate",,,"56","60",,,,,,,,,,,,,1.65,1.53,0.12,,,,,"8.19",,,,,"41.23","56.27","2.49"
"130","8",,26.6,119.63,,,19.85,1659.72,"temperate",,,"60","64",,,,,,,,,,,,,1.93,1.78,0.15,,,,,"7.64",,,,,"39.04","58.68","2.28"
"131","8",,26.6,119.63,,,19.85,1659.72,"temperate",,,"64","68",,,,,,,,,,,,,2,1.75,0.25,,,,,"7.37",,,,,"39.85","59.03","1.12"
"132","8",,26.6,119.63,,,19.85,1659.72,"temperate",,,"68","72",,,,,,,,,,,,,1.76,1.62,0.14,,,,,"7.61",,,,,"42.21","51.82","5.98"
"133","8",,26.6,119.63,,,19.85,1659.72,"temperate",,,"72","76",,,,,,,,,,,,,1.93,1.77,0.16,,,,,"7.34",,,,,"41.64","56.35","2.01"
"134","8",,26.6,119.63,,,19.85,1659.72,"temperate",,,"76","80",,,,,,,,,,,,,1.9,1.71,0.19,,,,,"7.42",,,,,"39.91","56.6","3.49"
"135","8",,26.6,119.63,,,19.85,1659.72,"temperate",,,"80","84",,,,,,,,,,,,,1.77,1.62,0.15,,,,,"7.29",,,,,"38.44","57.02","4.54"
"136","8",,26.6,119.63,,,19.85,1659.72,"temperate",,,"84","88",,,,,,,,,,,,,1.76,1.6,0.16,,,,,"7.6",,,,,"39.91","56.82","3.27"
"137","8",,26.6,119.63,,,19.85,1659.72,"temperate",,,"88","92",,,,,,,,,,,,,1.57,1.42,0.15,,,,,"7.87",,,,,"39.74","56.86","3.41"
"138","8",,26.6,119.63,,,19.85,1659.72,"temperate",,,"92","96",,,,,,,,,,,,,1.74,1.61,0.13,,,,,"7.51",,,,,"37.58","52.83","9.59"
"139","8",,26.6,119.63,,,19.85,1659.72,"temperate",,,"96","100",,,,,,,,,,,,,1.81,1.65,0.16,,,,,"7.35",,,,,"40.19","56.89","2.92"
"140","8",,26.1,119.64,,,,,"temperate",,,"0","5",,,,,,,,,,,,,1.598576,1.2109637,0.3876123,,,,,"7.06674",,,,,"17.258","50.521","32.222"
"141","8",,26.1,119.64,,,,,"temperate",,,"5","10",,,,,,,,,,,,,0.7184806,0.5886518,0.1298288,,,,,"4.6006064",,,,,"7.336","53.191","39.473"
"142","8",,26.1,119.64,,,,,"temperate",,,"10","15",,,,,,,,,,,,,0.6158151,0.5327484,0.0830667,,,,,"4.1670156",,,,,"7.779","50.332","41.889"
"143","8",,26.1,119.64,,,,,"temperate",,,"15","20",,,,,,,,,,,,,0.89669,0.8041147,0.0925753,,,,,"4.6673455",,,,,"7.539","50.022","42.439"
"144","8",,26.1,119.64,,,,,"temperate",,,"20","25",,,,,,,,,,,,,0.8303802,0.7504513,0.0799289,,,,,"3.4894674",,,,,"14.943","52.293","32.764"
"145","8",,26.1,119.64,,,,,"temperate",,,"25","30",,,,,,,,,,,,,0.7759097,0.6967546,0.0791551,,,,,"4.1791071",,,,,"8.068","47.358","44.573"
"146","8",,26.1,119.64,,,,,"temperate",,,"30","35",,,,,,,,,,,,,0.9394663,0.8391912,0.1002751,,,,,"3.8708072",,,,,"6.944","39.494","53.562"
"147","8",,26.1,119.64,,,,,"temperate",,,"35","40",,,,,,,,,,,,,0.8234018,0.725687,0.0977148,,,,,"3.4957479",,,,,"10.134","43.404","46.462"
"148","8",,26.1,119.64,,,,,"temperate",,,"40","45",,,,,,,,,,,,,1.0421148,0.9056243,0.1364905,,,,,"4.4218099",,,,,"10.211","43.013","46.776"
"149","8",,26.1,119.64,,,,,"temperate",,,"45","50",,,,,,,,,,,,,1.4310435,1.269767,0.1612765,,,,,"5.6908997",,,,,"14.388","42.221","43.39"
"150","8",,26.1,119.64,,,,,"temperate",,,"50","55",,,,,,,,,,,,,1.2719578,1.027098,0.2448598,,,,,"4.738558",,,,,"14.982","41.821","43.197"
"151","8",,26.1,119.64,,,,,"temperate",,,"55","60",,,,,,,,,,,,,0.3646026,0.3378374,0.0267652,,,,,"0.8251948",,,,,"6.841","17.569","75.59"
"152","8",,26.1,119.64,,,,,"temperate",,,"60","65",,,,,,,,,,,,,0.4940178,0.4597234,0.0342944,,,,,"1.4415078",,,,,"8.74","20.538","70.723"
"153","8",,26.1,119.64,,,,,"temperate",,,"65","70",,,,,,,,,,,,,0.5810113,0.5350798,0.0459315,,,,,"1.8636483",,,,,"10.973","25.276","63.752"
"154","8",,26.1,119.64,,,,,"temperate",,,"70","75",,,,,,,,,,,,,1.2684732,1.1938364,0.0746368,,,,,"5.2375473",,,,,"15.243","37.973","46.784"
"155","8",,26.1,119.64,,,,,"temperate",,,"75","80",,,,,,,,,,,,,1.5205538,1.4275463,0.0930075,,,,,"6.337253",,,,,"15.358","44.891","39.751"
"156","8",,26.1,119.64,,,,,"temperate",,,"80","85",,,,,,,,,,,,,2.1696249,1.994017,0.1756079,,,,,"9.4064251",,,,,"32.01","46.978","21.012"
"157","8",,26.1,119.64,,,,,"temperate",,,"85","90",,,,,,,,,,,,,2.5983323,2.3596281,0.2387042,,,,,"11.494635",,,,,"26.748","59.869","13.384"
"158","8",,26.1,119.64,,,,,"temperate",,,"90","95",,,,,,,,,,,,,2.4617849,2.2362644,0.2255205,,,,,"10.596228",,,,,"31.674","56.814","11.513"
"159","8",,26.1,119.64,,,,,"temperate",,,"95","100",,,,,,,,,,,,,2.268196,2.0675401,0.2006559,,,,,"10.055116",,,,,"28.207","61.119","10.674"
"160","6",,39.15,-86.517,,,12.18,1142.89,"temperate","AM+N",,"0-15",,,"Dystric Leptic Cambisols","forest",,,,"MAOM",,0.191,0.015,,,2.20144377661903,1.52644377661903,0.675,,,,,,,,,,,,
"161","6",,39.15,-86.517,,,12.18,1142.89,"temperate","AM+N",,"15-30",,,,,,,,"MAOM",,0.148,0.016,,,1.8466066950603,1.1266066950603,0.72,,,,,,,,,,,,
"162","6",,39.15,-86.517,,,12.18,1142.89,"temperate","AM+N",,"0-15",,,,,,,,"MAOM",,0.196,0.021,,,2.43942128726665,1.49442128726665,0.945,,,,,,,,,,,,
"163","6",,39.15,-86.517,,,12.18,1142.89,"temperate","AM+N",,"15-30",,,,,,,,"MAOM",,0.083,0.008,,,1.00430334753015,0.644303347530152,0.36,,,,,,,,,,,,
"164","6",,39.15,-86.517,,,12.18,1142.89,"temperate","AM+N",,"0-15",,,,,,,,"MAOM",,0.224,0.017,,,2.56276961350157,1.79776961350157,0.765,,,,,,,,,,,,
"165","6",,39.15,-86.517,,,12.18,1142.89,"temperate","AM+N",,"15-30",,,,,,,,"MAOM",,0.262,0.019,,,2.96909545038411,2.11409545038411,0.855,,,,,,,,,,,,
"166","6",,39.15,-86.517,,,12.18,1142.89,"temperate","AM+N",,"0-15",,,,,,,,"MAOM",,0.344,0.025,,,3.90007296103172,2.77507296103172,1.125,,,,,,,,,,,,
"167","6",,39.15,-86.517,,,12.18,1142.89,"temperate","AM+N",,"15-30",,,,,,,,"MAOM",,0.228,0.018,,,2.63093253194284,1.82093253194284,0.81,,,,,,,,,,,,
"168","6",,39.15,-86.517,,,12.18,1142.89,"temperate","AM+N",,"0-15",,,,,,,,"MAOM",,0.287,0.023,,,3.32274712414919,2.28774712414919,1.035,,,,,,,,,,,,
"169","6",,39.15,-86.517,,,12.18,1142.89,"temperate","AM+N",,"15-30",,,,,,,,"MAOM",,0.197,0.015,,,2.25544377661903,1.58044377661903,0.675,,,,,,,,,,,,
"170","6",,39.15,-86.517,,,12.18,1142.89,"temperate","AM+N",,"0-15",,,,,,,,"MAOM",,0.322,0.022,,,3.60558420570792,2.61558420570792,0.99,,,,,,,,,,,,
"171","6",,39.15,-86.517,,,12.18,1142.89,"temperate","AM+N",,"15-30",,,,,,,,"MAOM",,0.167,0.015,,,1.98544377661903,1.31044377661903,0.675,,,,,,,,,,,,
"172","6",,39.15,-86.517,,,12.18,1142.89,"temperate","AM-N",,"0-15",,,,,,,,"MAOM",,0.193,0.015,,,2.21944377661903,1.54444377661903,0.675,,,,,,,,,,,,
"173","6",,39.15,-86.517,,,12.18,1142.89,"temperate","AM-N",,"15-30",,,,,,,,"MAOM",,0.124,0.009,,,1.40546626597142,1.00046626597142,0.405,,,,,,,,,,,,
"174","6",,39.15,-86.517,,,12.18,1142.89,"temperate","AM-N",,"0-15",,,,,,,,"MAOM",,0.49,0.026,,,5.24623587947299,4.07623587947299,1.17,,,,,,,,,,,,
"175","6",,39.15,-86.517,,,12.18,1142.89,"temperate","AM-N",,"15-30",,,,,,,,"MAOM",,0.258,0.017,,,2.86876961350157,2.10376961350157,0.765,,,,,,,,,,,,
"176","6",,39.15,-86.517,,,12.18,1142.89,"temperate","AM-N",,"0-15",,,,,,,,"MAOM",,0.383,0.023,,,4.18674712414919,3.15174712414919,1.035,,,,,,,,,,,,
"177","6",,39.15,-86.517,,,12.18,1142.89,"temperate","AM-N",,"15-30",,,,,,,,"MAOM",,0.139,0.011,,,1.60479210285396,1.10979210285396,0.495,,,,,,,,,,,,
"178","6",,39.15,-86.517,,,12.18,1142.89,"temperate","AM-N",,"0-15",,,,,,,,"MAOM",,0.309,0.024,,,3.55291004259045,2.47291004259045,1.08,,,,,,,,,,,,
"179","6",,39.15,-86.517,,,12.18,1142.89,"temperate","AM-N",,"15-30",,,,,,,,"MAOM",,0.168,0.015,,,1.99444377661903,1.31944377661903,0.675,,,,,,,,,,,,
"180","6",,39.15,-86.517,,,12.18,1142.89,"temperate","AM-N",,"0-15",,,,,,,,"MAOM",,0.327,0.024,,,3.71491004259046,2.63491004259046,1.08,,,,,,,,,,,,
"181","6",,39.15,-86.517,,,12.18,1142.89,"temperate","AM-N",,"15-30",,,,,,,,"MAOM",,0.127,0.013,,,1.5611179397365,0.976117939736496,0.585,,,,,,,,,,,,
"182","6",,39.15,-86.517,,,12.18,1142.89,"temperate","AM-N",,"0-15",,,,,,,,"MAOM",,0.413,0.028,,,4.61756171635553,3.35756171635553,1.26,,,,,,,,,,,,
"183","6",,39.15,-86.517,,,12.18,1142.89,"temperate","AM-N",,"15-30",,,,,,,,"MAOM",,0.241,0.02,,,2.81225836882538,1.91225836882538,0.9,,,,,,,,,,,,
"184","6",,39.15,-86.517,,,12.18,1142.89,"temperate","ECM+N",,"0-15",,,,,,,,"MAOM",,0.24,0.016,,,2.6746066950603,1.9546066950603,0.72,,,,,,,,,,,,
"185","6",,39.15,-86.517,,,12.18,1142.89,"temperate","ECM+N",,"15-30",,,,,,,,"MAOM",,0.141,0.011,,,1.62279210285396,1.12779210285396,0.495,,,,,,,,,,,,
"186","6",,39.15,-86.517,,,12.18,1142.89,"temperate","ECM+N",,"0-15",,,,,,,,"MAOM",,0.15,0.01,,,1.67162918441269,1.22162918441269,0.45,,,,,,,,,,,,
"187","6",,39.15,-86.517,,,12.18,1142.89,"temperate","ECM+N",,"15-30",,,,,,,,"MAOM",,0.073,0.006,,,0.849977510647614,0.579977510647614,0.27,,,,,,,,,,,,
"188","6",,39.15,-86.517,,,12.18,1142.89,"temperate","ECM+N",,"0-15",,,,,,,,"MAOM",,0.307,0.019,,,3.37409545038411,2.51909545038411,0.855,,,,,,,,,,,,
"189","6",,39.15,-86.517,,,12.18,1142.89,"temperate","ECM+N",,"15-30",,,,,,,,"MAOM",,0.143,0.011,,,1.64079210285396,1.14579210285396,0.495,,,,,,,,,,,,
"190","6",,39.15,-86.517,,,12.18,1142.89,"temperate","ECM+N",,"0-15",,,,,,,,"MAOM",,0.239,0.019,,,2.76209545038411,1.90709545038411,0.855,,,,,,,,,,,,
"191","6",,39.15,-86.517,,,12.18,1142.89,"temperate","ECM+N",,"15-30",,,,,,,,"MAOM",,0.235,0.018,,,2.69393253194284,1.88393253194284,0.81,,,,,,,,,,,,
"192","6",,39.15,-86.517,,,12.18,1142.89,"temperate","ECM+N",,"0-15",,,,,,,,"MAOM",,0.227,0.017,,,2.58976961350157,1.82476961350157,0.765,,,,,,,,,,,,
"193","6",,39.15,-86.517,,,12.18,1142.89,"temperate","ECM+N",,"15-30",,,,,,,,"MAOM",,0.127,0.011,,,1.49679210285396,1.00179210285396,0.495,,,,,,,,,,,,
"194","6",,39.15,-86.517,,,12.18,1142.89,"temperate","ECM+N",,"15-30",,,,,,,,"MAOM",,0.102,0.009,,,1.20746626597142,0.802466265971421,0.405,,,,,,,,,,,,
"195","6",,39.15,-86.517,,,12.18,1142.89,"temperate","ECM-N",,"0-15",,,,,,,,"MAOM",,0.19,0.015,,,2.19244377661903,1.51744377661903,0.675,,,,,,,,,,,,
"196","6",,39.15,-86.517,,,12.18,1142.89,"temperate","ECM-N",,"15-30",,,,,,,,"MAOM",,0.083,0.006,,,0.939977510647614,0.669977510647614,0.27,,,,,,,,,,,,
"197","6",,39.15,-86.517,,,12.18,1142.89,"temperate","ECM-N",,"0-15",,,,,,,,"MAOM",,0.171,0.016,,,2.0536066950603,1.3336066950603,0.72,,,,,,,,,,,,
"198","6",,39.15,-86.517,,,12.18,1142.89,"temperate","ECM-N",,"15-30",,,,,,,,"MAOM",,0.122,0.015,,,1.58044377661903,0.905443776619034,0.675,,,,,,,,,,,,
"199","6",,39.15,-86.517,,,12.18,1142.89,"temperate","ECM-N",,"0-15",,,,,,,,"MAOM",,0.242,0.016,,,2.6926066950603,1.9726066950603,0.72,,,,,,,,,,,,
"200","6",,39.15,-86.517,,,12.18,1142.89,"temperate","ECM-N",,"0-15",,,,,,,,"MAOM",,0.176,0.016,,,2.0986066950603,1.3786066950603,0.72,,,,,,,,,,,,
"201","6",,39.15,-86.517,,,12.18,1142.89,"temperate","ECM-N",,"15-30",,,,,,,,"MAOM",,0.087,0.01,,,1.10462918441269,0.65462918441269,0.45,,,,,,,,,,,,
"202","6",,39.15,-86.517,,,12.18,1142.89,"temperate","ECM-N",,"0-15",,,,,,,,"MAOM",,0.247,0.02,,,2.86625836882538,1.96625836882538,0.9,,,,,,,,,,,,
"203","6",,39.15,-86.517,,,12.18,1142.89,"temperate","ECM-N",,"15-30",,,,,,,,"MAOM",,0.078,0.006,,,0.894977510647614,0.624977510647614,0.27,,,,,,,,,,,,
"204","6",,39.15,-86.517,,,12.18,1142.89,"temperate","ECM-N",,"0-15",,,,,,,,"MAOM",,0.169,0.017,,,2.06776961350157,1.30276961350157,0.765,,,,,,,,,,,,
"205","6",,39.15,-86.517,,,12.18,1142.89,"temperate","ECM-N",,"15-30",,,,,,,,"MAOM",,0.115,0.014,,,1.48528085817777,0.855280858177765,0.63,,,,,,,,,,,,
"206","6",,39.15,-86.517,,,12.18,1142.89,"temperate","AM-N",,"0-15",,,,,,,,"MAOM",,0.34,0.021,,,3.73542128726665,2.79042128726665,0.945,,,,,,,,,,,,
"207","6",,39.15,-86.517,,,12.18,1142.89,"temperate","AM-N",,"15-30",,,,,,,,"MAOM",,0.151,0.012,,,1.74495502129523,1.20495502129523,0.54,,,,,,,,,,,,
"208","6",,39.15,-86.517,,,12.18,1142.89,"temperate","ECM-N",,"0-15",,,,,,,,"MAOM",,0.248,0.016,,,2.7466066950603,2.0266066950603,0.72,,,,,,,,,,,,
"209","6",,39.15,-86.517,,,12.18,1142.89,"temperate","ECM-N",,"0-15",,,,,,,,"MAOM",,0.256,0.017,,,2.85076961350157,2.08576961350157,0.765,,,,,,,,,,,,
"210","6",,39.15,-86.517,,,12.18,1142.89,"temperate","AM+N",,"0-15",,,,,,,,"POM",,4.381,0.132,,,43.6745052342475,37.7345052342475,5.94,,,,,,,,,,,,
"211","6",,39.15,-86.517,,,12.18,1142.89,"temperate","AM+N",,"15-30",,,,,,,,"POM",,4.346,0.131,,,43.3273423158062,37.4323423158062,5.895,,,,,,,,,,,,
"212","6",,39.15,-86.517,,,12.18,1142.89,"temperate","AM+N",,"0-15",,,,,,,,"POM",,4.859,0.145,,,48.394623173984,41.869623173984,6.525,,,,,,,,,,,,
"213","6",,39.15,-86.517,,,12.18,1142.89,"temperate","AM+N",,"15-30",,,,,,,,"POM",,6.215,0.192,,,62.1102803407236,53.4702803407236,8.64,,,,,,,,,,,,
"214","6",,39.15,-86.517,,,12.18,1142.89,"temperate","AM+N",,"0-15",,,,,,,,"POM",,5.49,0.197,,,55.74609493293,46.88109493293,8.865,,,,,,,,,,,,
"215","6",,39.15,-86.517,,,12.18,1142.89,"temperate","AM+N",,"15-30",,,,,,,,"POM",,4.444,0.153,,,44.9169265215141,38.0319265215141,6.885,,,,,,,,,,,,
"216","6",,39.15,-86.517,,,12.18,1142.89,"temperate","AM+N",,"0-15",,,,,,,,"POM",,4.721,0.137,,,46.8953198264538,40.7303198264539,6.165,,,,,,,,,,,,
"217","6",,39.15,-86.517,,,12.18,1142.89,"temperate","AM+N",,"15-30",,,,,,,,"POM",,6.673,0.201,,,66.5217466066951,57.4767466066951,9.045,,,,,,,,,,,,
"218","6",,39.15,-86.517,,,12.18,1142.89,"temperate","AM+N",,"0-15",,,,,,,,"POM",,5.918,0.247,,,61.2062408549934,50.0912408549934,11.115,,,,,,,,,,,,
"219","6",,39.15,-86.517,,,12.18,1142.89,"temperate","AM+N",,"15-30",,,,,,,,"POM",,7.894,0.269,,,79.6978250607014,67.5928250607014,12.105,,,,,,,,,,,,
"220","6",,39.15,-86.517,,,12.18,1142.89,"temperate","AM+N",,"0-15",,,,,,,,"POM",,6.3085,0.2405,,,64.5116818851252,53.6891818851252,10.8225,,,,,,,,,,,,
"221","6",,39.15,-86.517,,,12.18,1142.89,"temperate","AM+N",,"15-30",,,,,,,,"POM",,3.983,0.136,,,40.2211569080126,34.1011569080126,6.12,,,,,,,,,,,,
"222","6",,39.15,-86.517,,,12.18,1142.89,"temperate","AM-N",,"0-15",,,,,,,,"POM",,6.195,0.2255,,,63.0077381085062,52.8602381085062,10.1475,,,,,,,,,,,,
"223","6",,39.15,-86.517,,,12.18,1142.89,"temperate","AM-N",,"15-30",,,,,,,,"POM",,7.339,0.198,,,72.4192578513713,63.5092578513713,8.91,,,,,,,,,,,,
"224","6",,39.15,-86.517,,,12.18,1142.89,"temperate","AM-N",,"0-15",,,,,,,,"POM",,5.5665,0.2125,,,56.9331201687696,47.3706201687696,9.5625,,,,,,,,,,,,
"225","6",,39.15,-86.517,,,12.18,1142.89,"temperate","AM-N",,"15-30",,,,,,,,"POM",,4.055,0.117,,,40.2580614576285,34.9930614576285,5.265,,,,,,,,,,,,
"226","6",,39.15,-86.517,,,12.18,1142.89,"temperate","AM-N",,"0-15",,,,,,,,"POM",,5.9005,0.186,,,59.086802830076,50.716802830076,8.37,,,,,,,,,,,,
"227","6",,39.15,-86.517,,,12.18,1142.89,"temperate","AM-N",,"15-30",,,,,,,,"POM",,0.58,0.2065,,,11.861642658122,2.56914265812204,9.2925,,,,,,,,,,,,
"228","6",,39.15,-86.517,,,12.18,1142.89,"temperate","AM-N",,"0-15",,,,,,,,"POM",,4.363,0.129,,,43.4160164789237,37.6110164789237,5.805,,,,,,,,,,,,
"229","6",,39.15,-86.517,,,12.18,1142.89,"temperate","AM-N",,"15-30",,,,,,,,"POM",,4.114,0.146,,,41.7217860924253,35.1517860924253,6.57,,,,,,,,,,,,
"230","6",,39.15,-86.517,,,12.18,1142.89,"temperate","AM-N",,"0-15",,,,,,,,"POM",,4.752,0.163,,,48.0105557059268,40.6755557059268,7.335,,,,,,,,,,,,
"231","6",,39.15,-86.517,,,12.18,1142.89,"temperate","AM-N",,"15-30",,,,,,,,"POM",,5.464,0.172,,,54.7080219718983,46.9680219718983,7.74,,,,,,,,,,,,
"232","6",,39.15,-86.517,,,12.18,1142.89,"temperate","AM-N",,"0-15",,,,,,,,"POM",,6.907,0.2255,,,69.4157381085062,59.2682381085062,10.1475,,,,,,,,,,,,
"233","6",,39.15,-86.517,,,12.18,1142.89,"temperate","AM-N",,"15-30",,,,,,,,"POM",,4.748,0.167,,,48.1032073796919,40.5882073796919,7.515,,,,,,,,,,,,
"234","6",,39.15,-86.517,,,12.18,1142.89,"temperate","ECM+N",,"0-15",,,,,,,,"POM",,7.859,0.329,,,81.3126001671775,66.5076001671775,14.805,,,,,,,,,,,,
"235","6",,39.15,-86.517,,,12.18,1142.89,"temperate","ECM+N",,"15-30",,,,,,,,"POM",,0.421,0.203,,,10.3180724435776,1.1830724435776,9.135,,,,,,,,,,,,
"236","6",,39.15,-86.517,,,12.18,1142.89,"temperate","ECM+N",,"0-15",,,,,,,,"POM",,6.2975,0.2505,,,64.7343110695379,53.4618110695379,11.2725,,,,,,,,,,,,
"237","6",,39.15,-86.517,,,12.18,1142.89,"temperate","ECM+N",,"15-30",,,,,,,,"POM",,5.081,0.184,,,51.6469769931935,43.3669769931935,8.28,,,,,,,,,,,,
"238","6",,39.15,-86.517,,,12.18,1142.89,"temperate","ECM+N",,"0-15",,,,,,,,"POM",,6.179,0.281,,,64.6487800819966,52.0037800819966,12.645,,,,,,,,,,,,
"239","6",,39.15,-86.517,,,12.18,1142.89,"temperate","ECM+N",,"15-30",,,,,,,,"POM",,4.6965,0.207,,,48.9262241173427,39.6112241173427,9.315,,,,,,,,,,,,
"240","6",,39.15,-86.517,,,12.18,1142.89,"temperate","ECM+N",,"0-15",,,,,,,,"POM",,6.295,0.304,,,66.4325272061458,52.7525272061458,13.68,,,,,,,,,,,,
"241","6",,39.15,-86.517,,,12.18,1142.89,"temperate","ECM+N",,"15-30",,,,,,,,"POM",,6.311,0.332,,,67.4770889225013,52.5370889225013,14.94,,,,,,,,,,,,
"242","6",,39.15,-86.517,,,12.18,1142.89,"temperate","ECM+N",,"0-15",,,,,,,,"POM",,6.18,0.266,,,64.1753363053775,52.2053363053775,11.97,,,,,,,,,,,,
"243","6",,39.15,-86.517,,,12.18,1142.89,"temperate","ECM+N",,"15-30",,,,,,,,"POM",,5.329,0.192,,,54.1362803407236,45.4962803407236,8.64,,,,,,,,,,,,
"244","6",,39.15,-86.517,,,12.18,1142.89,"temperate","ECM+N",,"0-15",,,,,,,,"POM",,6.9,0.211,,,68.8863757911078,59.3913757911078,9.495,,,,,,,,,,,,
"245","6",,39.15,-86.517,,,12.18,1142.89,"temperate","ECM+N",,"15-30",,,,,,,,"POM",,4.771,0.155,,,47.9242523583967,40.9492523583967,6.975,,,,,,,,,,,,
"246","6",,39.15,-86.517,,,12.18,1142.89,"temperate","ECM-N",,"0-15",,,,,,,,"POM",,7.1535,0.3005,,,74.0464569916013,60.5239569916013,13.5225,,,,,,,,,,,,
"247","6",,39.15,-86.517,,,12.18,1142.89,"temperate","ECM-N",,"15-30",,,,,,,,"POM",,3.4115,0.176,,,36.3641736456633,28.4441736456633,7.92,,,,,,,,,,,,
"248","6",,39.15,-86.517,,,12.18,1142.89,"temperate","ECM-N",,"0-15",,,,,,,,"POM",,5.489,0.28,,,58.4066171635553,45.8066171635553,12.6,,,,,,,,,,,,
"249","6",,39.15,-86.517,,,12.18,1142.89,"temperate","ECM-N",,"15-30",,,,,,,,"POM",,0.728,0.267,,,15.1394992238188,3.12449922381881,12.015,,,,,,,,,,,,
"250","6",,39.15,-86.517,,,12.18,1142.89,"temperate","ECM-N",,"15-30",,,,,,,,"POM",,5.973,0.2125,,,60.5916201687697,51.0291201687697,9.5625,,,,,,,,,,,,
"251","6",,39.15,-86.517,,,12.18,1142.89,"temperate","ECM-N",,"0-15",,,,,,,,"POM",,7.096,0.3115,,,73.8827490944553,59.8652490944553,14.0175,,,,,,,,,,,,
"252","6",,39.15,-86.517,,,12.18,1142.89,"temperate","ECM-N",,"15-30",,,,,,,,"POM",,0.933,0.198,,,14.7652578513713,5.85525785137125,8.91,,,,,,,,,,,,
"253","6",,39.15,-86.517,,,12.18,1142.89,"temperate","ECM-N",,"0-15",,,,,,,,"POM",,0.676,0.254,,,14.2533812840823,2.82338128408232,11.43,,,,,,,,,,,,
"254","6",,39.15,-86.517,,,12.18,1142.89,"temperate","ECM-N",,"15-30",,,,,,,,"POM",,0.787,0.1965,,,13.4030134737094,4.56051347370935,8.8425,,,,,,,,,,,,
"255","6",,39.15,-86.517,,,12.18,1142.89,"temperate","ECM-N",,"0-15",,,,,,,,"POM",,5.271,0.296,,,56.9592238586156,43.6392238586156,13.32,,,,,,,,,,,,
"256","6",,39.15,-86.517,,,12.18,1142.89,"temperate","ECM-N",,"15-30",,,,,,,,"POM",,0.717,0.204,,,13.0142353620189,3.83423536201887,9.18,,,,,,,,,,,,
"257","6",,39.15,-86.517,,,12.18,1142.89,"temperate","AM-N",,"0-15",,,,,,,,"POM",,5.482,0.193,,,55.5454432591649,46.8604432591649,8.685,,,,,,,,,,,,
"258","6",,39.15,-86.517,,,12.18,1142.89,"temperate","AM-N",,"15-30",,,,,,,,"POM",,0.651,0.1865,,,11.8573842892967,3.46488428929666,8.3925,,,,,,,,,,,,
"259","6",,39.15,-86.517,,,12.18,1142.89,"temperate","ECM-N",,"0-15",,,,,,,,"POM",,6.225,0.25,,,64.0657296103172,52.8157296103172,11.25,,,,,,,,,,,,
"260","6",,39.15,-86.517,,,12.18,1142.89,"temperate","ECM-N",,"0-15",,,,,,,,"POM",,8.198,0.349,,,85.0068585360029,69.3018585360029,15.705,,,,,,,,,,,,
"261","6",,39.15,-86.517,,,12.18,1142.89,"temperate","AM+",,"0-15",,,,,,,,"MAOM",,0.19,0.02,,,2.35325836882538,1.45325836882538,0.9,,,,,,,,,,,,
"262","6",,39.15,-86.517,,,12.18,1142.89,"temperate","AM+",,"15-30",,,,,,,,"MAOM",,0.15,0.02,,,1.99325836882538,1.09325836882538,0.9,,,,,,,,,,,,
"263","6",,39.15,-86.517,,,12.18,1142.89,"temperate","AM+",,"0-15",,,,,,,,"MAOM",,0.2,0.02,,,2.44325836882538,1.54325836882538,0.9,,,,,,,,,,,,
"264","6",,39.15,-86.517,,,12.18,1142.89,"temperate","AM+",,"15-30",,,,,,,,"MAOM",,0.08,0.01,,,1.04162918441269,0.59162918441269,0.45,,,,,,,,,,,,
"265","6",,39.15,-86.517,,,12.18,1142.89,"temperate","AM+",,"0-15",,,,,,,,"MAOM",,0.22,0.02,,,2.62325836882538,1.72325836882538,0.9,,,,,,,,,,,,
"266","6",,39.15,-86.517,,,12.18,1142.89,"temperate","AM+",,"15-30",,,,,,,,"MAOM",,0.26,0.02,,,2.98325836882538,2.08325836882538,0.9,,,,,,,,,,,,
"267","6",,39.15,-86.517,,,12.18,1142.89,"temperate","AM+",,"0-15",,,,,,,,"MAOM",,0.34,0.02,,,3.70325836882538,2.80325836882538,0.9,,,,,,,,,,,,
"268","6",,39.15,-86.517,,,12.18,1142.89,"temperate","AM+",,"15-30",,,,,,,,"MAOM",,0.23,0.02,,,2.71325836882538,1.81325836882538,0.9,,,,,,,,,,,,
"269","6",,39.15,-86.517,,,12.18,1142.89,"temperate","AM+",,"0-15",,,,,,,,"MAOM",,0.29,0.02,,,3.25325836882538,2.35325836882538,0.9,,,,,,,,,,,,
"270","6",,39.15,-86.517,,,12.18,1142.89,"temperate","AM+",,"15-30",,,,,,,,"MAOM",,0.2,0.01,,,2.12162918441269,1.67162918441269,0.45,,,,,,,,,,,,
"271","6",,39.15,-86.517,,,12.18,1142.89,"temperate","AM+",,"0-15",,,,,,,,"MAOM",,0.32,0.02,,,3.52325836882538,2.62325836882538,0.9,,,,,,,,,,,,
"272","6",,39.15,-86.517,,,12.18,1142.89,"temperate","AM+",,"15-30",,,,,,,,"MAOM",,0.17,0.02,,,2.17325836882538,1.27325836882538,0.9,,,,,,,,,,,,
"273","6",,39.15,-86.517,,,12.18,1142.89,"temperate","AM-",,"0-15",,,,,,,,"MAOM",,0.19,0.02,,,2.35325836882538,1.45325836882538,0.9,,,,,,,,,,,,
"274","6",,39.15,-86.517,,,12.18,1142.89,"temperate","AM-",,"15-30",,,,,,,,"MAOM",,0.12,0.01,,,1.40162918441269,0.95162918441269,0.45,,,,,,,,,,,,
"275","6",,39.15,-86.517,,,12.18,1142.89,"temperate","AM-",,"0-15",,,,,,,,"MAOM",,0.49,0.03,,,5.37488755323807,4.02488755323807,1.35,,,,,,,,,,,,
"276","6",,39.15,-86.517,,,12.18,1142.89,"temperate","AM-",,"15-30",,,,,,,,"MAOM",,0.26,0.02,,,2.98325836882538,2.08325836882538,0.9,,,,,,,,,,,,
"277","6",,39.15,-86.517,,,12.18,1142.89,"temperate","AM-",,"0-15",,,,,,,,"MAOM",,0.38,0.02,,,4.06325836882538,3.16325836882538,0.9,,,,,,,,,,,,
"278","6",,39.15,-86.517,,,12.18,1142.89,"temperate","AM-",,"15-30",,,,,,,,"MAOM",,0.14,0.01,,,1.58162918441269,1.13162918441269,0.45,,,,,,,,,,,,
"279","6",,39.15,-86.517,,,12.18,1142.89,"temperate","AM-",,"0-15",,,,,,,,"MAOM",,0.31,0.02,,,3.43325836882538,2.53325836882538,0.9,,,,,,,,,,,,
"280","6",,39.15,-86.517,,,12.18,1142.89,"temperate","AM-",,"15-30",,,,,,,,"MAOM",,0.17,0.01,,,1.85162918441269,1.40162918441269,0.45,,,,,,,,,,,,
"281","6",,39.15,-86.517,,,12.18,1142.89,"temperate","AM-",,"0-15",,,,,,,,"MAOM",,0.33,0.02,,,3.61325836882538,2.71325836882538,0.9,,,,,,,,,,,,
"282","6",,39.15,-86.517,,,12.18,1142.89,"temperate","AM-",,"15-30",,,,,,,,"MAOM",,0.13,0.01,,,1.49162918441269,1.04162918441269,0.45,,,,,,,,,,,,
"283","6",,39.15,-86.517,,,12.18,1142.89,"temperate","AM-",,"0-15",,,,,,,,"MAOM",,0.41,0.03,,,4.65488755323807,3.30488755323807,1.35,,,,,,,,,,,,
"284","6",,39.15,-86.517,,,12.18,1142.89,"temperate","AM-",,"15-30",,,,,,,,"MAOM",,0.24,0.02,,,2.80325836882538,1.90325836882538,0.9,,,,,,,,,,,,
"285","6",,39.15,-86.517,,,12.18,1142.89,"temperate","ECM+",,"0-15",,,,,,,,"MAOM",,0.24,0.02,,,2.80325836882538,1.90325836882538,0.9,,,,,,,,,,,,
"286","6",,39.15,-86.517,,,12.18,1142.89,"temperate","ECM+",,"15-30",,,,,,,,"MAOM",,0.14,0.01,,,1.58162918441269,1.13162918441269,0.45,,,,,,,,,,,,
"287","6",,39.15,-86.517,,,12.18,1142.89,"temperate","ECM+",,"0-15",,,,,,,,"MAOM",,0.15,0.01,,,1.67162918441269,1.22162918441269,0.45,,,,,,,,,,,,
"288","6",,39.15,-86.517,,,12.18,1142.89,"temperate","ECM+",,"15-30",,,,,,,,"MAOM",,0.07,0.01,,,0.95162918441269,0.50162918441269,0.45,,,,,,,,,,,,
"289","6",,39.15,-86.517,,,12.18,1142.89,"temperate","ECM+",,"0-15",,,,,,,,"MAOM",,0.31,0.02,,,3.43325836882538,2.53325836882538,0.9,,,,,,,,,,,,
"290","6",,39.15,-86.517,,,12.18,1142.89,"temperate","ECM+",,"15-30",,,,,,,,"MAOM",,0.14,0.01,,,1.58162918441269,1.13162918441269,0.45,,,,,,,,,,,,
"291","6",,39.15,-86.517,,,12.18,1142.89,"temperate","ECM+",,"0-15",,,,,,,,"MAOM",,0.24,0.02,,,2.80325836882538,1.90325836882538,0.9,,,,,,,,,,,,
"292","6",,39.15,-86.517,,,12.18,1142.89,"temperate","ECM+",,"15-30",,,,,,,,"MAOM",,0.24,0.02,,,2.80325836882538,1.90325836882538,0.9,,,,,,,,,,,,
"293","6",,39.15,-86.517,,,12.18,1142.89,"temperate","ECM+",,"0-15",,,,,,,,"MAOM",,0.23,0.02,,,2.71325836882538,1.81325836882538,0.9,,,,,,,,,,,,
"294","6",,39.15,-86.517,,,12.18,1142.89,"temperate","ECM+",,"15-30",,,,,,,,"MAOM",,0.13,0.01,,,1.49162918441269,1.04162918441269,0.45,,,,,,,,,,,,
"295","6",,39.15,-86.517,,,12.18,1142.89,"temperate","ECM+",,"15-30",,,,,,,,"MAOM",,0.1,0.01,,,1.22162918441269,0.77162918441269,0.45,,,,,,,,,,,,
"296","6",,39.15,-86.517,,,12.18,1142.89,"temperate","ECM-",,"0-15",,,,,,,,"MAOM",,0.19,0.01,,,2.03162918441269,1.58162918441269,0.45,,,,,,,,,,,,
"297","6",,39.15,-86.517,,,12.18,1142.89,"temperate","ECM-",,"15-30",,,,,,,,"MAOM",,0.08,0.01,,,1.04162918441269,0.59162918441269,0.45,,,,,,,,,,,,
"298","6",,39.15,-86.517,,,12.18,1142.89,"temperate","ECM-",,"0-15",,,,,,,,"MAOM",,0.17,0.02,,,2.17325836882538,1.27325836882538,0.9,,,,,,,,,,,,
"299","6",,39.15,-86.517,,,12.18,1142.89,"temperate","ECM-",,"15-30",,,,,,,,"MAOM",,0.12,0.02,,,1.72325836882538,0.823258368825379,0.9,,,,,,,,,,,,
"300","6",,39.15,-86.517,,,12.18,1142.89,"temperate","ECM-",,"0-15",,,,,,,,"MAOM",,0.24,0.02,,,2.80325836882538,1.90325836882538,0.9,,,,,,,,,,,,
"301","6",,39.15,-86.517,,,12.18,1142.89,"temperate","ECM-",,"0-15",,,,,,,,"MAOM",,0.18,0.02,,,2.26325836882538,1.36325836882538,0.9,,,,,,,,,,,,
"302","6",,39.15,-86.517,,,12.18,1142.89,"temperate","ECM-",,"15-30",,,,,,,,"MAOM",,0.09,0.01,,,1.13162918441269,0.68162918441269,0.45,,,,,,,,,,,,
"303","6",,39.15,-86.517,,,12.18,1142.89,"temperate","ECM-",,"0-15",,,,,,,,"MAOM",,0.25,0.02,,,2.89325836882538,1.99325836882538,0.9,,,,,,,,,,,,
"304","6",,39.15,-86.517,,,12.18,1142.89,"temperate","ECM-",,"15-30",,,,,,,,"MAOM",,0.08,0.01,,,1.04162918441269,0.59162918441269,0.45,,,,,,,,,,,,
"305","6",,39.15,-86.517,,,12.18,1142.89,"temperate","ECM-",,"0-15",,,,,,,,"MAOM",,0.17,0.02,,,2.17325836882538,1.27325836882538,0.9,,,,,,,,,,,,
"306","6",,39.15,-86.517,,,12.18,1142.89,"temperate","ECM-",,"15-30",,,,,,,,"MAOM",,0.11,0.01,,,1.31162918441269,0.86162918441269,0.45,,,,,,,,,,,,
"307","6",,39.15,-86.517,,,12.18,1142.89,"temperate","AM-",,"0-15",,,,,,,,"MAOM",,0.34,0.02,,,3.70325836882538,2.80325836882538,0.9,,,,,,,,,,,,
"308","6",,39.15,-86.517,,,12.18,1142.89,"temperate","AM-",,"15-30",,,,,,,,"MAOM",,0.15,0.01,,,1.67162918441269,1.22162918441269,0.45,,,,,,,,,,,,
"309","6",,39.15,-86.517,,,12.18,1142.89,"temperate","ECM-",,"0-15",,,,,,,,"MAOM",,0.25,0.02,,,2.89325836882538,1.99325836882538,0.9,,,,,,,,,,,,
"310","6",,39.15,-86.517,,,12.18,1142.89,"temperate","ECM-",,"0-15",,,,,,,,"MAOM",,0.26,0.02,,,2.98325836882538,2.08325836882538,0.9,,,,,,,,,,,,
"311","6",,39.15,-86.517,,,12.18,1142.89,"temperate","AM+",,"0-15",,,,,,,,"POM",,4.38,0.13,,,43.601179397365,37.751179397365,5.85,,,,,,,,,,,,
"312","6",,39.15,-86.517,,,12.18,1142.89,"temperate","AM+",,"15-30",,,,,,,,"POM",,4.35,0.13,,,43.331179397365,37.481179397365,5.85,,,,,,,,,,,,
"313","6",,39.15,-86.517,,,12.18,1142.89,"temperate","AM+",,"0-15",,,,,,,,"POM",,4.86,0.14,,,48.2428085817777,41.9428085817777,6.3,,,,,,,,,,,,
"314","6",,39.15,-86.517,,,12.18,1142.89,"temperate","AM+",,"15-30",,,,,,,,"POM",,6.22,0.19,,,62.0909545038411,53.5409545038411,8.55,,,,,,,,,,,,
"315","6",,39.15,-86.517,,,12.18,1142.89,"temperate","AM+",,"0-15",,,,,,,,"POM",,5.49,0.2,,,55.8425836882538,46.8425836882538,9,,,,,,,,,,,,
"316","6",,39.15,-86.517,,,12.18,1142.89,"temperate","AM+",,"15-30",,,,,,,,"POM",,4.44,0.15,,,44.7844377661904,38.0344377661904,6.75,,,,,,,,,,,,
"317","6",,39.15,-86.517,,,12.18,1142.89,"temperate","AM+",,"0-15",,,,,,,,"POM",,4.72,0.14,,,46.9828085817776,40.6828085817776,6.3,,,,,,,,,,,,
"318","6",,39.15,-86.517,,,12.18,1142.89,"temperate","AM+",,"15-30",,,,,,,,"POM",,6.67,0.2,,,66.4625836882538,57.4625836882538,9,,,,,,,,,,,,
"319","6",,39.15,-86.517,,,12.18,1142.89,"temperate","AM+",,"0-15",,,,,,,,"POM",,5.92,0.25,,,61.3207296103172,50.0707296103172,11.25,,,,,,,,,,,,
"320","6",,39.15,-86.517,,,12.18,1142.89,"temperate","AM+",,"15-30",,,,,,,,"POM",,7.89,0.27,,,79.6939879791426,67.5439879791426,12.15,,,,,,,,,,,,
"321","6",,39.15,-86.517,,,12.18,1142.89,"temperate","AM+",,"0-15",,,,,,,,"POM",,6.31,0.24,,,64.5091004259045,53.7091004259045,10.8,,,,,,,,,,,,
"322","6",,39.15,-86.517,,,12.18,1142.89,"temperate","AM+",,"15-30",,,,,,,,"POM",,3.98,0.14,,,40.3228085817777,34.0228085817776,6.3,,,,,,,,,,,,
"323","6",,39.15,-86.517,,,12.18,1142.89,"temperate","AM-",,"0-15",,,,,,,,"POM",,6.2,0.23,,,63.1974712414919,52.8474712414919,10.35,,,,,,,,,,,,
"324","6",,39.15,-86.517,,,12.18,1142.89,"temperate","AM-",,"15-30",,,,,,,,"POM",,7.34,0.2,,,72.4925836882538,63.4925836882538,9,,,,,,,,,,,,
"325","6",,39.15,-86.517,,,12.18,1142.89,"temperate","AM-",,"0-15",,,,,,,,"POM",,5.57,0.21,,,56.8842128726665,47.4342128726665,9.45,,,,,,,,,,,,
"326","6",,39.15,-86.517,,,12.18,1142.89,"temperate","AM-",,"15-30",,,,,,,,"POM",,4.06,0.12,,,40.3995502129523,34.9995502129523,5.4,,,,,,,,,,,,
"327","6",,39.15,-86.517,,,12.18,1142.89,"temperate","AM-",,"0-15",,,,,,,,"POM",,5.9,0.19,,,59.2109545038411,50.6609545038411,8.55,,,,,,,,,,,,
"328","6",,39.15,-86.517,,,12.18,1142.89,"temperate","AM-",,"15-30",,,,,,,,"POM",,0.58,0.21,,,11.9742128726665,2.52421287266648,9.45,,,,,,,,,,,,
"329","6",,39.15,-86.517,,,12.18,1142.89,"temperate","AM-",,"0-15",,,,,,,,"POM",,4.36,0.13,,,43.421179397365,37.571179397365,5.85,,,,,,,,,,,,
"330","6",,39.15,-86.517,,,12.18,1142.89,"temperate","AM-",,"15-30",,,,,,,,"POM",,4.11,0.15,,,41.8144377661904,35.0644377661904,6.75,,,,,,,,,,,,
"331","6",,39.15,-86.517,,,12.18,1142.89,"temperate","AM-",,"0-15",,,,,,,,"POM",,4.75,0.16,,,47.896066950603,40.696066950603,7.2,,,,,,,,,,,,
"332","6",,39.15,-86.517,,,12.18,1142.89,"temperate","AM-",,"15-30",,,,,,,,"POM",,5.46,0.17,,,54.6076961350157,46.9576961350157,7.65,,,,,,,,,,,,
"333","6",,39.15,-86.517,,,12.18,1142.89,"temperate","AM-",,"0-15",,,,,,,,"POM",,6.91,0.23,,,69.5874712414919,59.2374712414919,10.35,,,,,,,,,,,,
"334","6",,39.15,-86.517,,,12.18,1142.89,"temperate","AM-",,"15-30",,,,,,,,"POM",,4.75,0.17,,,48.2176961350157,40.5676961350157,7.65,,,,,,,,,,,,
"335","6",,39.15,-86.517,,,12.18,1142.89,"temperate","ECM+",,"0-15",,,,,,,,"POM",,7.86,0.33,,,81.3537630856188,66.5037630856188,14.85,,,,,,,,,,,,
"336","6",,39.15,-86.517,,,12.18,1142.89,"temperate","ECM+",,"15-30",,,,,,,,"POM",,0.42,0.2,,,10.2125836882538,1.21258368825379,9,,,,,,,,,,,,
"337","6",,39.15,-86.517,,,12.18,1142.89,"temperate","ECM+",,"0-15",,,,,,,,"POM",,6.3,0.25,,,64.7407296103172,53.4907296103172,11.25,,,,,,,,,,,,
"338","6",,39.15,-86.517,,,12.18,1142.89,"temperate","ECM+",,"15-30",,,,,,,,"POM",,5.08,0.18,,,51.5093253194284,43.4093253194284,8.1,,,,,,,,,,,,
"339","6",,39.15,-86.517,,,12.18,1142.89,"temperate","ECM+",,"0-15",,,,,,,,"POM",,6.18,0.28,,,64.6256171635553,52.0256171635553,12.6,,,,,,,,,,,,
"340","6",,39.15,-86.517,,,12.18,1142.89,"temperate","ECM+",,"15-30",,,,,,,,"POM",,4.7,0.21,,,49.0542128726665,39.6042128726665,9.45,,,,,,,,,,,,
"341","6",,39.15,-86.517,,,12.18,1142.89,"temperate","ECM+",,"0-15",,,,,,,,"POM",,6.3,0.3,,,66.3488755323807,52.8488755323807,13.5,,,,,,,,,,,,
"342","6",,39.15,-86.517,,,12.18,1142.89,"temperate","ECM+",,"15-30",,,,,,,,"POM",,6.31,0.33,,,67.4037630856187,52.5537630856187,14.85,,,,,,,,,,,,
"343","6",,39.15,-86.517,,,12.18,1142.89,"temperate","ECM+",,"0-15",,,,,,,,"POM",,6.18,0.27,,,64.3039879791426,52.1539879791426,12.15,,,,,,,,,,,,
"344","6",,39.15,-86.517,,,12.18,1142.89,"temperate","ECM+",,"15-30",,,,,,,,"POM",,5.33,0.19,,,54.0809545038411,45.5309545038411,8.55,,,,,,,,,,,,
"345","6",,39.15,-86.517,,,12.18,1142.89,"temperate","ECM+",,"0-15",,,,,,,,"POM",,6.9,0.21,,,68.8542128726665,59.4042128726665,9.45,,,,,,,,,,,,
"346","6",,39.15,-86.517,,,12.18,1142.89,"temperate","ECM+",,"15-30",,,,,,,,"POM",,4.77,0.16,,,48.076066950603,40.876066950603,7.2,,,,,,,,,,,,
"347","6",,39.15,-86.517,,,12.18,1142.89,"temperate","ECM-",,"0-15",,,,,,,,"POM",,7.15,0.3,,,73.9988755323807,60.4988755323807,13.5,,,,,,,,,,,,
"348","6",,39.15,-86.517,,,12.18,1142.89,"temperate","ECM-",,"15-30",,,,,,,,"POM",,3.41,0.18,,,36.4793253194284,28.3793253194284,8.1,,,,,,,,,,,,
"349","6",,39.15,-86.517,,,12.18,1142.89,"temperate","ECM-",,"0-15",,,,,,,,"POM",,5.49,0.28,,,58.4156171635553,45.8156171635553,12.6,,,,,,,,,,,,
"350","6",,39.15,-86.517,,,12.18,1142.89,"temperate","ECM-",,"15-30",,,,,,,,"POM",,0.73,0.27,,,15.2539879791426,3.10398797914262,12.15,,,,,,,,,,,,
"351","6",,39.15,-86.517,,,12.18,1142.89,"temperate","ECM-",,"15-30",,,,,,,,"POM",,5.97,0.21,,,60.4842128726665,51.0342128726665,9.45,,,,,,,,,,,,
"352","6",,39.15,-86.517,,,12.18,1142.89,"temperate","ECM-",,"0-15",,,,,,,,"POM",,7.1,0.31,,,73.8705047167934,59.9205047167934,13.95,,,,,,,,,,,,
"353","6",,39.15,-86.517,,,12.18,1142.89,"temperate","ECM-",,"15-30",,,,,,,,"POM",,0.93,0.2,,,14.8025836882538,5.80258368825379,9,,,,,,,,,,,,
"354","6",,39.15,-86.517,,,12.18,1142.89,"temperate","ECM-",,"0-15",,,,,,,,"POM",,0.68,0.25,,,14.1607296103172,2.91072961031724,11.25,,,,,,,,,,,,
"355","6",,39.15,-86.517,,,12.18,1142.89,"temperate","ECM-",,"15-30",,,,,,,,"POM",,0.79,0.2,,,13.5425836882538,4.54258368825379,9,,,,,,,,,,,,
"356","6",,39.15,-86.517,,,12.18,1142.89,"temperate","ECM-",,"0-15",,,,,,,,"POM",,5.27,0.3,,,57.0788755323807,43.5788755323807,13.5,,,,,,,,,,,,
"357","6",,39.15,-86.517,,,12.18,1142.89,"temperate","ECM-",,"15-30",,,,,,,,"POM",,0.72,0.2,,,12.9125836882538,3.91258368825379,9,,,,,,,,,,,,
"358","6",,39.15,-86.517,,,12.18,1142.89,"temperate","AM-",,"0-15",,,,,,,,"POM",,5.48,0.19,,,55.4309545038411,46.8809545038411,8.55,,,,,,,,,,,,
"359","6",,39.15,-86.517,,,12.18,1142.89,"temperate","AM-",,"15-30",,,,,,,,"POM",,0.65,0.19,,,11.9609545038411,3.4109545038411,8.55,,,,,,,,,,,,
"360","6",,39.15,-86.517,,,12.18,1142.89,"temperate","ECM-",,"0-15",,,,,,,,"POM",,6.22,0.25,,,64.0207296103172,52.7707296103172,11.25,,,,,,,,,,,,
"361","6",,39.15,-86.517,,,12.18,1142.89,"temperate","ECM-",,"0-15",,,,,,,,"POM",,8.2,0.35,,,85.0570214544441,69.3070214544441,15.75,,,,,,,,,,,,
"362","3",,34.093,108.474,,,14.74,608.63,"temperate",,,"0","10",,,"shrubland",,,,,,,,,,9.1,5.3,3.8,,,"300","114","21.06591716",,"0.73","7.1",,"40.61","5.5","53.89"
"363","3",,34.095,109.274,,,13.01,616.94,"temperate",,,"0","10",,,"forestland",,,,,,,,,,5.9,3.4,2.5,,,"373","112","11.83294664",,"0.65","8.3",,"30.61","4.6","64.79"
"364","3",,34.891,104.477,,,3.78,585.53,"snow",,,"0","10",,,"grassland",,,,,,,,,,1.3,0.8,0.5,,,"291","105","3.886310905",,"0.52","7.4",,"39.88","4.2","55.92"
"365","3",,34.533,105.161,,,9.49,600.31,"snow",,,"0","10",,,"shrubland",,,,,,,,,,2.1,1.2,0.9,,,"312","104","5.684454756",,"0.82","6.3",,"39.77","5.3","54.93"
"366","3",,34.534,106.429,,,9.05,571.22,"snow",,,"0","10",,,"forestland",,,,,,,,,,3.3,1.9,1.4,,,"342","126","7.83062645",,"0.55","8.6",,"32.2","4.6","63.2"
"367","3",,35.718,109.427,,,11.15,607.49,"snow",,,"0","10",,,"forestland",,,,,,,,,,5,3.2,1.8,,,"371","121","10.20881671",,"0.78","8",,"34.53","5.2","60.27"
"368","3",,34.895,107.674,,,10.08,659.32,"snow",,,"0","10",,,"forestland",,,,,,,,,,4,2.5,1.5,,,"328","138","8.410672854",,"0.77","8.6",,"36.96","5.7","57.34"
"369","3",,34.885,108.473,,,10.78,588.51,"temperate",,,"0","10",,,"shrubland",,,,,,,,,,4.2,2.3,1.9,,,"317","93","12.55452436",,"0.63","7.1",,"30.3","5.9","63.8"
"370","3",,34.894,109.274,,,14.82,586.87,"temperate",,,"0","10",,,"shrubland",,,,,,,,,,7.5,3.9,3.6,,,"309","109","17.53364269",,"0.53","6.1",,"44.41","3","52.59"
"371","3",,34.893,110.074,,,14.32,713.84,"temperate",,,"0","10",,,"shrubland",,,,,,,,,,4.3,2.5,1.8,,,"290","102","13.62645012",,"0.89","6.2",,"45.01","4","50.99"
"372","3",,34.892,110.873,,,12.5,564.32,"temperate",,,"0","10",,,"shrubland",,,,,,,,,,5.9,3.2,2.7,,,"290","104","15.25058005",,"0.64","6",,"38.24","5.2","56.56"
"373","3",,34.894,111.672,,,12.94,581.04,"temperate",,,"0","10",,,"forestland",,,,,,,,,,2.5,1.6,0.9,,,"375","136","4.872389791",,"0.79","7.3",,"35.2","4.6","60.2"
"374","3",,34.893,112.473,,,14.18,628.22,"temperate",,,"0","10",,,"forestland",,,,,,,,,,3.7,2.3,1.4,,,"323","101","9.07424594",,"0.76","7.6",,"36.89","3.5","59.61"
"375","3",,34.892,113.272,,,14.25,638.27,"temperate",,,"0","10",,,"shrubland",,,,,,,,,,8.4,4.9,3.5,,,"257","100","20.92088143",,"0.6","6.7",,"29.71","4.6","65.69"
"376","3",,35.695,102.068,,,1.99,447.73,"snow",,,"0","10",,,"grassland",,,,,,,,,,1.5,0.9,0.6,,,"251","114","2.668213457",,"0.72","7.2",,"39.45","5.6","54.95"
"377","3",,35.694,102.875,,,3,480.93,"snow",,,"0","10",,,"grassland",,,,,,,,,,2.7,1.6,1.1,,,"250","94","5.046403712",,"0.6","8",,"34.93","3.1","61.97"
"378","3",,35.693,103.676,,,6.83,403.16,"snow",,,"0","10",,,"shrubland",,,,,,,,,,3.9,2.1,1.8,,,"301","120","8.990719258",,"0.68","7.5",,"38.39","4.8","56.81"
"379","3",,35.695,104.472,,,6.74,397.01,"arid",,,"0","10",,,"grassland",,,,,,,,,,2.6,1.5,1.1,,,"250","110","4.466357309",,"0.67","7.4",,"38.65","4.7","56.65"
"380","3",,35.695,105.277,,,5.98,456.2,"snow",,,"0","10",,,"shrubland",,,,,,,,,,2.7,1.5,1.2,,,"280","92","9.974950077",,"0.54","7.7",,"31.44","4.2","64.36"
"381","3",,35.696,106.069,,,5.82,497.73,"snow",,,"0","10",,,"forestland",,,,,,,,,,2.5,1.4,1.1,,,"290","126","7.424593968",,"0.58","7.8",,"29.77","5.5","64.73"
"382","3",,35.691,106.88,,,9.14,515.29,"snow",,,"0","10",,,"forestland",,,,,,,,,,1.3,0.8,0.5,,,"336","121","3.538283063",,"0.75","7.4",,"38.77","4.4","56.83"
"383","3",,35.692,107.677,,,9.76,563.95,"snow",,,"0","10",,,"forestland",,,,,,,,,,1.3,0.8,0.5,,,"303","100","2.42855763",,"0.67","8",,"35.02","5.5","59.48"
"384","3",,35.704,108.474,,,9.14,575.21,"snow",,,"0","10",,,"forestland",,,,,,,,,,1.5,0.9,0.6,,,"361","142","3.248259861",,"0.77","8.4",,"36.75","3.9","59.35"
"385","3",,35.691,109.281,,,11.15,607.49,"snow",,,"0","10",,,"forestland",,,,,,,,,,1.6,1.1,0.5,,,"343","131","2.726218097",,"0.69","7.3",,"34.55","5.6","59.85"
"386","3",,35.696,110.075,,,8.96,570.75,"snow",,,"0","10",,,"forestland",,,,,,,,,,2,1.2,0.8,,,"322","111","4.176334107",,"0.79","7.1",,"29.11","3.2","67.69"
"387","3",,35.686,110.868,,,10.84,543.32,"snow",,,"0","10",,,"grassland",,,,,,,,,,2.3,1.4,0.9,,,"298","112","4.872389791",,"0.8","7",,"38.56","4.5","56.94"
"388","3",,35.694,111.674,,,12.64,548.71,"snow",,,"0","10",,,"forestland",,,,,,,,,,4.9,2.8,2.1,,,"384","117","9.39675174",,"0.72","8",,"30.58","4.3","65.12"
"389","3",,35.695,112.476,,,9.76,583.26,"snow",,,"0","10",,,"forestland",,,,,,,,,,3.6,2.1,1.5,,,"299","141","6.26450116",,"0.79","8.3",,"29.2","5.1","65.7"
"390","3",,35.685,113.272,,,9.18,543.48,"snow",,,"0","10",,,"forestland",,,,,,,,,,4.6,2.8,1.8,,,"307","141","8.584686775",,"0.71","8.3",,"33.43","5.5","61.07"
"391","3",,36.499,101.28,,,-0.74,373.18,"snow",,,"0","10",,,"shrubland",,,,,,,,,,4.9,2.8,2.1,,,"327","97","15.4361949",,"0.66","8",,"45.52","5.9","48.58"
"392","3",,36.493,102.074,,,-1.16,403.06,"snow",,,"0","10",,,"shrubland",,,,,,,,,,3.8,2.1,1.7,,,"324","113","13.91415313",,"0.85","7.7",,"36.43","5.4","58.17"
"393","3",,36.494,102.878,,,6.36,405.03,"snow",,,"0","10",,,"cropland",,,,,,,,,,3.1,2.4,0.7,,,"229","68","7.192575406",,"0.43","9",,"30.21","5.8","63.99"
"394","3",,36.486,103.609,,,7.42,331.47,"arid",,,"0","10",,,"forestland",,,,,,,,,,2.4,1.3,1.1,,,"307","108","7.83062645",,"0.62","8.8",,"32.11","3.7","64.19"
"395","3",,36.485,104.486,,,5.63,309.1,"arid",,,"0","10",,,"shrubland",,,,,,,,,,3.2,1.8,1.4,,,"326","101","7.819519179",,"0.89","6.2",,"43.18","4","52.82"
"396","3",,36.496,105.274,,,6.08,333.26,"arid",,,"0","10",,,"cropland",,,,,,,,,,3.5,2.3,1.2,,,"217","65","6.206580151",,"0.4","7.7",,"29.87","4.3","65.83"
"397","3",,36.478,106.088,,,7.7,441.29,"snow",,,"0","10",,,"shrubland",,,,,,,,,,3.5,1.9,1.6,,,"294","108","10.9380179",,"0.87","7.6",,"31.8","4.5","63.7"
"398","3",,36.495,106.899,,,7.53,479.92,"snow",,,"0","10",,,"grassland",,,,,,,,,,4.7,2.6,2.1,,,"266","102","13.82488479",,"0.69","7.8",,"36.46","5.2","58.34"
"399","3",,36.502,107.675,,,8.28,469.85,"snow",,,"0","10",,,"shrubland",,,,,,,,,,4.4,2.3,2.1,,,"270","115","11.45842036",,"0.81","7.5",,"41.63","3.1","55.27"
"400","3",,36.489,108.479,,,8.64,545.47,"snow",,,"0","10",,,"forestland",,,,,,,,,,1.6,0.9,0.7,,,"365","118","3.944315545",,"0.6","9",,"31.45","5","63.55"
"401","3",,36.485,109.277,,,9.51,559.34,"snow",,,"0","10",,,"cropland",,,,,,,,,,2.6,1.7,0.9,,,"231","64","4.872389791",,"0.63","7.6",,"29.16","3.8","67.04"
"402","3",,36.494,110.074,,,11.44,543.21,"snow",,,"0","10",,,"forestland",,,,,,,,,,2,1.2,0.8,,,"369","146","5.916473318",,"0.57","7.9",,"31.42","6","62.58"
"403","3",,36.491,110.874,,,9.37,525.04,"snow",,,"0","10",,,"shrubland",,,,,,,,,,4.3,2.4,1.9,,,"326","99","8.674234311",,"0.59","6.2",,"41.26","3.8","54.94"
"404","3",,36.501,111.687,,,10.64,507.51,"arid",,,"0","10",,,"shrubland",,,,,,,,,,2.4,1.3,1.1,,,"284","101","5.493561448",,"0.79","7",,"42.72","3.4","53.88"
"405","3",,36.49,112.494,,,10.83,536.35,"snow",,,"0","10",,,"forestland",,,,,,,,,,5.6,3.1,2.5,,,"390","109","14.34674041",,"0.76","8.1",,"37.72","4.8","57.48"
"406","3",,36.493,113.272,,,11.8,555.27,"snow",,,"0","10",,,"cropland",,,,,,,,,,4.8,2.7,2.1,,,"223","68","9.955444166",,"0.61","7.9",,"34.13","5.1","60.77"
"407","3",,37.261,101.415,,,-2.09,505.18,"polar",,,"0","10",,,"grassland",,,,,,,,,,5.8,3.1,2.7,,,"278","103","12.9350348",,"0.6","6.9",,"39.43","4.3","56.27"
"408","3",,37.296,102.089,,,-3.6,428.73,"snow",,,"0","10",,,"grassland",,,,,,,,,,1.6,0.9,0.7,,,"270","106","4.234338747",,"0.77","6.2",,"38.7","3.6","57.7"
"409","3",,37.216,104.489,,,8.4,252.06,"arid",,,"0","10",,,"shrubland",,,,,,,,,,2.2,1.3,0.9,,,"293","115","6.561926898",,"0.58","7.2",,"44.06","5.4","50.54"
"410","3",,37.359,105.283,,,6.32,209.89,"arid",,,"0","10",,,"shrubland",,,,,,,,,,2.3,1.5,0.8,,,"321","103","6.67809663",,"0.83","7.7",,"37.35","5.8","56.85"
"411","3",,37.292,106.074,,,6.76,249.26,"arid",,,"0","10",,,"grassland",,,,,,,,,,6.6,3.9,2.7,,,"292","117","14.00520598",,"0.66","7.3",,"40.4","4.3","55.3"
"412","3",,37.292,106.875,,,7.89,313.72,"arid",,,"0","10",,,"forestland",,,,,,,,,,4.3,2.4,1.9,,,"353","126","8.692788936",,"0.66","8",,"37.83","3.9","58.27"
"413","3",,37.295,107.669,,,7.6,393.37,"arid",,,"0","10",,,"cropland",,,,,,,,,,2.4,1.6,0.8,,,"250","70","5.104408353",,"0.58","9.9",,"30.45","3.1","66.45"
"414","3",,37.297,108.479,,,7.67,461.91,"arid",,,"0","10",,,"shrubland",,,,,,,,,,1.9,0.9,1,,,"279","91","4.69837587",,"0.63","7.2",,"32.67","3.6","63.73"
"415","3",,37.294,109.273,,,8.32,512.02,"snow",,,"0","10",,,"cropland",,,,,,,,,,5.4,2.8,2.6,,,"242","69","8.990719258",,"0.79","8.6",,"31.03","4","64.97"
"416","3",,37.294,110.085,,,9.96,507.74,"arid",,,"0","10",,,"shrubland",,,,,,,,,,1.7,0.9,0.8,,,"281","95","5.162412993",,"0.9","6",,"43.53","5","51.47"
"417","3",,37.297,110.872,,,10.21,505.23,"snow",,,"0","10",,,"shrubland",,,,,,,,,,1.5,0.9,0.6,,,"322","95","6.13493841",,"0.68","6.2",,"32.23","5.1","62.67"
"418","3",,37.297,111.671,,,10.96,504.36,"arid",,,"0","10",,,"cropland",,,,,,,,,,3.7,2.1,1.6,,,"228","60","7.853216249",,"0.71","7.5",,"32.19","3.3","64.51"
"419","3",,37.289,112.474,,,11.62,524.78,"arid",,,"0","10",,,"forestland",,,,,,,,,,4.6,2.5,2.1,,,"385","145","10.67037697",,"0.59","9",,"36.81","5.2","57.99"
"420","3",,37.278,113.288,,,7.44,468.14,"snow",,,"0","10",,,"cropland",,,,,,,,,,5.6,3.2,2.4,,,"212","70","11.24183831",,"0.79","9.5",,"30.92","4.8","64.28"
"421","3",,38.091,106.078,,,9.54,220.62,"arid",,,"0","10",,,"cropland",,,,,,,,,,3.7,2.3,1.4,,,"216","70","6.771661622",,"0.44","8.1",,"34.3","5.7","60"
"422","3",,38.094,106.876,,,8.37,241.39,"arid",,,"0","10",,,"cropland",,,,,,,,,,1.6,0.9,0.7,,,"233","58","2.236089123",,"0.74","8.6",,"28.91","3.3","67.79"
"423","3",,38.074,107.064,,,7.61,286.94,"arid",,,"0","10",,,"shrubland",,,,,,,,,,4.3,2.5,1.8,,,"257","100","13.0974478",,"0.78","6.7",,"42.99","6","51.01"
"424","3",,38.093,108.473,,,8.14,344.77,"arid",,,"0","10",,,"forestland",,,,,,,,,,5.2,2.9,2.3,,,"370","145","11.54292343",,"0.66","7",,"37.44","5","57.56"
"425","3",,38.096,109.266,,,8.79,423.39,"arid",,,"0","10",,,"shrubland",,,,,,,,,,3.5,1.9,1.6,,,"330","96","8.758700696",,"0.55","7.9",,"38.7","3.7","57.6"
"426","3",,38.095,110.075,,,8.7,421.49,"snow",,,"0","10",,,"cropland",,,,,,,,,,2.1,1.5,0.6,,,"242","60","5.452436195",,"0.77","8.2",,"31.83","5.8","62.37"
"427","3",,38.115,110.882,,,8.9,467.7,"snow",,,"0","10",,,"forestland",,,,,,,,,,4.4,2.6,1.8,,,"312","118","7.359828142",,"0.57","8.4",,"37.29","3","59.71"
"428","3",,38.097,111.698,,,7.37,460.91,"snow",,,"0","10",,,"grassland",,,,,,,,,,3.5,2.1,1.4,,,"270","118","9.355465151",,"0.76","7.6",,"34.58","5.1","60.32"
"429","3",,38.096,112.476,,,5.51,443.41,"snow",,,"0","10",,,"forestland",,,,,,,,,,3.7,2.3,1.4,,,"324","127","7.914983118",,"0.71","8.3",,"35.87","3.6","60.53"
"430","3",,38.1,113.274,,,5.99,450.09,"snow",,,"0","10",,,"forestland",,,,,,,,,,5,2.9,2.1,,,"298","112","10.38792404",,"0.5","8",,"32.27","5.8","61.93"
"431","3",,38.875,106.179,,,9.38,186.72,"arid",,,"0","10",,,"grassland",,,,,,,,,,4.1,2.3,1.8,,,"302","103","10.50863209",,"0.85","7.8",,"36.36","3","60.64"
"432","3",,38.889,106.85,,,9.06,209.97,"arid",,,"0","10",,,"grassland",,,,,,,,,,2.9,1.6,1.3,,,"270","103","10.81874244",,"0.81","8",,"32.67","3.6","63.73"
"433","3",,38.902,107.67,,,7.86,277.72,"arid",,,"0","10",,,"grassland",,,,,,,,,,2.4,1.3,1.1,,,"291","116","7.192575406",,"0.85","6.6",,"33.1","5.9","61"
"434","3",,38.867,108.376,,,7.78,307.77,"arid",,,"0","10",,,"forestland",,,,,,,,,,4.2,2.3,1.9,,,"368","147","9.686774942",,"0.61","9",,"34.25","5.5","60.25"
"435","3",,38.882,109.314,,,8,398.02,"arid",,,"0","10",,,"forestland",,,,,,,,,,1.9,1.3,0.6,,,"300","112","4.002320186",,"0.56","7.4",,"38.3","4.8","56.9"
"436","3",,38.888,110.069,,,7.89,423.94,"arid",,,"0","10",,,"shrubland",,,,,,,,,,2.6,1.5,1.1,,,"296","103","5.275676616",,"0.81","7.9",,"32.08","5.7","62.22"
"437","3",,38.893,110.874,,,8.24,460.39,"snow",,,"0","10",,,"grassland",,,,,,,,,,1.2,0.7,0.5,,,"275","98","3.889514223",,"0.62","7.5",,"40.57","4","55.43"
"438","3",,38.885,111.664,,,4,457.11,"snow",,,"0","10",,,"grassland",,,,,,,,,,3.2,1.7,1.5,,,"274","112","10.35192628",,"0.78","7",,"37.27","3.9","58.83"
"439","3",,38.888,112.485,,,3.74,452.21,"snow",,,"0","10",,,"grassland",,,,,,,,,,2.8,1.5,1.3,,,"309","95","8.004640371",,"0.88","7.2",,"37.35","5.3","57.35"
"440","3",,38.87,113.281,,,6.29,578.27,"snow",,,"0","10",,,"cropland",,,,,,,,,,1.5,0.9,0.6,,,"220","70","2.68726275",,"0.68","7.2",,"34.83","3.6","61.57"
"441","3",,39.694,106.873,,,9.21,163.1,"arid",,,"0","10",,,"cropland",,,,,,,,,,3,1.9,1.1,,,"219","55","4.814385151",,"0.75","8.2",,"28.68","5","66.32"
"442","3",,39.705,107.683,,,7.01,227.43,"arid",,,"0","10",,,"shrubland",,,,,,,,,,1.2,0.7,0.5,,,"283","119","3.828306265",,"0.76","7.1",,"41.74","3.9","54.36"
"443","3",,39.694,108.475,,,7.01,264.19,"arid",,,"0","10",,,"cropland",,,,,,,,,,3.8,2.3,1.5,,,"221","60","7.366589327",,"0.45","9.4",,"29.37","4.9","65.73"
"444","3",,39.698,109.268,,,5.62,378,"arid",,,"0","10",,,"shrubland",,,,,,,,,,1.2,0.7,0.5,,,"253","103","2.54444",,"0.66","7.3",,"29.35","5.1","65.55"
"445","3",,39.687,110.07,,,6.41,397.36,"arid",,,"0","10",,,"grassland",,,,,,,,,,2.3,1.4,0.9,,,"283","116","7.274783626",,"0.53","6.3",,"40.1","3.5","56.4"
"446","3",,39.694,110.874,,,7.12,396.88,"arid",,,"0","10",,,"shrubland",,,,,,,,,,1,0.6,0.4,,,"317","103","3.16275615",,"0.89","6.2",,"43.04","4.5","52.46"
"447","3",,39.694,111.674,,,5.71,400.16,"snow",,,"0","10",,,"forestland",,,,,,,,,,2,1.5,0.5,,,"358","121","5.147032358",,"0.72","8.1",,"29.24","3.6","67.16"
"448","3",,39.692,112.476,,,5.01,418.89,"snow",,,"0","10",,,"grassland",,,,,,,,,,3.5,1.9,1.6,,,"302","97","12.0369488",,"0.81","7.8",,"38.15","3","58.85"
"449","3",,39.693,113.274,,,8.07,450.82,"snow",,,"0","10",,,"grassland",,,,,,,,,,1.2,0.7,0.5,,,"308","115","3.862849339",,"0.62","6",,"39.82","4.9","55.28"
"450","3",,39.689,114.075,,,9.66,398.04,"snow",,,"0","10",,,"grassland",,,,,,,,,,3.6,1.9,1.7,,,"259","106","9.324755814",,"0.74","7.5",,"36.22","4","59.78"
"451","3",,40.501,106.863,,,8.39,136.77,"arid",,,"0","10",,,"cropland",,,,,,,,,,3.9,2.8,1.1,,,"222","63","9.512761021",,"0.51","8.4",,"29.72","5.5","64.78"
"452","3",,40.511,107.356,,,8.44,143.43,"arid",,,"0","10",,,"cropland",,,,,,,,,,2.3,1.4,0.9,,,"212","56","5.336426914",,"0.5","9.1",,"34.78","4.5","60.72"
"453","3",,40.402,108.503,,,5.82,306.1,"arid",,,"0","10",,,"cropland",,,,,,,,,,1.9,1.1,0.8,,,"239","60","4.350348028",,"0.49","7.6",,"34.16","5.3","60.54"
"454","3",,40.49,109.277,,,5.82,361.64,"arid",,,"0","10",,,"grassland",,,,,,,,,,2.9,1.8,1.1,,,"274","100","6.612529002",,"0.73","6.5",,"37.23","4.2","58.57"
"455","3",,40.496,110.071,,,6.11,377.94,"arid",,,"0","10",,,"cropland",,,,,,,,,,3.5,2.1,1.4,,,"221","66","6.856338595",,"0.75","8.5",,"29.96","3.8","66.24"
"456","3",,40.489,111.871,,,5.87,359.03,"snow",,,"0","10",,,"cropland",,,,,,,,,,3.9,2.3,1.6,,,"229","55","7.12853433",,"0.72","7.4",,"31.01","5.4","63.59"
"457","3",,40.495,111.672,,,5.87,359.03,"snow",,,"0","10",,,"shrubland",,,,,,,,,,4.4,2.3,2.1,,,"255","106","11.73316779",,"0.87","7.8",,"29.46","4","66.54"
"458","3",,40.494,114.073,,,3.17,384.52,"snow",,,"0","10",,,"grassland",,,,,,,,,,2.1,1.3,0.8,,,"262","107","6.025346291",,"0.65","7",,"38.75","3.3","57.95"
"459","3","DOUBLE CHECK SITE METADATA FOR BOTTOM DEPTH",34.093,108.474,,,14.74,608.63,"temperate",,,"10","20",,,,,,,,,,,,,7.8,4.7,3.1,,,,,"16.88617342",,,,,,,
"460","3",,34.095,109.274,,,13.01,616.94,"temperate",,,"10","20",,,,,,,,,,,,,5.2,2.9,2.3,,,,,"8.468677494",,,,,,,
"461","3",,34.891,104.477,,,3.78,585.53,"snow",,,"10","20",,,,,,,,,,,,,0.8,0.6,0.2,,,,,"2.610208817",,,,,,,
"462","3",,34.533,105.161,,,9.49,600.31,"snow",,,"10","20",,,,,,,,,,,,,1.5,0.8,0.7,,,,,"4.176334107",,,,,,,
"463","3",,34.534,106.429,,,9.05,571.22,"snow",,,"10","20",,,,,,,,,,,,,2.7,1.6,1.1,,,,,"6.960556845",,,,,,,
"464","3",,35.718,109.427,,,11.15,607.49,"snow",,,"10","20",,,,,,,,,,,,,4.3,2.8,1.5,,,,,"7.598607889",,,,,,,
"465","3",,34.895,107.674,,,10.08,659.32,"snow",,,"10","20",,,,,,,,,,,,,3.5,2.1,1.4,,,,,"6.438515081",,,,,,,
"466","3",,34.885,108.473,,,10.78,588.51,"temperate",,,"10","20",,,,,,,,,,,,,3.7,2.1,1.6,,,,,"9.032482599",,,,,,,
"467","3",,34.894,109.274,,,14.82,586.87,"temperate",,,"10","20",,,,,,,,,,,,,6,3.1,2.9,,,,,"12.60324826",,,,,,,
"468","3",,34.893,110.074,,,14.32,713.84,"temperate",,,"10","20",,,,,,,,,,,,,3.7,2.1,1.6,,,,,"11.23433875",,,,,,,
"469","3",,34.892,110.873,,,12.5,564.32,"temperate",,,"10","20",,,,,,,,,,,,,4.9,2.6,2.3,,,,,"11.43851508",,,,,,,
"470","3",,34.894,111.672,,,12.94,581.04,"temperate",,,"10","20",,,,,,,,,,,,,2,1.3,0.7,,,,,"3.596287703",,,,,,,
"471","3",,34.893,112.473,,,14.18,628.22,"temperate",,,"10","20",,,,,,,,,,,,,3.3,2.1,1.2,,,,,"7.378190255",,,,,,,
"472","3",,34.892,113.272,,,14.25,638.27,"temperate",,,"10","20",,,,,,,,,,,,,7.3,4.2,3.1,,,,,"14.65561172",,,,,,,
"473","3",,35.695,102.068,,,1.99,447.73,"snow",,,"10","20",,,,,,,,,,,,,1.1,0.7,0.4,,,,,"1.914153132",,,,,,,
"474","3",,35.694,102.875,,,3,480.93,"snow",,,"10","20",,,,,,,,,,,,,2.2,1.3,0.9,,,,,"3.596287703",,,,,,,
"475","3",,35.693,103.676,,,6.83,403.16,"snow",,,"10","20",,,,,,,,,,,,,3.1,1.7,1.4,,,,,"8.236658933",,,,,,,
"476","3",,35.695,104.472,,,6.74,397.01,"arid",,,"10","20",,,,,,,,,,,,,2,1.2,0.8,,,,,"2.262180974",,,,,,,
"477","3",,35.695,105.277,,,5.98,456.2,"snow",,,"10","20",,,,,,,,,,,,,2,1.2,0.8,,,,,"6.50556094",,,,,,,
"478","3",,35.696,106.069,,,5.82,497.73,"snow",,,"10","20",,,,,,,,,,,,,2.1,1.2,0.9,,,,,"4.872389791",,,,,,,
"479","3",,35.691,106.88,,,9.14,515.29,"snow",,,"10","20",,,,,,,,,,,,,0.9,0.6,0.3,,,,,"2.552204176",,,,,,,
"480","3",,35.692,107.677,,,9.76,563.95,"snow",,,"10","20",,,,,,,,,,,,,0.8,0.5,0.3,,,,,"1.932059172",,,,,,,
"481","3",,35.704,108.474,,,9.14,575.21,"snow",,,"10","20",,,,,,,,,,,,,1,0.6,0.4,,,,,"2.494199536",,,,,,,
"482","3",,35.691,109.281,,,11.15,607.49,"snow",,,"10","20",,,,,,,,,,,,,1.2,0.9,0.3,,,,,"2.030162413",,,,,,,
"483","3",,35.696,110.075,,,8.96,570.75,"snow",,,"10","20",,,,,,,,,,,,,1.3,0.8,0.5,,,,,"2.610208817",,,,,,,
"484","3",,35.686,110.868,,,10.84,543.32,"snow",,,"10","20",,,,,,,,,,,,,1.7,1.1,0.6,,,,,"2.436194896",,,,,,,
"485","3",,35.694,111.674,,,12.64,548.71,"snow",,,"10","20",,,,,,,,,,,,,3.8,2.3,1.5,,,,,"8.410672854",,,,,,,
"486","3",,35.695,112.476,,,9.76,583.26,"snow",,,"10","20",,,,,,,,,,,,,3,1.9,1.1,,,,,"6.20649652",,,,,,,
"487","3",,35.685,113.272,,,9.18,543.48,"snow",,,"10","20",,,,,,,,,,,,,3.9,2.4,1.5,,,,,"6.148491879",,,,,,,
"488","3",,36.499,101.28,,,-0.74,373.18,"snow",,,"10","20",,,,,,,,,,,,,4.1,2.3,1.8,,,,,"13.56612529",,,,,,,
"489","3",,36.493,102.074,,,-1.16,403.06,"snow",,,"10","20",,,,,,,,,,,,,2.9,1.6,1.3,,,,,"11.79814385",,,,,,,
"490","3",,36.494,102.878,,,6.36,405.03,"snow",,,"10","20",,,,,,,,,,,,,2.6,2.1,0.5,,,,,"6.090487239",,,,,,,
"491","3",,36.486,103.609,,,7.42,331.47,"arid",,,"10","20",,,,,,,,,,,,,1.9,0.9,1,,,,,"6.032482599",,,,,,,
"492","3",,36.485,104.486,,,5.63,309.1,"arid",,,"10","20",,,,,,,,,,,,,2.4,1.2,1.2,,,,,"8.068851981",,,,,,,
"493","3",,36.496,105.274,,,6.08,333.26,"arid",,,"10","20",,,,,,,,,,,,,3,1.9,1.1,,,,,"5.971122639",,,,,,,
"494","3",,36.478,106.088,,,7.7,441.29,"snow",,,"10","20",,,,,,,,,,,,,2.4,1.3,1.1,,,,,"9.027593627",,,,,,,
"495","3",,36.495,106.899,,,7.53,479.92,"snow",,,"10","20",,,,,,,,,,,,,4,2.3,1.7,,,,,"16.01182343",,,,,,,
"496","3",,36.502,107.675,,,8.28,469.85,"snow",,,"10","20",,,,,,,,,,,,,3.6,1.8,1.8,,,,,"7.484493739",,,,,,,
"497","3",,36.489,108.479,,,8.64,545.47,"snow",,,"10","20",,,,,,,,,,,,,1.4,0.8,0.6,,,,,"3.538283063",,,,,,,
"498","3",,36.485,109.277,,,9.51,559.34,"snow",,,"10","20",,,,,,,,,,,,,2,1.3,0.7,,,,,"3.07424594",,,,,,,
"499","3",,36.494,110.074,,,11.44,543.21,"snow",,,"10","20",,,,,,,,,,,,,1.6,1.1,0.5,,,,,"5.626450116",,,,,,,
"500","3",,36.491,110.874,,,9.37,525.04,"snow",,,"10","20",,,,,,,,,,,,,2.9,1.7,1.2,,,,,"9.380081178",,,,,,,
"501","3",,36.501,111.687,,,10.64,507.51,"arid",,,"10","20",,,,,,,,,,,,,1.7,0.9,0.8,,,,,"4.924461741",,,,,,,
"502","3",,36.49,112.494,,,10.83,536.35,"snow",,,"10","20",,,,,,,,,,,,,4.6,2.5,2.1,,,,,"4.522328999",,,,,,,
"503","3",,36.493,113.272,,,11.8,555.27,"snow",,,"10","20",,,,,,,,,,,,,3.8,2.1,1.7,,,,,"8.998676429",,,,,,,
"504","3",,37.261,101.415,,,-2.09,505.18,"polar",,,"10","20",,,,,,,,,,,,,5,2.7,2.3,,,,,"8.932714617",,,,,,,
"505","3",,37.296,102.089,,,-3.6,428.73,"snow",,,"10","20",,,,,,,,,,,,,1.1,0.7,0.4,,,,,"2.436194896",,,,,,,
"506","3",,37.216,104.489,,,8.4,252.06,"arid",,,"10","20",,,,,,,,,,,,,1.4,0.8,0.6,,,,,"6.870133655",,,,,,,
"507","3",,37.359,105.283,,,6.32,209.89,"arid",,,"10","20",,,,,,,,,,,,,1.8,1.1,0.7,,,,,"3.672367237",,,,,,,
"508","3",,37.292,106.074,,,6.76,249.26,"arid",,,"10","20",,,,,,,,,,,,,5.9,3.5,2.4,,,,,"9.849626027",,,,,,,
"509","3",,37.292,106.875,,,7.89,313.72,"arid",,,"10","20",,,,,,,,,,,,,3.2,2.1,1.1,,,,,"13.76271139",,,,,,,
"510","3",,37.295,107.669,,,7.6,393.37,"arid",,,"10","20",,,,,,,,,,,,,1.8,1.3,0.5,,,,,"4.872389791",,,,,,,
"511","3",,37.297,108.479,,,7.67,461.91,"arid",,,"10","20",,,,,,,,,,,,,1.2,0.5,0.7,,,,,"3.596287703",,,,,,,
"512","3",,37.294,109.273,,,8.32,512.02,"snow",,,"10","20",,,,,,,,,,,,,4.2,2.1,2.1,,,,,"7.134570766",,,,,,,
"513","3",,37.294,110.085,,,9.96,507.74,"arid",,,"10","20",,,,,,,,,,,,,1.2,0.6,0.6,,,,,"4.060324826",,,,,,,
"514","3",,37.297,110.872,,,10.21,505.23,"snow",,,"10","20",,,,,,,,,,,,,0.8,0.4,0.4,,,,,"5.946030099",,,,,,,
"515","3",,37.297,111.671,,,10.96,504.36,"arid",,,"10","20",,,,,,,,,,,,,3,1.9,1.1,,,,,"5.001894657",,,,,,,
"516","3",,37.289,112.474,,,11.62,524.78,"arid",,,"10","20",,,,,,,,,,,,,3.8,2.1,1.7,,,,,"7.28907582",,,,,,,
"517","3",,37.278,113.288,,,7.44,468.14,"snow",,,"10","20",,,,,,,,,,,,,4.4,2.7,1.7,,,,,"11.26472094",,,,,,,
"518","3",,38.091,106.078,,,9.54,220.62,"arid",,,"10","20",,,,,,,,,,,,,3.2,2.1,1.1,,,,,"4.371887439",,,,,,,
"519","3",,38.094,106.876,,,8.37,241.39,"arid",,,"10","20",,,,,,,,,,,,,1.2,0.7,0.5,,,,,"3.494240039",,,,,,,
"520","3",,38.074,107.064,,,7.61,286.94,"arid",,,"10","20",,,,,,,,,,,,,3.1,1.8,1.3,,,,,"11.84478951",,,,,,,
"521","3",,38.093,108.473,,,8.14,344.77,"arid",,,"10","20",,,,,,,,,,,,,4.5,2.6,1.9,,,,,"9.454756381",,,,,,,
"522","3",,38.096,109.266,,,8.79,423.39,"arid",,,"10","20",,,,,,,,,,,,,2.5,1.2,1.3,,,,,"7.076566125",,,,,,,
"523","3",,38.095,110.075,,,8.7,421.49,"snow",,,"10","20",,,,,,,,,,,,,1.5,1.2,0.3,,,,,"4.466357309",,,,,,,
"524","3",,38.115,110.882,,,8.9,467.7,"snow",,,"10","20",,,,,,,,,,,,,3,1.9,1.1,,,,,"5.270629991",,,,,,,
"525","3",,38.097,111.698,,,7.37,460.91,"snow",,,"10","20",,,,,,,,,,,,,3,1.9,1.1,,,,,"10.76357078",,,,,,,
"526","3",,38.096,112.476,,,5.51,443.41,"snow",,,"10","20",,,,,,,,,,,,,2.9,1.8,1.1,,,,,"9.262767883",,,,,,,
"527","3",,38.1,113.274,,,5.99,450.09,"snow",,,"10","20",,,,,,,,,,,,,4.4,2.6,1.8,,,,,"13.07340585",,,,,,,
"528","3",,38.875,106.179,,,9.38,186.72,"arid",,,"10","20",,,,,,,,,,,,,3.7,2.1,1.6,,,,,"7.525469938",,,,,,,
"529","3",,38.889,106.85,,,9.06,209.97,"arid",,,"10","20",,,,,,,,,,,,,2.4,1.3,1.1,,,,,"8.724934946",,,,,,,
"530","3",,38.902,107.67,,,7.86,277.72,"arid",,,"10","20",,,,,,,,,,,,,2,1.1,0.9,,,,,"6.380510441",,,,,,,
"531","3",,38.867,108.376,,,7.78,307.77,"arid",,,"10","20",,,,,,,,,,,,,3.7,2.1,1.6,,,,,"7.714617169",,,,,,,
"532","3",,38.882,109.314,,,8,398.02,"arid",,,"10","20",,,,,,,,,,,,,1.4,1.1,0.3,,,,,"3.364269142",,,,,,,
"533","3",,38.888,110.069,,,7.89,423.94,"arid",,,"10","20",,,,,,,,,,,,,1.9,1.1,0.8,,,,,"5.025848268",,,,,,,
"534","3",,38.893,110.874,,,8.24,460.39,"snow",,,"10","20",,,,,,,,,,,,,0.6,0.4,0.2,,,,,"3.123455433",,,,,,,
"535","3",,38.885,111.664,,,4,457.11,"snow",,,"10","20",,,,,,,,,,,,,2.6,1.3,1.3,,,,,"9.51438625",,,,,,,
"536","3",,38.888,112.485,,,3.74,452.21,"snow",,,"10","20",,,,,,,,,,,,,2.2,1.1,1.1,,,,,"6.496519722",,,,,,,
"537","3",,38.87,113.281,,,6.29,578.27,"snow",,,"10","20",,,,,,,,,,,,,1,0.7,0.3,,,,,"2.911479267",,,,,,,
"538","3",,39.694,106.873,,,9.21,163.1,"arid",,,"10","20",,,,,,,,,,,,,2.5,1.6,0.9,,,,,"4.002320186",,,,,,,
"539","3",,39.705,107.683,,,7.01,227.43,"arid",,,"10","20",,,,,,,,,,,,,0.7,0.3,0.4,,,,,"2.784222738",,,,,,,
"540","3",,39.694,108.475,,,7.01,264.19,"arid",,,"10","20",,,,,,,,,,,,,3.2,1.9,1.3,,,,,"5.162412993",,,,,,,
"541","3",,39.698,109.268,,,5.62,378,"arid",,,"10","20",,,,,,,,,,,,,0.7,0.4,0.3,,,,,"12.94670693",,,,,,,
"542","3",,39.687,110.07,,,6.41,397.36,"arid",,,"10","20",,,,,,,,,,,,,1.9,1.2,0.7,,,,,"5.301768437",,,,,,,
"543","3",,39.694,110.874,,,7.12,396.88,"arid",,,"10","20",,,,,,,,,,,,,0.5,0.2,0.3,,,,,"3.464362341",,,,,,,
"544","3",,39.694,111.674,,,5.71,400.16,"snow",,,"10","20",,,,,,,,,,,,,1.5,1.2,0.3,,,,,"8.233114492",,,,,,,
"545","3",,39.692,112.476,,,5.01,418.89,"snow",,,"10","20",,,,,,,,,,,,,2.4,1.3,1.1,,,,,"8.359172847",,,,,,,
"546","3",,39.693,113.274,,,8.07,450.82,"snow",,,"10","20",,,,,,,,,,,,,0.8,0.5,0.3,,,,,"3.699836731",,,,,,,
"547","3",,39.689,114.075,,,9.66,398.04,"snow",,,"10","20",,,,,,,,,,,,,2.8,1.4,1.4,,,,,"11.83659489",,,,,,,
"548","3",,40.501,106.863,,,8.39,136.77,"arid",,,"10","20",,,,,,,,,,,,,3.1,2.3,0.8,,,,,"7.192575406",,,,,,,
"549","3",,40.511,107.356,,,8.44,143.43,"arid",,,"10","20",,,,,,,,,,,,,1.9,1.1,0.8,,,,,"3.944315545",,,,,,,
"550","3",,40.402,108.503,,,5.82,306.1,"arid",,,"10","20",,,,,,,,,,,,,1.5,0.9,0.6,,,,,"4.060324826",,,,,,,
"551","3",,40.49,109.277,,,5.82,361.64,"arid",,,"10","20",,,,,,,,,,,,,2.3,1.5,0.8,,,,,"5.916473318",,,,,,,
"552","3",,40.496,110.071,,,6.11,377.94,"arid",,,"10","20",,,,,,,,,,,,,3,1.8,1.2,,,,,"6.149499564",,,,,,,
"553","3",,40.489,111.871,,,5.87,359.03,"snow",,,"10","20",,,,,,,,,,,,,3.2,2.1,1.1,,,,,"6.945005249",,,,,,,
"554","3",,40.495,111.672,,,5.87,359.03,"snow",,,"10","20",,,,,,,,,,,,,3.6,1.8,1.8,,,,,"2.669384586",,,,,,,
"555","3",,40.494,114.073,,,3.17,384.52,"snow",,,"10","20",,,,,,,,,,,,,1.6,1.1,0.5,,,,,"6.227590111",,,,,,,
"556","4",,30.12,101.71,,"3831",-0.29,876.5,"snow",,"1","0","20",,,"alpine forest",,"Picea_likiangensis_var_balfouriana",2018,"rhizosphere",,0.77,0.06,,,8.85977510647614,6.15977510647614,2.7,,,"135.64",,,,"2.45","6.71",,,,
"557","4",,30.2,101.34,,"3992",0.85,810.37,"snow",,"2","0","20",,,"alpine forest",,"Abies_squamata",2018,"rhizosphere",,1.27,0.11,,,14.9679210285396,10.0179210285396,4.95,,,"263.36",,,,"4.57","5.55",,,,
"558","4",,30.12,101.4,,"3732",0.85,810.37,"snow",,"3","0","20",,,"alpine forest",,"Picea_likiangensis",2018,"rhizosphere",,1.4,0.08,,,15.1730334753015,11.5730334753015,3.6,,,"323.89",,,,"4.71","6.28",,,,
"559","4",,30.15,101.27,,"3038",0.85,810.37,"snow",,"4","0","20",,,"alpine forest",,"Pinus_densata",2018,"rhizosphere",,0.45,0.03,,,5.01488755323807,3.66488755323807,1.35,,,"124.82",,,,"2.03","5.69",,,,
"560","4",,30.1,100.95,,"3241",9.11,756.4,"polar",,"5","0","20",,,"alpine forest",,"Abies_ernestii",2018,"rhizosphere",,1.36,0.11,,,15.7779210285396,10.8279210285396,4.95,,,"416.07",,,,"5.86","6.67",,,,
"561","4",,29.98,100.48,,"3990",3.99,737.93,"polar",,"6","0","20",,,"alpine forest",,"Picea_likiangensis_var_balfouriana",2018,"rhizosphere",,0.94,0.08,,,11.0330334753015,7.43303347530152,3.6,,,"618.17",,,,"4.08","6.14",,,,
"562","4",,29.95,100.45,,"3905",3.99,737.93,"polar",,"7","0","20",,,"alpine forest",,"Abies_squamata",2018,"rhizosphere",,1.18,0.15,,,15.4444377661903,8.69443776619034,6.75,,,"968.88",,,,"5.63","6.71",,,,
"563","4",,28.83,100.29,,"3876",3.4,690.18,"polar",,"8","0","20",,,"alpine forest",,"Picea_likiangensis_var_linzhiensis",2018,"rhizosphere",,0.65,0.05,,,7.45814592206345,5.20814592206345,2.25,,,"161.78",,,,"3.26","5.38",,,,
"564","4",,30.34,99.57,,"3876",2.78,632.27,"polar",,"9","0","20",,,"alpine forest",,"Abies_squamata",2018,"rhizosphere",,0.64,0.09,,,8.65466265971421,4.60466265971421,4.05,,,"176.2",,,,"3.7","5.69",,,,
"565","4",,30.42,99.46,,"3324",9.74,561.31,"snow",,"10","0","20",,,"alpine forest",,"Abies_ernestii",2018,"rhizosphere",,2.11,0.13,,,23.171179397365,17.321179397365,5.85,,,"1006.77",,,,"8.25","7.71",,,,
"566","4",,30.31,100.31,,"4106",2.4,735.43,"polar",,"11","0","20",,,"alpine forest",,"Abies_squamata",2018,"rhizosphere",,2.14,0.14,,,23.7628085817777,17.4628085817777,6.3,,,"917.05",,,,"6.13","5.52",,,,
"567","4",,30.3,100.39,,"3753",2.4,735.43,"polar",,"12","0","20",,,"alpine forest",,"Picea_likiangensis_var_balfouriana",2018,"rhizosphere",,1.39,0.08,,,15.0830334753015,11.4830334753015,3.6,,,"340.89",,,,"6.14","5.91",,,,
"568","4",,31.65,100.73,,"3361",0.77,673.21,"polar",,"13","0","20",,,"alpine forest",,"Picea_likiangensis_var_balfouriana",2018,"rhizosphere",,1.74,0.1,,,18.8762918441269,14.3762918441269,4.5,,,"492.78",,,,"5.37","7.02",,,,
"569","4",,32.1,100.71,,"3476",-0.61,687.66,"polar",,"14","0","20",,,"alpine forest",,"Picea_likiangensis_var_balfouriana",2018,"rhizosphere",,1.19,0.08,,,13.2830334753015,9.68303347530152,3.6,,,"266.86",,,,"5","7.81",,,,
"570","4",,27.8,101.29,,"3252",5.62,1020.62,"temperate",,"15","0","20",,,"alpine forest",,"Picea_likiangensis_var_balfouriana",2018,"rhizosphere",,0.84,0.19,,,13.6709545038411,5.1209545038411,8.55,,,"290.25",,,,"5.7","6.59",,,,
"571","4",,28.12,101.23,,"3639",2.31,975.97,"temperate",,"16","0","20",,,"alpine forest",,"Abies_forrestii",2018,"rhizosphere",,1.74,0.09,,,18.5546626597142,14.5046626597142,4.05,,,"764.55",,,,"4.45","5.19",,,,
"572","4",,28.13,101.17,,"3562",2.31,975.97,"temperate",,"17","0","20",,,"alpine forest",,"Abies_forrestii",2018,"rhizosphere",,1.75,0.11,,,19.2879210285396,14.3379210285396,4.95,,,"301.82",,,,"5.8","5.07",,,,
"573","4",,28.13,101.16,,"3578",2.31,975.97,"temperate",,"18","0","20",,,"alpine forest",,"Picea_likiangensis_var_linzhiensis",2018,"rhizosphere",,1.62,0.12,,,18.4395502129523,13.0395502129523,5.4,,,"284.33",,,,"6.98","5.54",,,,
"574","4",,26.11,102.87,,"2691",14.38,879.61,"temperate",,"19","0","20",,,"alpine forest",,"Pinus_armandii",2018,"rhizosphere",,0.45,0.07,,,6.30140429088883,3.15140429088883,3.15,,,"237.62",,,,"3.61","5.11",,,,
"575","4",,25.09,101.52,,"2463",14.57,876.97,"temperate",,"20","0","20",,,"alpine forest",,"Pinus_armandii",2018,"rhizosphere",,0.78,0.1,,,10.2362918441269,5.7362918441269,4.5,,,"301.7",,,,"4.93","5.08",,,,
"576","4",,25.13,101.45,,"2426",16.49,925.15,"temperate",,"21","0","20",,,"alpine forest",,"Pinus_yunnanensis",2018,"rhizosphere",,0.82,0.08,,,9.95303347530152,6.35303347530152,3.6,,,"136.61",,,,"3.8","5.18",,,,
"577","4",,26.14,99.95,,"3052",8.76,1142.44,"temperate",,"22","0","20",,,"alpine forest",,"Pinus_armandii",2018,"rhizosphere",,1.33,0.14,,,16.4728085817777,10.1728085817777,6.3,,,"868.71",,,,"7.3","4.75",,,,
"578","4",,27.9,99.71,,"3499",6.89,869.37,"temperate",,"23","0","20",,,"alpine forest",,"Picea_likiangensis",2018,"rhizosphere",,1.22,0.07,,,13.2314042908888,10.0814042908888,3.15,,,"328.51",,,,"7.2","5.6",,,,
"579","4",,27.4,100.12,,"3136",13.54,943.97,"temperate",,"24","0","20",,,"alpine forest",,"Pinus_armandii",2018,"rhizosphere",,0.6,0.05,,,7.00814592206345,4.75814592206345,2.25,,,"193.39",,,,"3.73","5.4",,,,
"580","4",,28.39,99.17,,"4006",10.59,687.56,"temperate",,"25","0","20",,,"alpine forest",,"Picea_likiangensis",2018,"rhizosphere",,0.64,0.1,,,8.9762918441269,4.4762918441269,4.5,,,"249.83",,,,"5.66","4.93",,,,
"581","4",,29.31,98.73,,"4163",6.77,602.28,"snow",,"26","0","20",,,"alpine forest",,"Abies_squamata",2018,"rhizosphere",,0.64,0.05,,,7.36814592206345,5.11814592206345,2.25,,,"290.24",,,,"4.32","5.17",,,,
"582","4",,29.8,97.92,,"3854",5.58,584.22,"snow",,"27","0","20",,,"alpine forest",,"Picea_likiangensis_var_balfouriana",2018,"rhizosphere",,0.53,0.04,,,6.05651673765076,4.25651673765076,1.8,,,"242.84",,,,"2.07","6.15",,,,
"583","4",,29.81,94.81,,"3543",5.13,755.37,"snow",,"28","0","20",,,"alpine forest",,"Abies_squamata",2018,"rhizosphere",,0.82,0.1,,,10.5962918441269,6.0962918441269,4.5,,,"186.71",,,,"3.48","4.94",,,,
"584","4",,29.58,94.57,,"3307",5.13,755.37,"snow",,"29","0","20",,,"alpine forest",,"Picea_likiangensis_var_linzhiensis",2018,"rhizosphere",,0.87,0.06,,,9.75977510647614,7.05977510647614,2.7,,,"583.36",,,,"2.38","5.05",,,,
"585","4",,29.66,94.57,,"3648",5.13,755.37,"snow",,"30","0","20",,,"alpine forest",,"Abies_squamata",2018,"rhizosphere",,0.83,0.08,,,10.0430334753015,6.44303347530152,3.6,,,"140.61",,,,"3.23","5.38",,,,
"586","4",,29.93,95.73,,"3301",-1.8,912.06,"snow",,"31","0","20",,,"alpine forest",,"Abies_squamata",2018,"rhizosphere",,0.64,0.03,,,6.72488755323807,5.37488755323807,1.35,,,"302.61",,,,"2.56","5.34",,,,
"587","4",,29.93,95.79,,"3048",-1.8,912.06,"snow",,"32","0","20",,,"alpine forest",,"Picea_likiangensis_var_linzhiensis",2018,"rhizosphere",,0.96,0.2,,,15.0725836882538,6.07258368825379,9,,,"194.27",,,,"3.21","4.89",,,,
"588","4",,29.61,96.8,,"4084",3.06,778.65,"polar",,"33","0","20",,,"alpine forest",,"Picea_likiangensis_var_balfouriana",2018,"rhizosphere",,0.45,0.04,,,5.33651673765076,3.53651673765076,1.8,,,"279.8",,,,"4.04","6.57",,,,
"589","4",,30.92,96.64,,"4323",3.51,547.42,"polar",,"34","0","20",,,"alpine forest",,"Picea_likiangensis_var_balfouriana",2018,"rhizosphere",,0.79,0.08,,,9.68303347530152,6.08303347530152,3.6,,,"224.83",,,,"4.03","5.43",,,,
"590","4",,31.2,97.3,,"3372",4.14,502.08,"polar",,"35","0","20",,,"alpine forest",,"Picea_likiangensis_var_balfouriana",2018,"rhizosphere",,0.81,0.1,,,10.5062918441269,6.0062918441269,4.5,,,"233.04",,,,"3.51","5.88",,,,
"591","4",,31.61,96.44,,"3965",4.19,561.86,"polar",,"36","0","20",,,"alpine forest",,"Picea_likiangensis_var_balfouriana",2018,"rhizosphere",,0.64,0.06,,,7.68977510647614,4.98977510647614,2.7,,,"199.13",,,,"3.64","5.35",,,,
"592","4",,31.57,97.34,,"3470",3.7,524.56,"polar",,"37","0","20",,,"alpine forest",,"Picea_likiangensis_var_balfouriana",2018,"rhizosphere",,1.15,0.08,,,12.9230334753015,9.32303347530151,3.6,,,"210.98",,,,"4.15","5.51",,,,
"593","4",,31.98,98.97,,"4225",2,645.71,"polar",,"38","0","20",,,"alpine forest",,"Picea_likiangensis_var_balfouriana",2018,"rhizosphere",,0.63,0.09,,,8.5646626597142,4.51466265971421,4.05,,,"153.77",,,,"4.43","5.25",,,,
"594","4",,32.32,103.47,,"3719",7.35,787.97,"temperate",,"39","0","20",,,"alpine forest",,"Abies_faxoniana",2018,"rhizosphere",,0.92,0.08,,,10.8530334753015,7.25303347530152,3.6,,,"170.51",,,,"4.86","4.75",,,,
"595","4",,30.12,101.71,,"3831",-0.29,876.5,"snow",,"1","0","20",,,"alpine forest",,"Picea_likiangensis_var_balfouriana",2018,"bulk",,0.46,0.05,,,5.74814592206345,3.49814592206345,2.25,,,"72.28",,,,,,,,,
"596","4",,30.2,101.34,,"3992",0.85,810.37,"snow",,"2","0","20",,,"alpine forest",,"Abies_squamata",2018,"bulk",,0.78,0.07,,,9.27140429088883,6.12140429088883,3.15,,,"159.25",,,,,,,,,
"597","4",,30.12,101.4,,"3732",0.85,810.37,"snow",,"3","0","20",,,"alpine forest",,"Picea_likiangensis",2018,"bulk",,0.79,0.05,,,8.71814592206345,6.46814592206345,2.25,,,"155.76",,,,,,,,,
"598","4",,30.15,101.27,,"3038",0.85,810.37,"snow",,"4","0","20",,,"alpine forest",,"Pinus_densata",2018,"bulk",,0.36,0.02,,,3.88325836882538,2.98325836882538,0.9,,,"45.09",,,,,,,,,
"599","4",,30.1,100.95,,"3241",9.11,756.4,"polar",,"5","0","20",,,"alpine forest",,"Abies_ernestii",2018,"bulk",,0.86,0.07,,,9.99140429088883,6.84140429088883,3.15,,,"121.27",,,,,,,,,
"600","4",,29.98,100.48,,"3990",3.99,737.93,"polar",,"6","0","20",,,"alpine forest",,"Picea_likiangensis_var_balfouriana",2018,"bulk",,0.53,0.06,,,6.69977510647614,3.99977510647614,2.7,,,"117.12",,,,,,,,,
"601","4",,29.95,100.45,,"3905",3.99,737.93,"polar",,"7","0","20",,,"alpine forest",,"Abies_squamata",2018,"bulk",,0.74,0.06,,,8.58977510647614,5.88977510647614,2.7,,,"65.22",,,,,,,,,
"602","4",,28.83,100.29,,"3876",3.4,690.18,"polar",,"8","0","20",,,"alpine forest",,"Picea_likiangensis_var_linzhiensis",2018,"bulk",,0.47,0.05,,,5.83814592206345,3.58814592206345,2.25,,,"65.36",,,,,,,,,
"603","4",,30.34,99.57,,"3876",2.78,632.27,"polar",,"9","0","20",,,"alpine forest",,"Abies_squamata",2018,"bulk",,0.53,0.05,,,6.37814592206345,4.12814592206345,2.25,,,"141.35",,,,,,,,,
"604","4",,30.42,99.46,,"3324",9.74,561.31,"snow",,"10","0","20",,,"alpine forest",,"Abies_ernestii",2018,"bulk",,0.95,0.11,,,12.0879210285396,7.13792102853959,4.95,,,"201.76",,,,,,,,,
"605","4",,30.31,100.31,,"4106",2.4,735.43,"polar",,"11","0","20",,,"alpine forest",,"Abies_squamata",2018,"bulk",,1.24,0.13,,,15.341179397365,9.49117939736496,5.85,,,"211.38",,,,,,,,,
"606","4",,30.3,100.39,,"3753",2.4,735.43,"polar",,"12","0","20",,,"alpine forest",,"Picea_likiangensis_var_balfouriana",2018,"bulk",,0.88,0.07,,,10.1714042908888,7.02140429088883,3.15,,,"154.4",,,,,,,,,
"607","4",,31.65,100.73,,"3361",0.77,673.21,"polar",,"13","0","20",,,"alpine forest",,"Picea_likiangensis_var_balfouriana",2018,"bulk",,1.17,0.09,,,13.4246626597142,9.37466265971421,4.05,,,"196.72",,,,,,,,,
"608","4",,32.1,100.71,,"3476",-0.61,687.66,"polar",,"14","0","20",,,"alpine forest",,"Picea_likiangensis_var_balfouriana",2018,"bulk",,0.86,0.15,,,12.5644377661903,5.81443776619034,6.75,,,"141.58",,,,,,,,,
"609","4",,27.8,101.29,,"3252",5.62,1020.62,"temperate",,"15","0","20",,,"alpine forest",,"Picea_likiangensis_var_balfouriana",2018,"bulk",,0.66,0.15,,,10.7644377661903,4.01443776619034,6.75,,,"231.63",,,,,,,,,
"610","4",,28.12,101.23,,"3639",2.31,975.97,"temperate",,"16","0","20",,,"alpine forest",,"Abies_forrestii",2018,"bulk",,0.99,0.08,,,11.4830334753015,7.88303347530152,3.6,,,"162.14",,,,,,,,,
"611","4",,28.13,101.17,,"3562",2.31,975.97,"temperate",,"17","0","20",,,"alpine forest",,"Abies_forrestii",2018,"bulk",,0.96,0.11,,,12.1779210285396,7.22792102853959,4.95,,,"116.44",,,,,,,,,
"612","4",,28.13,101.16,,"3578",2.31,975.97,"temperate",,"18","0","20",,,"alpine forest",,"Picea_likiangensis_var_linzhiensis",2018,"bulk",,1.21,0.12,,,14.7495502129523,9.34955021295228,5.4,,,"73.62",,,,,,,,,
"613","4",,26.11,102.87,,"2691",14.38,879.61,"temperate",,"19","0","20",,,"alpine forest",,"Pinus_armandii",2018,"bulk",,0.35,0.06,,,5.07977510647614,2.37977510647614,2.7,,,"106.62",,,,,,,,,
"614","4",,25.09,101.52,,"2463",14.57,876.97,"temperate",,"20","0","20",,,"alpine forest",,"Pinus_armandii",2018,"bulk",,0.52,0.07,,,6.93140429088883,3.78140429088883,3.15,,,"70.06",,,,,,,,,
"615","4",,25.13,101.45,,"2426",16.49,925.15,"temperate",,"21","0","20",,,"alpine forest",,"Pinus_yunnanensis",2018,"bulk",,0.68,0.1,,,9.3362918441269,4.8362918441269,4.5,,,"82.02",,,,,,,,,
"616","4",,26.14,99.95,,"3052",8.76,1142.44,"temperate",,"22","0","20",,,"alpine forest",,"Pinus_armandii",2018,"bulk",,0.84,0.1,,,10.7762918441269,6.2762918441269,4.5,,,"156.36",,,,,,,,,
"617","4",,27.9,99.71,,"3499",6.89,869.37,"temperate",,"23","0","20",,,"alpine forest",,"Picea_likiangensis",2018,"bulk",,0.63,0.03,,,6.63488755323807,5.28488755323807,1.35,,,"105.05",,,,,,,,,
"618","4",,27.4,100.12,,"3136",13.54,943.97,"temperate",,"24","0","20",,,"alpine forest",,"Pinus_armandii",2018,"bulk",,0.45,0.03,,,5.01488755323807,3.66488755323807,1.35,,,"82.38",,,,,,,,,
"619","4",,28.39,99.17,,"4006",10.59,687.56,"temperate",,"25","0","20",,,"alpine forest",,"Picea_likiangensis",2018,"bulk",,0.48,0.06,,,6.24977510647614,3.54977510647614,2.7,,,"74.42",,,,,,,,,
"620","4",,29.31,98.73,,"4163",6.77,602.28,"snow",,"26","0","20",,,"alpine forest",,"Abies_squamata",2018,"bulk",,0.41,0.02,,,4.33325836882538,3.43325836882538,0.9,,,"60.4",,,,,,,,,
"621","4",,29.8,97.92,,"3854",5.58,584.22,"snow",,"27","0","20",,,"alpine forest",,"Picea_likiangensis_var_balfouriana",2018,"bulk",,0.28,0.05,,,4.12814592206345,1.87814592206345,2.25,,,"64.84",,,,,,,,,
"622","4",,29.81,94.81,,"3543",5.13,755.37,"snow",,"28","0","20",,,"alpine forest",,"Abies_squamata",2018,"bulk",,0.52,0.06,,,6.60977510647614,3.90977510647614,2.7,,,"124.14",,,,,,,,,
"623","4",,29.58,94.57,,"3307",5.13,755.37,"snow",,"29","0","20",,,"alpine forest",,"Picea_likiangensis_var_linzhiensis",2018,"bulk",,0.42,0.05,,,5.38814592206345,3.13814592206345,2.25,,,"145.74",,,,,,,,,
"624","4",,29.66,94.57,,"3648",5.13,755.37,"snow",,"30","0","20",,,"alpine forest",,"Abies_squamata",2018,"bulk",,0.56,0.06,,,6.96977510647614,4.26977510647614,2.7,,,"66.47",,,,,,,,,
"625","4",,29.93,95.73,,"3301",-1.8,912.06,"snow",,"31","0","20",,,"alpine forest",,"Abies_squamata",2018,"bulk",,0.38,0.02,,,4.06325836882538,3.16325836882538,0.9,,,"66.66",,,,,,,,,
"626","4",,29.93,95.79,,"3048",-1.8,912.06,"snow",,"32","0","20",,,"alpine forest",,"Picea_likiangensis_var_linzhiensis",2018,"bulk",,0.54,0.09,,,7.75466265971421,3.70466265971421,4.05,,,"84.21",,,,,,,,,
"627","4",,29.61,96.8,,"4084",3.06,778.65,"polar",,"33","0","20",,,"alpine forest",,"Picea_likiangensis_var_balfouriana",2018,"bulk",,0.23,0.03,,,3.03488755323807,1.68488755323807,1.35,,,"84.11",,,,,,,,,
"628","4",,30.92,96.64,,"4323",3.51,547.42,"polar",,"34","0","20",,,"alpine forest",,"Picea_likiangensis_var_balfouriana",2018,"bulk",,0.47,0.04,,,5.51651673765076,3.71651673765076,1.8,,,"43.41",,,,,,,,,
"629","4",,31.2,97.3,,"3372",4.14,502.08,"polar",,"35","0","20",,,"alpine forest",,"Picea_likiangensis_var_balfouriana",2018,"bulk",,0.55,0.06,,,6.87977510647614,4.17977510647614,2.7,,,"56.6",,,,,,,,,
"630","4",,31.61,96.44,,"3965",4.19,561.86,"polar",,"36","0","20",,,"alpine forest",,"Picea_likiangensis_var_balfouriana",2018,"bulk",,0.37,0.02,,,3.97325836882538,3.07325836882538,0.9,,,"40.11",,,,,,,,,
"631","4",,31.57,97.34,,"3470",3.7,524.56,"polar",,"37","0","20",,,"alpine forest",,"Picea_likiangensis_var_balfouriana",2018,"bulk",,0.77,0.04,,,8.21651673765076,6.41651673765076,1.8,,,"63.24",,,,,,,,,
"632","4",,31.98,98.97,,"4225",2,645.71,"polar",,"38","0","20",,,"alpine forest",,"Picea_likiangensis_var_balfouriana",2018,"bulk",,0.47,0.05,,,5.83814592206345,3.58814592206345,2.25,,,"78.33",,,,,,,,,
"633","4",,32.32,103.47,,"3719",7.35,787.97,"temperate",,"39","0","20",,,"alpine forest",,"Abies_faxoniana",2018,"bulk",,0.56,0.05,,,6.64814592206345,4.39814592206345,2.25,,,"111.67",,,,,,,,,
"634","5",,,,"35°03′–36°37′ N, 108°10′–109°18′ E",,,,,,,"0","20",,,"farmland",,,,,,294.4942554,11.46378507,114.9112064,17.73952778,3019.15708283465,2503.28675468465,515.87032815,,,"73.146","14.733",,,"1.18","7.5",,,,
"635","5",,,,"35°03′–36°37′ N, 108°10′–109°18′ E",,,,,,,"0","20",,,"farmland",,,,,,274.9549457,10.37943254,128.6711235,12.59104913,2808.42735355067,2341.35288925067,467.0744643,,,"55.083","27.2",,,"1.16","7.9",,,,
"636","5",,,,"35°03′–36°37′ N, 108°10′–109°18′ E",,,,,,,"0","20",,,"farmland",,,,,,264.9437885,11.05564662,143.9569867,14.06979416,2740.07595705455,2242.57185915455,497.5040979,,,"51.397","19.867",,,"1.12","7.7",,,,
"637","5",,,,"35°03′–36°37′ N, 108°10′–109°18′ E",,,,,,,"0","20",,,"grassland",,,,,,267.4513054,9.322295316,142.8438729,14.59659002,2706.89397253393,2287.39068331393,419.50328922,,,"69.198","16.067",,,"1.08","7.6",,,,
"638","5",,,,"35°03′–36°37′ N, 108°10′–109°18′ E",,,,,,,"0","20",,,"grassland",,,,,,451.0816,12.07593804,187.4123371,14.78547661,4448.13181028234,3904.71459848234,543.4172118,,,"205.755","51.956",,,"1.42","7.7",,,,
"639","5",,,,"35°03′–36°37′ N, 108°10′–109°18′ E",,,,,,,"0","20",,,"grassland",,,,,,340.2841175,13.61960974,130.0910737,14.0779497,3500.60345476953,2887.72101646953,612.8824383,,,"115.993","64.356",,,"1.29","7.4",,,,
"640","5",,,,"35°03′–36°37′ N, 108°10′–109°18′ E",,,,,,,"0","20",,,"grassland",,,,,,397.571214,12.43223281,170.2895813,12.91105333,3977.9978159109,3418.5473394609,559.45047645,,,"166.797","75.178",,,"1.11","7.5",,,,
"641","5",,,,"35°03′–36°37′ N, 108°10′–109°18′ E",,,,,,,"0","20",,,"shrubland",,,,,,504.2344435,13.41009455,252.6216478,27.45033007,4969.41776880136,4365.96351405136,603.45425475,,,"85.439","56.156",,,"1.35","7.3",,,,
"642","5",,,,"35°03′–36°37′ N, 108°10′–109°18′ E",,,,,,,"0","20",,,"shrubland",,,,,,534.9058437,18.50294722,197.1839788,24.06212665,5409.26137565996,4576.62875075996,832.6326249,,,"262.948","72.667",,,"1.59","7.4",,,,
"643","5",,,,"35°03′–36°37′ N, 108°10′–109°18′ E",,,,,,,"0","20",,,"shrubland",,,,,,775.0189842,23.8543821,303.1977946,35.50579385,7742.39740374917,6668.95020924917,1073.4471945,,,"339.426","90.4",,,"1.74","7.2",,,,
"644","5",,,,"35°03′–36°37′ N, 108°10′–109°18′ E",,,,,,,"0","20",,,"shrubland",,,,,,597.1715704,18.64577018,242.6605503,24.42962288,5974.24651917398,5135.18686107398,839.0596581,,,"229.457","77.244",,,"1.57","7.5",,,,
"645","5",,,,"35°03′–36°37′ N, 108°10′–109°18′ E",,,,,,,"0","20",,,"pioneer forest",,,,,,506.1423064,17.640999,176.5159653,25.63101779,5122.66676965951,4328.82181465951,793.844955,,,"177.9","84.133",,,"1.42","7.2",,,,
"646","5",,,,"35°03′–36°37′ N, 108°10′–109°18′ E",,,,,,,"0","20",,,"pioneer forest",,,,,,947.9283998,22.52369234,331.9316979,42.17692252,9255.78327792765,8242.21712262765,1013.5661553,,,"382.499","141",,,"1.64","7",,,,
"647","5",,,,"35°03′–36°37′ N, 108°10′–109°18′ E",,,,,,,"0","20",,,"pioneer forest",,,,,,1192.352848,38.24129808,509.8598923,63.13639213,11961.1273832353,10240.2689696353,1720.8584136,,,"411.354","152.178",,,"1.63","7.1",,,,
"648","5",,,,"35°03′–36°37′ N, 108°10′–109°18′ E",,,,,,,"0","20",,,"pioneer forest",,,,,,870.6620777,24.35548199,322.8831441,33.53758779,8619.30208014217,7523.30539059217,1095.99668955,,,"432.472","140.133",,,"1.72","7",,,,
"649","5",,,,"35°03′–36°37′ N, 108°10′–109°18′ E",,,,,,,"0","20",,,"mixed forest",,,,,,645.4406629,31.80157844,244.2652145,37.99827422,6831.79753976934,5400.72650996934,1431.0710298,,,"411.401","129.067",,,"1.66","7.4",,,,
"650","5",,,,"35°03′–36°37′ N, 108°10′–109°18′ E",,,,,,,"0","20",,,"mixed forest",,,,,,1453.312643,45.97112353,693.5026205,56.47818017,14558.3792837489,12489.6787248989,2068.70055885,,,"540.01","145.667",,,"3.03","7.2",,,,
"651","5",,,,"35°03′–36°37′ N, 108°10′–109°18′ E",,,,,,,"0","20",,,"mixed forest",,,,,,1600.261911,45.47950985,657.8355294,59.86385548,15865.1109650544,13818.5330218044,2046.57794325,,,"428.641","123.778",,,"3.24","7.4",,,,
"652","5",,,,"35°03′–36°37′ N, 108°10′–109°18′ E",,,,,,,"0","20",,,"mixed forest",,,,,,633.5259353,19.31538141,266.6811563,30.53548325,6322.97245465183,5453.78029120183,869.19216345,,,"230.453","73.2",,,"1.7","7.3",,,,
"653","5",,,,"35°03′–36°37′ N, 108°10′–109°18′ E",,,,,,,"0","20",,,"climax forest",,,,,,782.7907585,24.27431757,355.7731598,40.70640019,7825.84972272137,6733.50543207137,1092.34429065,,,"400.982","118.756",,,"1.6","7.1",,,,
"654","5",,,,"35°03′–36°37′ N, 108°10′–109°18′ E",,,,,,,"0","20",,,"climax forest",,,,,,1119.71331,34.86404211,329.549874,37.13727981,11198.7491329169,9629.8672379669,1568.88189495,,,"214.278","100.222",,,"1.88","7.2",,,,
"655","5",,,,"35°03′–36°37′ N, 108°10′–109°18′ E",,,,,,,"0","20",,,"climax forest",,,,,,1544.577223,41.61852369,385.9652939,42.893804,15239.7681900875,13366.9346240375,1872.83356605,,,"381.515","142.067",,,"2.39","7.1",,,,
"656","5",,,,"35°03′–36°37′ N, 108°10′–109°18′ E",,,,,,,"0","20",,,"climax forest",,,,,,805.7171894,22.90490248,286.7181024,30.63291192,7988.14321496946,6957.42260336946,1030.7206116,,,"358.768","107.4",,,"1.58","7.1",,,,
"657","5",,,,"35°03′–36°37′ N, 108°10′–109°18′ E",,,,,,,"0","20",,,,,,,,,986.1844037,22.90717702,298.1551184,31.68034743,9612.42129951397,8581.59833361397,1030.8229659,,,"392.523","123.422",,,"1.86","7.2",,,,
"658","7",,62.912,24.571,,,2.31,631.06,"snow",,"N fertilization",,,"Organic layer",,"forest",,"Pinus sylvestris",2021,"bulk",,,,,,,60.301,,,"41.838798",,,"325.2818","33.516","0.882","4.471",,,,
"659","7",,62.912,24.571,,,2.31,631.06,"snow",,"N fertilization",,,"Organic layer",,"forest",,"Pinus sylvestris",2021,"bulk",,,,,,,31.659,,,"22.93737634",,,"270.07","25.39278","0.66823105","4.324",,,,
"660","7",,62.912,24.571,,,2.31,631.06,"snow",,"N fertilization",,,"Organic layer",,"forest",,"Pinus sylvestris",2021,"bulk",,,,,,,48.251,,,"35.68249443",,,"331.162","31.76838","0.83601","4.299",,,,
"661","7",,62.912,24.571,,,2.31,631.06,"snow",,"N fertilization",,,"Organic layer",,"forest",,"Pinus sylvestris",2021,"bulk",,,,,,,38.123,,,"26.12621313",,,"306.277","33.86262","0.8642","4.321",,,,
"662","7",,62.912,24.571,,,2.31,631.06,"snow",,"N fertilization",,,"Organic layer",,"forest",,"Pinus sylvestris",2021,"bulk",,,,,,,35.128,,,"25.25639806",,,"307.276","28.32346","0.74535421","4.455",,,,
"663","7",,62.912,24.571,,,2.31,631.06,"snow",,"N fertilization",,,"Organic layer",,"forest",,"Pinus sylvestris",2021,"bulk",,,,,,,34.931,,,"23.90185695",,,"321.156","31.44328","0.82745474","4.612",,,,
"664","7",,62.912,24.571,,,2.31,631.06,"snow",,"Control",,,"Organic layer",,"forest",,"Pinus sylvestris",2021,"bulk",,,,,,,31.477,,,"26.21063302",,,"312.5201","28.3293","0.65","4.453",,,,
"665","7",,62.912,24.571,,,2.31,631.06,"snow",,"Control",,,"Organic layer",,"forest",,"Pinus sylvestris",2021,"bulk",,,,,,,32.666,,,"20.61122288",,,"261.3303","29.3994","0.635","4.409",,,,
"666","7",,62.912,24.571,,,2.31,631.06,"snow",,"Control",,,"Organic layer",,"forest",,"Pinus sylvestris",2021,"bulk",,,,,,,23.823,,,"15.05443733",,,"250.5503","27.432","0.712","4.39",,,,
"667","7",,62.912,24.571,,,2.31,631.06,"snow",,"Control",,,"Organic layer",,"forest",,"Pinus sylvestris",2021,"bulk",,,,,,,28.605,,,"22.33677198",,,"246.4965","25.7445","0.5","4.882",,,,
"668","7",,62.912,24.571,,,2.31,631.06,"snow",,"Control",,,"Organic layer",,"forest",,"Pinus sylvestris",2021,"bulk",,,,,,,28.556,,,"16.05254906",,,"161.9646","25.7004","0.592","4.762",,,,
"669","7",,62.912,24.571,,,2.31,631.06,"snow",,"Control",,,"Organic layer",,"forest",,"Pinus sylvestris",2021,"bulk",,,,,,,36.157,,,"24.20863367",,,"269.4517","24.321","0.621","4.321",,,,
"670","7",,62.912,24.571,,"0",2.31,631.06,"snow",,"N fertilization","20",,"Mineral layer",,"forest",,"Pinus sylvestris",2021,"bulk",,,,,,,2.816,,,"0.736766674",,,"16.65733349","2.543","0.09","3.854",,,,
"671","7",,62.912,24.571,,"0",2.31,631.06,"snow",,"N fertilization","20",,"Mineral layer",,"forest",,"Pinus sylvestris",2021,"bulk",,,,,,,5.606,,,"1.466733317",,,"33.16092718","2.657","0.09","3.954",,,,
"672","7",,62.912,24.571,,"0",2.31,631.06,"snow",,"N fertilization","20",,"Mineral layer",,"forest",,"Pinus sylvestris",2021,"bulk",,,,,,,6.765,,,"1.770081001",,,"40.01922263","2.984","0.1","3.901",,,,
"673","7",,62.912,24.571,,"0",2.31,631.06,"snow",,"N fertilization","20",,"Mineral layer",,"forest",,"Pinus sylvestris",2021,"bulk",,,,,,,9.754,,,"0.578814829",,,"17.83181087","2.44468375","0.1","3.525",,,,
"674","7",,62.912,24.571,,"0",2.31,631.06,"snow",,"N fertilization","20",,"Mineral layer",,"forest",,"Pinus sylvestris",2021,"bulk",,,,,,,8.234,,,"0.700610416",,,"21.58402276","2.4643","0.1","3.456",,,,
"675","7",,62.912,24.571,,"0",2.31,631.06,"snow",,"N fertilization","20",,"Mineral layer",,"forest",,"Pinus sylvestris",2021,"bulk",,,,,,,11.132,,,"1.001387357",,,"30.85019434","2.74","0.09","3.566",,,,
"676","7",,62.912,24.571,,"0",2.31,631.06,"snow",,"Control","20",,"Mineral layer",,"forest",,"Pinus sylvestris",2021,"bulk",,,,,,,0.234,,,"0.795479129",,,"24.21023435","2.34","0.08","3.606",,,,
"677","7",,62.912,24.571,,"0",2.31,631.06,"snow",,"Control","20",,"Mineral layer",,"forest",,"Pinus sylvestris",2021,"bulk",,,,,,,0.132,,,"1.125322051",,,"34.24893199","2.023","0.09","3.69",,,,
"678","7",,62.912,24.571,,"0",2.31,631.06,"snow",,"Control","20",,"Mineral layer",,"forest",,"Pinus sylvestris",2021,"bulk",,,,,,,0.111,,,"0.451994682",,,"13.7563599","2.543","0.08","3.521",,,,
"679","7",,62.912,24.571,,"0",2.31,631.06,"snow",,"Control","20",,"Mineral layer",,"forest",,"Pinus sylvestris",2021,"bulk",,,,,,,0.341,,,"1.232409671",,,"34.75242178","3.06","0.09","3.845",,,,
"680","7",,62.912,24.571,,"0",2.31,631.06,"snow",,"Control","20",,"Mineral layer",,"forest",,"Pinus sylvestris",2021,"bulk",,,,,,,0.256,,,"1.224793223",,,"34.5376474","2.846","0.08","3.799",,,,
"681","7",,62.912,24.571,,"0",2.31,631.06,"snow",,"Control","20",,"Mineral layer",,"forest",,"Pinus sylvestris",2021,"bulk",,,,,,,0.123,,,"0.822098759",,,"23.18216375","2.85","0.09","3.771",,,,
