SNDB_record_number,SNDB_study_number,notes,Latitude,Longitude,lat_lon_notes,elevation_m,MAT,MAP,ClimateTypes,biome_name,treatment,treatment_level,lyrtop_cm,lyrbot_cm,horizon,soil_type,ecosystem,wetland_type,plant_species,year_sampled,fraction_scheme,aggregate_size,gluN,murA,galN,manN,microbial_necromass_C,fungal_necromass_C,bacterial_necromass_C,bacterial_biomass_C,fungal_biomass_C,microbial_biomass_C,microbial_biomass_N,soc,soil_C,soil_N,pH,pH_method,clay,silt,sand
1,166,,52.1,-102.92,,512,0.11,466.98,snow,Boreal Forests/Taigas,,,0,10,,Argic Cryoborolls,grassland,,,,bulk soil,,1576,151,952,50,19040.60068,12245.60068,6795,,,,,,34.8,3.25,,,23.4,19.4,57.2
2,166,,51.6,-104.41,,580,1.66,410.73,snow,"Temperate Grasslands, Savannas & Shrublands",,,0,10,,Typic Cryoborolls,grassland,,,,bulk soil,,1278,118,822,46,15297.22438,9987.224376,5310,,,,,,26.4,2.5,,,18.8,19,62.2
3,166,,50.57,-106.27,,244,2.97,371.69,snow,"Temperate Grasslands, Savannas & Shrublands",,,0,10,,Typic Cryoborolls,grassland,,,,bulk soil,,1534,68,782,53,15993.07845,12933.07845,3060,,,,,,22.7,2.4,,,16.9,25,58.1
4,166,,47.42,-94.74,,233,4.41,647.61,snow,Temperate Broadleaf & Mixed Forests,,,0,10,,Typic Haoloborolls,grassland,,,,bulk soil,,1161,44,555,36,11864.16841,9884.168411,1980,,,,,,16,1.68,,,26.8,17.2,56
5,166,,47.28,-100.98,,197,5.08,420.65,snow,"Temperate Grasslands, Savannas & Shrublands",,,0,10,,Aridic Argiborolls,grassland,,,,bulk soil,,781,70,434,17,9280.404291,6130.404291,3150,,,,,,11.3,1.31,,,25.1,20.7,54.2
6,166,,48.65,-108.73,,688,3.83,335.79,arid,"Temperate Grasslands, Savannas & Shrublands",,,0,10,,Pachic Udic Haploborolls,grassland,,,,bulk soil,,1849,124,996,62,20629.20189,15049.20189,5580,,,,,,32.7,2.94,,,40.3,24.8,34.9
7,166,,45.01,-106.78,,33,6.73,348.22,arid,"Temperate Grasslands, Savannas & Shrublands",,,0,10,,Ustic Haplargids,grassland,,,,bulk soil,,883,84,451,30,10648.68515,6868.685149,3780,,,,,,14.1,1.43,,,38.2,32.8,29
8,166,,41.71,-104.37,,252,8.75,411.21,arid,"Temperate Grasslands, Savannas & Shrublands",,,0,10,,Aridic Paleustolls,grassland,,,,bulk soil,,576,19,264,13,5795.09545,4940.09545,855,,,,,,7.7,0.88,,,25.6,14.5,59.9
9,166,,41.29,-99.91,,154,9.44,578.96,snow,"Temperate Grasslands, Savannas & Shrublands",,,0,10,,Typic Argiudolls,grassland,,,,bulk soil,,1494,56,709,35,15247.12343,12727.12343,2520,,,,,,19.7,2.06,,,36.3,23.7,40
10,166,,41.52,-100.05,,28,9.28,559.23,snow,"Temperate Grasslands, Savannas & Shrublands",,,0,10,,Typic Argiustolls,grassland,,,,bulk soil,,862,38,396,21,8980.190901,7270.190901,1710,,,,,,14,1.41,,,21.5,21.7,56.8
11,166,,40.14,-96.98,,422,11.22,765.49,snow,"Temperate Grasslands, Savannas & Shrublands",,,0,10,,Entic Argiudolls,grassland,,,,bulk soil,,901,52,546,45,9781.471759,7441.471759,2340,,,,,,15.6,1.4,,,25.9,30.2,43.9
12,166,,41.44,-96.43,,357,9.9,750.48,snow,"Temperate Grasslands, Savannas & Shrublands",,,0,10,,Pachic Argiudolls,grassland,,,,bulk soil,,886,60,396,47,9903.775106,7203.775106,2700,,,,,,15,1.57,,,32.2,15.9,51.9
13,166,,38.37,-95.42,,309,13.65,1029.41,temperate,"Temperate Grasslands, Savannas & Shrublands",,,0,10,,Mollic Albaqualfs,grassland,,,,bulk soil,,804,30,313,37,8200.887553,6850.887553,1350,,,,,,10.1,1.54,,,15.5,46.7,37.8
14,166,,33.3,-103.36,,1244,14.77,411.84,arid,"Temperate Grasslands, Savannas & Shrublands",,,0,10,,Aridic Paleustalfs,grassland,,,,bulk soil,,160,12,70,4,1825.955021,1285.955021,540,,,,,,4.26,0.47,,,11.3,2,86.7
15,166,,32.82,-98.47,,337,18.73,757.98,temperate,"Temperate Grasslands, Savannas & Shrublands",,,0,10,,Udertic Paleustolls,grassland,,,,bulk soil,,423,28,201,14,4707.561716,3447.561716,1260,,,,,,12.9,0.99,,,27.3,13.4,59.3
16,166,,31.72,-94.59,,133,18.51,1165.29,temperate,Temperate Conifer Forests,,,0,10,,Typic Argiaquolls,grassland,,,,bulk soil,,676,31,260,18,7081.050472,5686.050472,1395,,,,,,11.5,1.04,,,22.2,17.9,59.9
17,166,,30.19,-97.05,,167,19.94,902.28,temperate,Temperate Broadleaf & Mixed Forests,,,0,10,,Pachic Argiustolls,grassland,,,,bulk soil,,244,9,122,6,2485.466266,2080.466266,405,,,,,,11.2,0.89,,,27.9,8.4,63.7
18,165,,52.26,13.13,,167,9.05,561.79,temperate,Temperate Broadleaf & Mixed Forests,,,0,10,,,grassland,,,,bulk soil,,830,64,,,9528.42678,6648.42678,2880,,,344,,,16.3,1.7,6.9,,17,77,6
19,164,,51.283,9.983,,,7.08,684.49,temperate,Temperate Broadleaf & Mixed Forests,farming management,OFM,0,20,,Eutric Cambisols,cropland,,,,bulk soil,,317,27.2,,,3727.831382,2503.831382,1224,1224,2503.77,,,14.4,,1.23,7.8,water,14.1,41.6,44.3
20,164,,51.317,9.867,,,7.08,684.49,temperate,Temperate Broadleaf & Mixed Forests,farming management,CFM,0,20,,Eutric Cambisols,cropland,,,,bulk soil,,316,24.2,,,3622.342626,2533.342626,1089,1089,2533.29,,,10.6,,1.12,7.9,water,17.5,45.8,36.7
21,163,,51.25,4.767,,,10.19,800.05,temperate,Temperate Broadleaf & Mixed Forests,,,0,10,,Luvisols,grassland,,,,bulk soil,,885,26,299,,8801.235879,7631.235879,1170,1170,7631.18,,,,21,2,6.32,,2.5,4.5,93
22,162,,50.617,3.567,,,10.09,760.28,temperate,Temperate Broadleaf & Mixed Forests,,,0,10,,Luvisols,cropland,,,,bulk soil,,164,11,77,,1829.792103,1334.792103,495,1151.55,3016.47,,,11.3,,1.1,,,17.3,66.5,16.2
23,161,,40.02,72.39,"lat-lon of Sui Checti Valley, Kyrgyzia",2900,10.92,236.51,arid,Montane Grasslands & Shrublands,,,0,20,,,grassland,,,,aggregate,0.250-2mm,6200,300,2500,140,65448.87553,51948.87553,13500,,,,,,,,,,,,
24,161,,40.02,72.39,"lat-lon of Sui Checti Valley, Kyrgyzia",2900,10.92,236.51,arid,Montane Grasslands & Shrublands,,,0,20,,,grassland,,,,aggregate,0.02-0.250mm,7100,400,3200,800,76765.16738,58765.16738,18000,,,,,,,,,,,,
25,161,"FNC is negative, but AS values are correct (as reported in the text)",40.02,72.39,"lat-lon of Sui Checti Valley, Kyrgyzia",2900,10.92,236.51,arid,Montane Grasslands & Shrublands,,,0,20,,,grassland,,,,aggregate,0.002-0.02mm,3200,3100,1400,1600,139500,0,139500,,,,,,,,,,,,
26,161,,40.02,72.39,"lat-lon of Sui Checti Valley, Kyrgyzia",2900,10.92,236.51,arid,Montane Grasslands & Shrublands,,,0,20,,,grassland,,,,aggregate,<0.002mm,12000,4300,6900,400,246300.5493,52800.5493,193500,,,,,,,,,,,,
27,161,,40.02,72.39,"lat-lon of Sui Checti Valley, Kyrgyzia",2900,10.92,236.51,arid,Montane Grasslands & Shrublands,,,0,1.5,litter,,forest,,,,bulk soil,,5600,2000,700,1400,114725.8369,24725.83688,90000,,,,,465.7,465.7,11.5,,,,,
28,161,,40.02,72.39,"lat-lon of Sui Checti Valley, Kyrgyzia",2900,10.92,236.51,arid,Montane Grasslands & Shrublands,,,1.5,4.5,Of,,forest,,,,bulk soil,,11200,2600,5800,300,184423.5879,67423.58795,117000,,,,,340.3,340.3,15.5,7.1,CaCl2,,,
29,161,,40.02,72.39,"lat-lon of Sui Checti Valley, Kyrgyzia",2900,10.92,236.51,arid,Montane Grasslands & Shrublands,,,4.5,6.5,Oh,,forest,,,,bulk soil,,11400,2200,6000,300,173358.4206,74358.42057,99000,,,,,258.6,258.6,13.2,7.2,CaCl2,,,
30,161,,40.02,72.39,"lat-lon of Sui Checti Valley, Kyrgyzia",2900,10.92,236.51,arid,Montane Grasslands & Shrublands,,,6.5,16.5,A,,forest,,,,bulk soil,,4800,1300,2500,600,85011.79397,26511.79397,58500,,,,,130.8,130.8,8.6,7,CaCl2,15.5,44.1,35.4
31,161,,40.02,72.39,"lat-lon of Sui Checti Valley, Kyrgyzia",2900,10.92,236.51,arid,Montane Grasslands & Shrublands,,,0,10,,,forest,,,,aggregate,0.250-2mm,5100,1200,2400,700,84495.50213,30495.50213,54000,,,,,130.8,130.8,,,,,,
32,161,,40.02,72.39,"lat-lon of Sui Checti Valley, Kyrgyzia",2900,10.92,236.51,arid,Montane Grasslands & Shrublands,,,0,10,,,forest,,,,aggregate,0.02-0.250mm,6600,2600,2400,2700,143023.5879,26023.58795,117000,,,,,130.8,130.8,,,,,,
33,161,"FNC is negative, but AS values are correct (as reported in the text)",40.02,72.39,"lat-lon of Sui Checti Valley, Kyrgyzia",2900,10.92,236.51,arid,Montane Grasslands & Shrublands,,,0,10,,,forest,,,,aggregate,0.002-0.02mm,4100,3600,2300,800,162000,0,162000,,,,,130.8,130.8,,,,,,
34,161,,40.02,72.39,"lat-lon of Sui Checti Valley, Kyrgyzia",2900,10.92,236.51,arid,Montane Grasslands & Shrublands,,,0,10,,,forest,,,,aggregate,<0.002mm,11100,4900,6000,300,257498.3004,36998.30036,220500,,,,,130.8,130.8,,,,,,
35,161,,40.02,72.39,"lat-lon of Sui Checti Valley, Kyrgyzia",2900,10.92,236.51,arid,Montane Grasslands & Shrublands,,,0,10,A,,grassland,,,,bulk soil,,7100,500,3500,300,79981.45922,57481.45922,22500,,,,,87.7,87.7,11.5,5.6,CaCl2,19.9,45.3,27.5
36,160,,41.517,123.4,"lat-lon of Sui Checti Valley, Kyrgyzia",,8.39,695.67,snow,Temperate Broadleaf & Mixed Forests,,,0,20,,,cropland,,,,bulk soil,,495,15,,,4937.443777,4262.443777,675,675,4262.41,,,10.02,,1.21,3.51,,4.4,,
37,160,,43.6,124.667,"lat-lon of Sui Checti Valley, Kyrgyzia",,5.98,578.92,snow,Temperate Broadleaf & Mixed Forests,,,0,20,,,cropland,,,,bulk soil,,572.23,35.3,,,6285.421021,4696.921021,1588.5,1588.5,4696.85,,,12.51,,1.52,6,,,,
38,159,,41.31,123.24,,55,8.18,795.71,snow,Temperate Broadleaf & Mixed Forests,,,0,20,,Alfisols,cropland,,,,bulk soil,,690,37,103,,7400.027982,5735.027982,1665,,,,,,11.37,1.21,6,,,,
39,159,,41.31,123.24,,55,8.18,795.71,snow,Temperate Broadleaf & Mixed Forests,,,0,20,,Alfisols,cropland,,,,bulk soil,,549,29,249,,5873.724635,4568.724635,1305,,,,,,11.37,1.21,6,,,,
40,158,,51.46,9.98,,228,7.08,684.49,temperate,Temperate Broadleaf & Mixed Forests,straw,control,0,10,,,cropland,,,1999,bulk soil,,600,31,,,6397.050472,5002.050472,1395,314,,,,,12,1.1,6.9,water,12,14,74
41,158,,51.46,9.98,,228,7.08,684.49,temperate,Temperate Broadleaf & Mixed Forests,straw,maize straw,0,10,,,cropland,,,1999,bulk soil,,680,41,,,7438.679656,5593.679656,1845,393,,,,,,,6.9,water,12,14,74
42,158,,51.46,9.98,,228,7.08,684.49,temperate,Temperate Broadleaf & Mixed Forests,straw,extracted maize straw,0,10,,,cropland,,,1999,bulk soil,,740,36,,,7817.865064,6197.865064,1620,322,,,,,,,6.9,water,12,14,74
43,158,,51.46,9.98,,228,7.08,684.49,temperate,Temperate Broadleaf & Mixed Forests,straw,fumigated + extracted maize,0,10,,,cropland,,,1999,bulk soil,,680,35,,,7245.702145,5670.702145,1575,324,,,,,,,6.9,water,12,14,74
44,157,,47.5,7.55,,301,9,1089.28,temperate,Temperate Broadleaf & Mixed Forests,manure,biodynamic organic,0,5,,Haplic Luvisol,cropland,,,,bulk soil,,780,68,300,,9207.078454,6147.078454,3060,3,6.2,,,16,,2,5.8,0.1 M KCl,,,
45,157,,47.5,7.55,,301,9,1089.28,temperate,Temperate Broadleaf & Mixed Forests,manure,bioorganic,0,5,,Haplic Luvisol,cropland,,,,bulk soil,,740,60,260,,8589.775106,5889.775106,2700,2.7,5.9,,,14.4,,1.8,5.4,0.1 M KCl,16,72,12
46,157,,47.5,7.55,,301,9,1089.28,temperate,Temperate Broadleaf & Mixed Forests,manure,conventional1,0,5,,Haplic Luvisol,cropland,,,,bulk soil,,710,55,230,,8158.960514,5683.960514,2475,2.5,5.7,,,13.5,,1.9,5.3,0.1 M KCl,16,72,12
47,157,,47.5,7.55,,301,9,1089.28,temperate,Temperate Broadleaf & Mixed Forests,manure,conventional2,0,5,,Haplic Luvisol,cropland,,,,bulk soil,,660,45,210,,7387.33133,5362.33133,2025,2,5.4,,,12.3,,,4.5,0.1 M KCl,,,
48,156,,52.25,10.25,,90,9,697.7,temperate,Temperate Broadleaf & Mixed Forests,,,0,10,,Planosols,forest,,,,bulk soil,,2730,210,1840,160,31324.21287,21874.21287,9450,,,610,,,59.9,4.3,3.9,,15,77,8
49,156,,52.25,10.25,,90,9,697.7,temperate,Temperate Broadleaf & Mixed Forests,,,0,10,,Planosols,forest,,,,bulk soil,,2640,140,1550,49,28262.80858,21962.80858,6300,,,520,,,58,2.4,3.9,,6,39,55
50,156,,52.25,10.25,,90,9,697.7,temperate,Temperate Broadleaf & Mixed Forests,,,0,10,,Gleysols,cropland,,,,bulk soil,,1180,140,690,33,15122.80858,8822.808582,6300,,,450,,,18.6,1.8,7,,35,55,10
51,156,,52.25,10.25,,90,9,697.7,temperate,Temperate Broadleaf & Mixed Forests,,,0,10,,Gleysols,cropland,,,,bulk soil,,1190,117,840,,14473.06146,9208.061458,5265,,,360,,,15.1,1.4,7.3,,34,56,10
52,156,,52.25,10.25,,90,9,697.7,temperate,Temperate Broadleaf & Mixed Forests,,,0,10,,Gleysols,cropland,,,,bulk soil,,1400,110,910,,16137.92103,11187.92103,4950,,,200,,,14,1.2,7.8,,18,66,16
53,156,,52.25,10.25,,90,9,697.7,temperate,Temperate Broadleaf & Mixed Forests,,,0,10,,Gleysols,cropland,,,,bulk soil,,980,67,540,,10974.91554,7959.915536,3015,,,180,,,7.8,0.7,7.4,,8,8,84
54,155,,47.433,126.633,,,1.97,543.87,snow,Temperate Broadleaf & Mixed Forests,manure,CK,0,20,,,cropland,,,,bulk soil,,1065.42,60.75,,,11542.6773,8808.927295,2733.75,2733.65,8808.83,,,25.63,,1.99,6.49,,35.78,,
55,155,,47.433,126.633,,,1.97,543.87,snow,Temperate Broadleaf & Mixed Forests,manure,OM0,0,20,,,cropland,,,,bulk soil,,1158.88,74.77,,,12834.74141,9470.091412,3364.65,3364.49,9469.98,,,26.45,,2.08,6.02,,,,
56,155,,47.433,126.633,,,1.97,543.87,snow,Temperate Broadleaf & Mixed Forests,manure,OM1,0,20,,,cropland,,,,bulk soil,,1154.21,70.09,,,12642.18895,9488.138954,3154.05,3154.21,9487.94,,,28.83,,2.2,5.88,,,,
57,155,,47.433,126.633,,,1.97,543.87,snow,Temperate Broadleaf & Mixed Forests,manure,OM2,0,20,,,cropland,,,,bulk soil,,1214.95,79.44,,,13489.57224,9914.772241,3574.8,3574.77,9914.61,,,29.36,,2.29,5.94,,,,
58,155,,47.433,126.633,,,1.97,543.87,snow,Temperate Broadleaf & Mixed Forests,manure,OM3,0,20,,,cropland,,,,bulk soil,,1280.37,70.09,,,13777.62895,10623.57895,3154.05,3154.21,10623.38,,,30.25,,2.51,6.04,,,,
59,155,,47.433,126.633,,,1.97,543.87,snow,Temperate Broadleaf & Mixed Forests,manure,CK,0,20,,,cropland,,,,bulk soil,,1089,58.6,,,11685.74702,9048.747021,2637,2637,9048.62,,,27.23,,2.18,6.11,,,,
60,155,,47.433,126.633,,,1.97,543.87,snow,Temperate Broadleaf & Mixed Forests,manure,NPK,0,20,,,cropland,,,,bulk soil,,1135,64.4,,,12286.29195,9388.291948,2898,2898,9388.15,,,27.77,,2.13,6.12,,40.8,,
61,155,,47.433,126.633,,,1.97,543.87,snow,Temperate Broadleaf & Mixed Forests,manure,NPKS1,0,20,,,cropland,,,,bulk soil,,1167,66.6,,,12645.05037,9648.050368,2997,2997,9647.91,,,28.79,,2.22,6.05,,40.8,,
62,155,,47.433,126.633,,,1.97,543.87,snow,Temperate Broadleaf & Mixed Forests,manure,NPKS2,0,20,,,cropland,,,,bulk soil,,1120,71,,,12363.56721,9168.567209,3195,3195,9168.41,,,28.44,,2.17,5.89,,40.8,,
63,155,,47.433,126.633,,,1.97,543.87,snow,Temperate Broadleaf & Mixed Forests,manure,NPKM,0,20,,,cropland,,,,bulk soil,,1179,88.9,,,13470.28345,9469.783449,4000.5,4000.5,9469.59,,,29.79,,2.41,5.78,,40.8,,
64,154,,47.43,126.63,,196,1.97,543.87,snow,Temperate Broadleaf & Mixed Forests,fertilizer,CK,0,20,,,cropland,,maize-soybean-wheat,2011,bulk soil,,1089,58.6,565.4,,11685.74702,9048.747021,2637,,,286,,26.9,27.23,2.18,6.12,water,41.3,32.8,26
65,154,,47.43,126.63,,196,1.97,543.87,snow,Temperate Broadleaf & Mixed Forests,fertilizer,NPK,0,20,,,cropland,,maize-soybean-wheat,2011,bulk soil,,1135,64.4,590.9,,12286.29195,9388.291948,2898,,,275,,,27.77,2.13,6.05,water,41.3,32.8,26
66,154,,47.43,126.63,,196,1.97,543.87,snow,Temperate Broadleaf & Mixed Forests,fertilizer,NPKS1,0,20,,,cropland,,maize-soybean-wheat,2011,bulk soil,,1167,66.6,594.8,,12645.05037,9648.050368,2997,,,288,,,28.79,2.22,5.89,water,41.3,32.8,26
67,154,,47.43,126.63,,196,1.97,543.87,snow,Temperate Broadleaf & Mixed Forests,fertilizer,NPKS2,0,20,,,cropland,,maize-soybean-wheat,2011,bulk soil,,1120,71,620.6,,12363.56721,9168.567209,3195,,,329,,,28.44,2.17,5.78,water,41.3,32.8,26
68,154,,47.43,126.63,,196,1.97,543.87,snow,Temperate Broadleaf & Mixed Forests,fertilizer,NPKM,0,20,,,cropland,,maize-soybean-wheat,2011,bulk soil,,1179,88.9,590.6,,13470.28345,9469.783449,4000.5,,,361,,,29.79,2.41,6.1,water,41.3,32.8,26
69,153,,24.367,56.567,,180,27.37,83.72,arid,Deserts & Xeric Shrublands,manure,Initial contents,0,10,,hyperthermic Typic Torrifluvent,cropland,,,2010,bulk soil,,80,26,31,,1556.235879,386.2358795,1170,,,,,7.6,,0.4,,,5,13,82
70,153,,24.367,56.567,,180,27.37,83.72,arid,Deserts & Xeric Shrublands,biochar,Mineral,0,10,,hyperthermic Typic Torrifluvent,cropland,,,2010,bulk soil,,53,23,26,,1216.747124,181.7471241,1035,,,,,8.5,,0.54,,,5,13,82
71,153,,24.367,56.567,,180,27.37,83.72,arid,Deserts & Xeric Shrublands,manure,Manure,0,10,,hyperthermic Typic Torrifluvent,cropland,,,2010,bulk soil,,70,28,32,,1530.561716,270.5617164,1260,,,,,9.1,,0.63,,,5,13,82
72,153,,24.367,56.567,,180,27.37,83.72,arid,Deserts & Xeric Shrublands,biochar,Manure fed charcoal,0,10,,hyperthermic Typic Torrifluvent,cropland,,,2010,bulk soil,,64,29,30,,1508.724635,203.7246348,1305,,,,,10.6,,0.67,,,5,13,82
73,153,,24.367,56.567,,180,27.37,83.72,arid,Deserts & Xeric Shrublands,biochar,Manure mix charcoal,0,10,,hyperthermic Typic Torrifluvent,cropland,,,2010,bulk soil,,70,27,31,,1498.398798,283.3987979,1215,,,,,10.5,,0.64,,,5,13,82
74,153,,24.367,56.567,,180,27.37,83.72,arid,Deserts & Xeric Shrublands,,Manure fed tannin,0,10,,hyperthermic Typic Torrifluvent,cropland,,,2010,bulk soil,,80,30,34,,1684.887553,334.8875532,1350,,,,,9.6,,0.7,,,5,13,82
75,153,,24.367,56.567,,180,27.37,83.72,arid,Deserts & Xeric Shrublands,,Manure mix tannin,0,10,,hyperthermic Typic Torrifluvent,cropland,,,2010,bulk soil,,66,28,31,,1494.561716,234.5617164,1260,,,,,10.3,,0.68,,,5,13,82
76,153,,24.367,56.567,,180,27.37,83.72,arid,Deserts & Xeric Shrublands,,Mineral,0,10,,hyperthermic Typic Torrifluvent,cropland,,,2010,bulk soil,,66,25,24,,1398.072961,273.072961,1125,,,,,5.7,,0.32,,,5,13,82
77,153,,24.367,56.567,,180,27.37,83.72,arid,Deserts & Xeric Shrublands,,Manure,0,10,,hyperthermic Typic Torrifluvent,cropland,,,2010,bulk soil,,127,41,44,,2461.679656,616.6796561,1845,,,,,7.6,,0.54,,,5,13,82
78,153,,24.367,56.567,,180,27.37,83.72,arid,Deserts & Xeric Shrublands,,Manure fed charcoal,0,10,,hyperthermic Typic Torrifluvent,cropland,,,2010,bulk soil,,126,44,45,,2549.168411,569.1684114,1980,,,,,9.3,,0.54,,,5,13,82
79,153,,24.367,56.567,,180,27.37,83.72,arid,Deserts & Xeric Shrublands,,Manure mix charcoal,0,10,,hyperthermic Typic Torrifluvent,cropland,,,2010,bulk soil,,109,36,38,,2138.865064,518.8650639,1620,,,,,9.1,,0.46,,,5,13,82
80,153,,24.367,56.567,,180,27.37,83.72,arid,Deserts & Xeric Shrublands,,Manure fed tannin,0,10,,hyperthermic Typic Torrifluvent,cropland,,,2010,bulk soil,,117,38,41,,2275.190901,565.1909008,1710,,,,,7.8,,0.57,,,5,13,82
81,153,,24.367,56.567,,180,27.37,83.72,arid,Deserts & Xeric Shrublands,,Manure mix tannin,0,10,,hyperthermic Typic Torrifluvent,cropland,,,2010,bulk soil,,116,42,41,,2394.842575,504.8425745,1890,,,,,8,,0.54,,,5,13,82
82,152,,47.433,126.633,,,1.97,543.87,snow,Temperate Broadleaf & Mixed Forests,fertilizer,CK,0,20,,phaeozems/udolls,cropland,,,,bulk soil,,1037,86.8,,,12124.74132,8218.741321,3906,,,157,,27.1,,2,6.1,,41,33,26
83,152,,47.433,126.633,,,1.97,543.87,snow,Temperate Broadleaf & Mixed Forests,fertilizer,NP,0,20,,phaeozems/udolls,cropland,,,,bulk soil,,1105,89.9,,,12836.44637,8790.946368,4045.5,,,193,,29.2,,,,,41,33,26
84,152,,47.433,126.633,,,1.97,543.87,snow,Temperate Broadleaf & Mixed Forests,fertilizer,NPM,0,20,,phaeozems/udolls,cropland,,,,bulk soil,,1422,105,,,16175.10644,11450.10644,4725,,,333,,33.4,,,,,41,33,26
85,152,,47.433,126.633,,,1.97,543.87,snow,Temperate Broadleaf & Mixed Forests,fertilizer,CK,0,20,,phaeozems/udolls,cropland,,,,aggregate,>2mm,1054,80.6,,,12078.33123,8451.331226,3627,,,,,34.8,,,,,41,33,26
86,152,,47.433,126.633,,,1.97,543.87,snow,Temperate Broadleaf & Mixed Forests,fertilizer,NP,0,20,,phaeozems/udolls,cropland,,,,aggregate,>2mm,1139,86.6,,,13036.30874,9139.308737,3897,,,,,38.3,,,,,41,33,26
87,152,,47.433,126.633,,,1.97,543.87,snow,Temperate Broadleaf & Mixed Forests,fertilizer,NPM,0,20,,phaeozems/udolls,cropland,,,,aggregate,>2mm,1467,103,,,16515.7806,11880.7806,4635,,,,,53.9,,,,,41,33,26
88,152,,47.433,126.633,,,1.97,543.87,snow,Temperate Broadleaf & Mixed Forests,fertilizer,CK,0,20,,phaeozems/udolls,cropland,,,,aggregate,0.250-2mm,1140,87.1,,,13061.3902,9141.890196,3919.5,,,,,33.8,,,,,41,33,26
89,152,,47.433,126.633,,,1.97,543.87,snow,Temperate Broadleaf & Mixed Forests,fertilizer,NP,0,20,,phaeozems/udolls,cropland,,,,aggregate,0.250-2mm,1164,87.3,,,13283.82278,9355.32278,3928.5,,,,,33.1,,,,,41,33,26
90,152,,47.433,126.633,,,1.97,543.87,snow,Temperate Broadleaf & Mixed Forests,fertilizer,NPM,0,20,,phaeozems/udolls,cropland,,,,aggregate,0.250-2mm,1492,103,,,16740.7806,12105.7806,4635,,,,,46,,,,,41,33,26
91,152,,47.433,126.633,,,1.97,543.87,snow,Temperate Broadleaf & Mixed Forests,fertilizer,CK,0,20,,phaeozems/udolls,cropland,,,,aggregate,0.053-0.250mm,1143,90.7,,,13204.1767,9122.676703,4081.5,,,,,32.1,,,,,41,33,26
92,152,,47.433,126.633,,,1.97,543.87,snow,Temperate Broadleaf & Mixed Forests,fertilizer,NP,0,20,,phaeozems/udolls,cropland,,,,aggregate,0.053-0.250mm,1100,97.7,,,13042.31713,8645.817132,4396.5,,,,,32.8,,,,,41,33,26
93,152,,47.433,126.633,,,1.97,543.87,snow,Temperate Broadleaf & Mixed Forests,fertilizer,NPM,0,20,,phaeozems/udolls,cropland,,,,aggregate,0.053-0.250mm,1394,129,,,16695.01648,10890.01648,5805,,,,,37.9,,,,,41,33,26
94,152,,47.433,126.633,,,1.97,543.87,snow,Temperate Broadleaf & Mixed Forests,fertilizer,CK,0,20,,phaeozems/udolls,cropland,,,,aggregate,<0.053mm,798,77.3,,,9668.193596,6189.693596,3478.5,,,,,20,,,,,41,33,26
95,152,,47.433,126.633,,,1.97,543.87,snow,Temperate Broadleaf & Mixed Forests,fertilizer,NP,0,20,,phaeozems/udolls,cropland,,,,aggregate,<0.053mm,803,69.4,,,9459.10654,6336.10654,3123,,,,,20,,,,,41,33,26
96,152,,47.433,126.633,,,1.97,543.87,snow,Temperate Broadleaf & Mixed Forests,fertilizer,NPM,0,20,,phaeozems/udolls,cropland,,,,aggregate,<0.053mm,975,79.7,,,11338.3846,7751.8846,3586.5,,,,,22.8,,,,,41,33,26
97,152,,47.43,126.63,,196,1.97,543.87,snow,Temperate Broadleaf & Mixed Forests,fertilizer,manure,0,20,,,cropland,,,,bulk soil,,1037,86.8,,,12124.74132,8218.741321,3906,,,,,27.1,,2,5.8,,41,33,26
98,152,,47.43,126.63,,196,1.97,543.87,snow,Temperate Broadleaf & Mixed Forests,fertilizer,manure,0,20,,,cropland,,,,bulk soil,,1105,89.9,,,12836.44637,8790.946368,4045.5,,,,,29.2,,2,6.1,,41,33,26
99,152,,47.43,126.63,,196,1.97,543.87,snow,Temperate Broadleaf & Mixed Forests,fertilizer,manure,0,20,,,cropland,,,,bulk soil,,1422,105,,,16175.10644,11450.10644,4725,,,,,33.4,,2,6.1,,41,33,26
100,151,,50.95,10.78,lat-lon of Friemar,310,5.92,1142.5,temperate,Temperate Broadleaf & Mixed Forests,tillage,Mouldboard,0,5,,,cropland,,,2010,bulk soil,,1054,89,604,37,12348.49974,8343.499741,4005,,,289,36,13.9,,1.5,6.2,,18,,
101,151,,50.95,10.78,lat-lon of Friemar,310,5.92,1142.5,temperate,Temperate Broadleaf & Mixed Forests,tillage,Mouldboard,5,10,,,cropland,,,2010,bulk soil,,1098,95,645,43,12937.47725,8662.477252,4275,,,276,38,14.2,,1.6,8.1,,29,68,3
102,151,,50.95,10.78,lat-lon of Friemar,310,5.92,1142.5,temperate,Temperate Broadleaf & Mixed Forests,tillage,Mouldboard,10,15,,,cropland,,,2010,bulk soil,,1007,90,577,35,11957.66266,7907.66266,4050,,,332,47,14.9,,1.6,8.1,,29,68,3
103,151,,50.95,10.78,lat-lon of Friemar,310,5.92,1142.5,temperate,Temperate Broadleaf & Mixed Forests,tillage,Mouldboard,15,20,,,cropland,,,2010,bulk soil,,1124,98,663,43,13267.96601,8857.966007,4410,,,272,37,14.2,,1.6,8.1,,29,68,3
104,151,,50.95,10.78,lat-lon of Friemar,310,5.92,1142.5,temperate,Temperate Broadleaf & Mixed Forests,tillage,Mouldboard,20,30,,,cropland,,,2010,bulk soil,,837,74,501,36,9913.055965,6583.055965,3330,,,208,27,11.9,,1.4,8.1,,29,68,3
105,151,,50.95,10.78,lat-lon of Friemar,310,5.92,1142.5,temperate,Temperate Broadleaf & Mixed Forests,tillage,Mouldboard,30,40,,,cropland,,,2010,bulk soil,,421,35,283,20,4914.702145,3339.702145,1575,,,128,16,6.8,,1,8.1,,29,68,3
106,151,,50.95,10.78,lat-lon of Friemar,310,5.92,1142.5,temperate,Temperate Broadleaf & Mixed Forests,tillage,Grubber,0,5,,,cropland,,,2010,bulk soil,,1431,130,861,45,17060.1794,11210.1794,5850,,,517,42,21.5,,2.3,8.1,,29,68,3
107,151,,50.95,10.78,lat-lon of Friemar,310,5.92,1142.5,temperate,Temperate Broadleaf & Mixed Forests,tillage,Grubber,5,10,,,cropland,,,2010,bulk soil,,1249,98,749,38,14392.96601,9982.966007,4410,,,455,124,19,,2.1,8.1,,29,68,3
108,151,,50.95,10.78,lat-lon of Friemar,310,5.92,1142.5,temperate,Temperate Broadleaf & Mixed Forests,tillage,Grubber,10,15,,,cropland,,,2010,bulk soil,,1016,76,624,34,11588.3818,8168.381802,3420,,,272,68,15.2,,1.6,8.1,,29,68,3
109,151,,50.95,10.78,lat-lon of Friemar,310,5.92,1142.5,temperate,Temperate Broadleaf & Mixed Forests,tillage,Grubber,15,20,,,cropland,,,2010,bulk soil,,963,76,622,36,11111.3818,7691.381802,3420,,,187,49,13.2,,1.5,8.1,,29,68,3
110,151,,50.95,10.78,lat-lon of Friemar,310,5.92,1142.5,temperate,Temperate Broadleaf & Mixed Forests,tillage,Grubber,20,30,,,cropland,,,2010,bulk soil,,1021,79,685,45,11729.87056,8174.870557,3555,,,166,49,12.4,,1.4,8.1,,29,68,3
111,151,,50.95,10.78,lat-lon of Friemar,310,5.92,1142.5,temperate,Temperate Broadleaf & Mixed Forests,tillage,Grubber,30,40,,,cropland,,,2010,bulk soil,,720,62,533,45,8474.100943,5684.100943,2790,,,89,8,9,,1.1,8.1,,29,68,3
112,151,,50.95,10.78,lat-lon of Friemar,310,5.92,1142.5,temperate,Temperate Broadleaf & Mixed Forests,tillage,No tillage,0,5,,,cropland,,,2010,bulk soil,,1325,117,797,33,15688.06146,10423.06146,5265,,,744,87,24.1,,2.5,8.1,,29,68,3
113,151,,50.95,10.78,lat-lon of Friemar,310,5.92,1142.5,temperate,Temperate Broadleaf & Mixed Forests,tillage,No tillage,5,10,,,cropland,,,2010,bulk soil,,1184,101,728,37,13904.45476,9359.454763,4545,,,387,52,16.8,,1.7,8.1,,29,68,3
114,151,,50.95,10.78,lat-lon of Friemar,310,5.92,1142.5,temperate,Temperate Broadleaf & Mixed Forests,tillage,No tillage,10,15,,,cropland,,,2010,bulk soil,,941,82,598,41,11106.35931,7416.359312,3690,,,266,36,14.3,,1.5,8.1,,29,68,3
115,151,,50.95,10.78,lat-lon of Friemar,310,5.92,1142.5,temperate,Temperate Broadleaf & Mixed Forests,tillage,No tillage,15,20,,,cropland,,,2010,bulk soil,,906,79,570,42,10694.87056,7139.870557,3555,,,226,29,13.3,,1.4,8.1,,29,68,3
116,151,,50.95,10.78,lat-lon of Friemar,310,5.92,1142.5,temperate,Temperate Broadleaf & Mixed Forests,tillage,No tillage,20,30,,,cropland,,,2010,bulk soil,,797,64,497,27,9231.42678,6351.42678,2880,,,184,23,11.9,,1.4,8.1,,29,68,3
117,151,,50.95,10.78,lat-lon of Friemar,310,5.92,1142.5,temperate,Temperate Broadleaf & Mixed Forests,tillage,No tillage,30,40,,,cropland,,,2010,bulk soil,,378,29,263,18,4334.724635,3029.724635,1305,,,84,11,6.3,,0.8,8.1,,29,68,3
118,151,,49.23,9,lat-lon of Grombach,95,10.1,744.37,temperate,Temperate Broadleaf & Mixed Forests,tillage,Mouldboard,0,5,,,cropland,,,2010,bulk soil,,862,69,492,28,9977.241372,6872.241372,3105,,,208,8,11.9,,1,8.1,,29,68,3
119,151,,49.23,9,lat-lon of Grombach,95,10.1,744.37,temperate,Temperate Broadleaf & Mixed Forests,tillage,Mouldboard,5,10,,,cropland,,,2010,bulk soil,,839,65,491,25,9641.589699,6716.589699,2925,,,216,18,10.8,,1,7.2,,23,76,1
120,151,,49.23,9,lat-lon of Grombach,95,10.1,744.37,temperate,Temperate Broadleaf & Mixed Forests,tillage,Mouldboard,10,15,,,cropland,,,2010,bulk soil,,830,63,488,25,9496.263862,6661.263862,2835,,,220,22,10.8,,1,7.2,,23,76,1
121,151,,49.23,9,lat-lon of Grombach,95,10.1,744.37,temperate,Temperate Broadleaf & Mixed Forests,tillage,Mouldboard,15,20,,,cropland,,,2010,bulk soil,,764,59,446,26,8773.612188,6118.612188,2655,,,220,22,10.4,,1,7.2,,23,76,1
122,151,,49.23,9,lat-lon of Grombach,95,10.1,744.37,temperate,Temperate Broadleaf & Mixed Forests,tillage,Mouldboard,20,30,,,cropland,,,2010,bulk soil,,740,54,445,20,8396.797596,5966.797596,2430,,,222,23,10.5,,1,7.2,,23,76,1
123,151,,49.23,9,lat-lon of Grombach,95,10.1,744.37,temperate,Temperate Broadleaf & Mixed Forests,tillage,Mouldboard,30,40,,,cropland,,,2010,bulk soil,,313,39,326,18,4071.353819,2316.353819,1755,,,156,17,8.6,,1,7.2,,23,76,1
124,151,,49.23,9,lat-lon of Grombach,95,10.1,744.37,temperate,Temperate Broadleaf & Mixed Forests,tillage,Grubber,0,5,,,cropland,,,2010,bulk soil,,894,81,548,21,10651.19639,7006.196394,3645,,,539,71,18.9,,2,7.2,,23,76,1
125,151,,49.23,9,lat-lon of Grombach,95,10.1,744.37,temperate,Temperate Broadleaf & Mixed Forests,tillage,Grubber,5,10,,,cropland,,,2010,bulk soil,,844,71,526,24,9879.567209,6684.567209,3195,,,429,57,16.3,,1.7,7.2,,23,76,1
126,151,,49.23,9,lat-lon of Grombach,95,10.1,744.37,temperate,Temperate Broadleaf & Mixed Forests,tillage,Grubber,10,15,,,cropland,,,2010,bulk soil,,702,57,446,23,8151.286351,5586.286351,2565,,,352,47,13.9,,1.6,7.2,,23,76,1
127,151,,49.23,9,lat-lon of Grombach,95,10.1,744.37,temperate,Temperate Broadleaf & Mixed Forests,tillage,Grubber,15,20,,,cropland,,,2010,bulk soil,,600,48,393,19,6943.820085,4783.820085,2160,,,235,34,11.7,,1.4,7.2,,23,76,1
128,151,,49.23,9,lat-lon of Grombach,95,10.1,744.37,temperate,Temperate Broadleaf & Mixed Forests,tillage,Grubber,20,30,,,cropland,,,2010,bulk soil,,652,60,430,20,7797.775106,5097.775106,2700,,,184,26,9.5,,1.4,7.2,,23,76,1
129,151,,49.23,9,lat-lon of Grombach,95,10.1,744.37,temperate,Temperate Broadleaf & Mixed Forests,tillage,Grubber,30,40,,,cropland,,,2010,bulk soil,,358,24,210,15,3993.910043,2913.910043,1080,,,68,10,5.6,,1.4,7.2,,23,76,1
130,151,,49.23,9,lat-lon of Grombach,95,10.1,744.37,temperate,Temperate Broadleaf & Mixed Forests,tillage,No tillage,0,5,,,cropland,,,2010,bulk soil,,1344,110,795,27,15633.92103,10683.92103,4950,,,419,40,18.5,,1.9,7.2,,23,76,1
131,151,,49.23,9,lat-lon of Grombach,95,10.1,744.37,temperate,Temperate Broadleaf & Mixed Forests,tillage,No tillage,5,10,,,cropland,,,2010,bulk soil,,1013,79,592,26,11657.87056,8102.870557,3555,,,250,29,14.9,,1.5,7.2,,23,76,1
132,151,,49.23,9,lat-lon of Grombach,95,10.1,744.37,temperate,Temperate Broadleaf & Mixed Forests,tillage,No tillage,10,15,,,cropland,,,2010,bulk soil,,677,52,406,21,7765.471759,5425.471759,2340,,,178,20,11.6,,1.2,7.2,,23,76,1
133,151,,49.23,9,lat-lon of Grombach,95,10.1,744.37,temperate,Temperate Broadleaf & Mixed Forests,tillage,No tillage,15,20,,,cropland,,,2010,bulk soil,,724,57,428,23,8349.286351,5784.286351,2565,,,153,19,11,,1.2,7.2,,23,76,1
134,151,,49.23,9,lat-lon of Grombach,95,10.1,744.37,temperate,Temperate Broadleaf & Mixed Forests,tillage,No tillage,20,30,,,cropland,,,2010,bulk soil,,577,44,346,20,6608.168411,4628.168411,1980,,,119,17,8.8,,1.1,7.2,,23,76,1
135,151,,49.23,9,lat-lon of Grombach,95,10.1,744.37,temperate,Temperate Broadleaf & Mixed Forests,tillage,No tillage,30,40,,,cropland,,,2010,bulk soil,,272,17,153,14,2994.769614,2229.769614,765,,,47,8,5.1,,1.2,7.2,,23,76,1
136,151,,51.13,13.23,lat-lon of Lüttewitz,290,9.11,598.29,temperate,Temperate Broadleaf & Mixed Forests,tillage,Mouldboard,0,5,,,cropland,,,2010,bulk soil,,589,46,349,20,6780.494248,4710.494248,2070,,,247,28,12.7,,1.3,7.2,,23,76,1
137,151,,51.13,13.23,lat-lon of Lüttewitz,290,9.11,598.29,temperate,Temperate Broadleaf & Mixed Forests,tillage,Mouldboard,5,10,,,cropland,,,2010,bulk soil,,621,47,371,20,7100.657167,4985.657167,2115,,,235,42,11.8,,1.2,7.4,,16,81,3
138,151,,51.13,13.23,lat-lon of Lüttewitz,290,9.11,598.29,temperate,Temperate Broadleaf & Mixed Forests,tillage,Mouldboard,10,15,,,cropland,,,2010,bulk soil,,693,51,387,21,7877.308841,5582.308841,2295,,,255,47,12,,1.2,7.4,,16,81,3
139,151,,51.13,13.23,lat-lon of Lüttewitz,290,9.11,598.29,temperate,Temperate Broadleaf & Mixed Forests,tillage,Mouldboard,15,20,,,cropland,,,2010,bulk soil,,653,51,388,21,7517.308841,5222.308841,2295,,,246,46,12,,1.3,7.4,,16,81,3
140,151,,51.13,13.23,lat-lon of Lüttewitz,290,9.11,598.29,temperate,Temperate Broadleaf & Mixed Forests,tillage,Mouldboard,20,30,,,cropland,,,2010,bulk soil,,698,48,429,22,7825.820085,5665.820085,2160,,,235,41,11.6,,1.2,7.4,,16,81,3
141,151,,51.13,13.23,lat-lon of Lüttewitz,290,9.11,598.29,temperate,Temperate Broadleaf & Mixed Forests,tillage,Mouldboard,30,40,,,cropland,,,2010,bulk soil,,397,26,233,16,4409.235879,3239.235879,1170,,,96,17,7.1,,0.8,7.4,,16,81,3
142,151,,51.13,13.23,lat-lon of Lüttewitz,290,9.11,598.29,temperate,Temperate Broadleaf & Mixed Forests,tillage,Grubber,0,5,,,cropland,,,2010,bulk soil,,996,72,528,17,11279.73013,8039.730128,3240,,,447,52,17.8,,1.7,7.4,,16,81,3
143,151,,51.13,13.23,lat-lon of Lüttewitz,290,9.11,598.29,temperate,Temperate Broadleaf & Mixed Forests,tillage,Grubber,5,10,,,cropland,,,2010,bulk soil,,1101,76,592,23,12353.3818,8933.381802,3420,,,415,75,16.4,,1.6,7.4,,16,81,3
144,151,,51.13,13.23,lat-lon of Lüttewitz,290,9.11,598.29,temperate,Temperate Broadleaf & Mixed Forests,tillage,Grubber,10,15,,,cropland,,,2010,bulk soil,,785,55,433,19,8833.960514,6358.960514,2475,,,221,39,11.5,,1.1,7.4,,16,81,3
145,151,,51.13,13.23,lat-lon of Lüttewitz,290,9.11,598.29,temperate,Temperate Broadleaf & Mixed Forests,tillage,Grubber,15,20,,,cropland,,,2010,bulk soil,,586,40,339,14,6560.516738,4760.516738,1800,,,151,24,9.7,,1,7.4,,16,81,3
146,151,,51.13,13.23,lat-lon of Lüttewitz,290,9.11,598.29,temperate,Temperate Broadleaf & Mixed Forests,tillage,Grubber,20,30,,,cropland,,,2010,bulk soil,,542,37,302,12,6068.027982,4403.027982,1665,,,130,20,9,,0.9,7.4,,16,81,3
147,151,,51.13,13.23,lat-lon of Lüttewitz,290,9.11,598.29,temperate,Temperate Broadleaf & Mixed Forests,tillage,Grubber,30,40,,,cropland,,,2010,bulk soil,,340,20,180,10,3703.258369,2803.258369,900,,,69,11,5.8,,0.6,7.4,,16,81,3
148,151,,51.13,13.23,lat-lon of Lüttewitz,290,9.11,598.29,temperate,Temperate Broadleaf & Mixed Forests,tillage,No tillage,0,5,,,cropland,,,2010,bulk soil,,1062,77,644,19,12034.54472,8569.54472,3465,,,459,61,16.8,,1.7,7.4,,16,81,3
149,151,,51.13,13.23,lat-lon of Lüttewitz,290,9.11,598.29,temperate,Temperate Broadleaf & Mixed Forests,tillage,No tillage,5,10,,,cropland,,,2010,bulk soil,,939,65,588,21,10541.5897,7616.589699,2925,,,331,60,13,,1.3,7.4,,16,81,3
150,151,,51.13,13.23,lat-lon of Lüttewitz,290,9.11,598.29,temperate,Temperate Broadleaf & Mixed Forests,tillage,No tillage,10,15,,,cropland,,,2010,bulk soil,,586,38,371,16,6496.190901,4786.190901,1710,,,157,26,9.1,,0.9,7.4,,16,81,3
151,151,,51.13,13.23,lat-lon of Lüttewitz,290,9.11,598.29,temperate,Temperate Broadleaf & Mixed Forests,tillage,No tillage,15,20,,,cropland,,,2010,bulk soil,,522,33,338,15,5759.376309,4274.376309,1485,,,140,22,8.8,,0.9,7.4,,16,81,3
152,151,,51.13,13.23,lat-lon of Lüttewitz,290,9.11,598.29,temperate,Temperate Broadleaf & Mixed Forests,tillage,No tillage,20,30,,,cropland,,,2010,bulk soil,,498,33,270,16,5543.376309,4058.376309,1485,,,126,19,8.2,,0.8,7.4,,16,81,3
153,151,,51.13,13.23,lat-lon of Lüttewitz,290,9.11,598.29,temperate,Temperate Broadleaf & Mixed Forests,tillage,No tillage,30,40,,,cropland,,,2010,bulk soil,,256,15,137,10,2786.443777,2111.443777,675,,,38,7,4.1,,0.5,7.4,,16,81,3
154,151,,51.48,12.36,lat-lon of Zschortau,110,9.18,561.47,temperate,Temperate Broadleaf & Mixed Forests,tillage,Mouldboard,0,5,,,cropland,,,2010,bulk soil,,716,54,358,14,8180.797596,5750.797596,2430,,,183,24,10.5,,1.1,7.4,,16,81,3
155,151,,51.48,12.36,lat-lon of Zschortau,110,9.18,561.47,temperate,Temperate Broadleaf & Mixed Forests,tillage,Mouldboard,5,10,,,cropland,,,2010,bulk soil,,728,54,366,14,8288.797596,5858.797596,2430,,,202,34,10.4,,1.1,7.6,,14,53,32
156,151,,51.48,12.36,lat-lon of Zschortau,110,9.18,561.47,temperate,Temperate Broadleaf & Mixed Forests,tillage,Mouldboard,10,15,,,cropland,,,2010,bulk soil,,644,47,322,12,7307.657167,5192.657167,2115,,,206,34,10.4,,1.1,7.6,,14,53,32
157,151,,51.48,12.36,lat-lon of Zschortau,110,9.18,561.47,temperate,Temperate Broadleaf & Mixed Forests,tillage,Mouldboard,15,20,,,cropland,,,2010,bulk soil,,696,49,345,16,7839.983004,5634.983004,2205,,,246,43,10.9,,1.2,7.6,,14,53,32
158,151,,51.48,12.36,lat-lon of Zschortau,110,9.18,561.47,temperate,Temperate Broadleaf & Mixed Forests,tillage,Mouldboard,20,30,,,cropland,,,2010,bulk soil,,697,50,352,17,7881.145922,5631.145922,2250,,,198,34,10.4,,1.1,7.6,,14,53,32
159,151,,51.48,12.36,lat-lon of Zschortau,110,9.18,561.47,temperate,Temperate Broadleaf & Mixed Forests,tillage,Mouldboard,30,40,,,cropland,,,2010,bulk soil,,569,41,305,20,6439.679656,4594.679656,1845,,,116,18,7.6,,0.8,7.6,,14,53,32
160,151,,51.48,12.36,lat-lon of Zschortau,110,9.18,561.47,temperate,Temperate Broadleaf & Mixed Forests,tillage,Grubber,0,5,,,cropland,,,2010,bulk soil,,906,79,460,19,10694.87056,7139.870557,3555,,,389,44,13.6,,1.4,7.6,,14,53,32
161,151,,51.48,12.36,lat-lon of Zschortau,110,9.18,561.47,temperate,Temperate Broadleaf & Mixed Forests,tillage,Grubber,5,10,,,cropland,,,2010,bulk soil,,849,73,426,18,9988.893046,6703.893046,3285,,,430,66,13.3,,1.4,7.6,,14,53,32
162,151,,51.48,12.36,lat-lon of Zschortau,110,9.18,561.47,temperate,Temperate Broadleaf & Mixed Forests,tillage,Grubber,10,15,,,cropland,,,2010,bulk soil,,849,75,430,19,10053.21888,6678.218883,3375,,,339,51,13,,1.4,7.6,,14,53,32
163,151,,51.48,12.36,lat-lon of Zschortau,110,9.18,561.47,temperate,Temperate Broadleaf & Mixed Forests,tillage,Grubber,15,20,,,cropland,,,2010,bulk soil,,770,64,401,17,8988.42678,6108.42678,2880,,,222,33,10.6,,1.1,7.6,,14,53,32
164,151,,51.48,12.36,lat-lon of Zschortau,110,9.18,561.47,temperate,Temperate Broadleaf & Mixed Forests,tillage,Grubber,20,30,,,cropland,,,2010,bulk soil,,558,46,301,15,6501.494248,4431.494248,2070,,,165,22,8.1,,0.9,7.6,,14,53,32
165,151,,51.48,12.36,lat-lon of Zschortau,110,9.18,561.47,temperate,Temperate Broadleaf & Mixed Forests,tillage,Grubber,30,40,,,cropland,,,2010,bulk soil,,315,22,150,10,3542.584206,2552.584206,990,,,106,10,5.6,,0.6,7.6,,14,53,32
166,151,,51.48,12.36,lat-lon of Zschortau,110,9.18,561.47,temperate,Temperate Broadleaf & Mixed Forests,tillage,No tillage,0,5,,,cropland,,,2010,bulk soil,,1018,85,577,17,11895.84807,8070.848068,3825,,,476,65,16,,1.7,7.6,,14,53,32
167,151,,51.48,12.36,lat-lon of Zschortau,110,9.18,561.47,temperate,Temperate Broadleaf & Mixed Forests,tillage,No tillage,5,10,,,cropland,,,2010,bulk soil,,942,75,541,14,10890.21888,7515.218883,3375,,,379,52,14.3,,1.5,7.6,,14,53,32
168,151,,51.48,12.36,lat-lon of Zschortau,110,9.18,561.47,temperate,Temperate Broadleaf & Mixed Forests,tillage,No tillage,10,15,,,cropland,,,2010,bulk soil,,722,58,409,12,8363.44927,5753.44927,2610,,,251,34,10.9,,1.2,7.6,,14,53,32
169,151,,51.48,12.36,lat-lon of Zschortau,110,9.18,561.47,temperate,Temperate Broadleaf & Mixed Forests,tillage,No tillage,15,20,,,cropland,,,2010,bulk soil,,598,50,339,14,6990.145922,4740.145922,2250,,,194,24,9.3,,1,7.6,,14,53,32
170,151,,51.48,12.36,lat-lon of Zschortau,110,9.18,561.47,temperate,Temperate Broadleaf & Mixed Forests,tillage,No tillage,20,30,,,cropland,,,2010,bulk soil,,553,46,316,11,6456.494248,4386.494248,2070,,,159,19,8.4,,0.9,7.6,,14,53,32
171,151,,51.48,12.36,lat-lon of Zschortau,110,9.18,561.47,temperate,Temperate Broadleaf & Mixed Forests,tillage,No tillage,30,40,,,cropland,,,2010,bulk soil,,323,24,177,9,3678.910043,2598.910043,1080,,,93,9,4.8,,0.5,7.6,,14,53,32
172,150,,47.44,126.63,,,1.97,543.87,snow,Temperate Broadleaf & Mixed Forests,land use,Bare soil <2 um,0,20,,Mollisol,cropland,,,,aggregate,<0.002mm,502.006,30.3644,,,5494.661721,4128.263721,1366.398,,,,,,36.28,,5.8,,9.4,,
173,150,,47.44,126.63,,,1.97,543.87,snow,Temperate Broadleaf & Mixed Forests,land use,Bare soil 2- 20 um,0,20,,Mollisol,cropland,,,,aggregate,0.002-0.020mm,1212.31,119.242,,,14745.96072,9380.070721,5365.89,,,,,,35.5,,5.5,,7.7,,
174,150,,47.44,126.63,,,1.97,543.87,snow,Temperate Broadleaf & Mixed Forests,land use,Bare soil 20- 250 um,0,20,,Mollisol,cropland,,,,aggregate,0.020-0.250mm,486.154,41.4921,,,5709.893028,3842.748528,1867.1445,,,,,,11.9,,,,41.3,32.8,26
175,150,,47.44,126.63,,,1.97,543.87,snow,Temperate Broadleaf & Mixed Forests,land use,Grassland <2 um,0,20,,Mollisol,grassland,,,,aggregate,<0.002mm,1950.77,190.883,,,23696.28436,15106.54936,8589.735,,,,,,54.6,,,,41.3,32.8,26
176,150,,47.44,126.63,,,1.97,543.87,snow,Temperate Broadleaf & Mixed Forests,land use,Grassland 2- 20 um,0,20,,Mollisol,grassland,,,,aggregate,0.002-0.020mm,1138.46,115.445,,,13959.18812,8764.163119,5195.025,,,,,,38.3,,,,41.3,32.8,26
177,150,,47.44,126.63,,,1.97,543.87,snow,Temperate Broadleaf & Mixed Forests,land use,Grassland 20- 250 um,0,20,,Mollisol,grassland,,,,aggregate,0.020-0.250mm,676.923,59.3145,,,8000.034426,5330.881926,2669.1525,,,,,,28.7,,,,41.3,32.8,26
178,150,,47.44,126.63,,,1.97,543.87,snow,Temperate Broadleaf & Mixed Forests,land use,Arable soil <2 um,0,20,,Mollisol,cropland,,,,aggregate,<0.002mm,1827.69,198.665,,,22838.85619,13898.93119,8939.925,,,,,,40.1,,,,41.3,32.8,26
179,150,,47.44,126.63,,,1.97,543.87,snow,Temperate Broadleaf & Mixed Forests,land use,Arable soil 2- -20 um,0,20,,Mollisol,cropland,,,,aggregate,0.002-0.020mm,1298.46,112.418,,,15301.83097,10243.02097,5058.81,,,,,,38,,,,41.3,32.8,26
180,150,,47.44,126.63,,,1.97,543.87,snow,Temperate Broadleaf & Mixed Forests,land use,Arable soil 20- -250 um,0,20,,Mollisol,cropland,,,,aggregate,0.020-0.250mm,369.231,29.2628,,,4264.25605,2947.43005,1316.826,,,,,,12.8,,,,41.3,32.8,26
181,149,,29.26,111.53,,88,16.86,1339.81,temperate,Tropical & Subtropical Moist Broadleaf Forests,nitrogen,,0,15,,ultisols,cropland,,,,bulk soil,,725,49,414,,8100.983004,5895.983004,2205,,,,,,17,1.6,5.36,,30.6,63.1,6.3
182,149,,29.26,111.53,,88,16.86,1339.81,temperate,Tropical & Subtropical Moist Broadleaf Forests,nitrogen,,0,15,,ultisols,cropland,,,,bulk soil,,776,54,448,,8720.797596,6290.797596,2430,,,,,,17,1.6,5.36,,30.6,63.1,6.3
183,149,,29.26,111.53,,,16.86,1339.81,temperate,Tropical & Subtropical Moist Broadleaf Forests,,,0,15,,ultisols,cropland,,,,bulk soil,,764,50,449,,8484.145922,6234.145922,2250,,,,,,17,1.6,5.36,,30.6,63.1,6.3
184,149,,29.26,111.53,,,16.86,1339.81,temperate,Tropical & Subtropical Moist Broadleaf Forests,,,0,15,,ultisols,cropland,,,,bulk soil,,802,53,476,,8922.634677,6537.634677,2385,,,,,,17,1.6,5.36,,30.6,63.1,6.3
185,149,,29.26,111.53,,,16.86,1339.81,temperate,Tropical & Subtropical Moist Broadleaf Forests,,,0,15,,ultisols,cropland,,,,bulk soil,,803,55,487,,8995.960514,6520.960514,2475,,,,,,17,1.6,5.36,,30.6,63.1,6.3
186,149,,29.26,111.53,,,16.86,1339.81,temperate,Tropical & Subtropical Moist Broadleaf Forests,fertilizer,N,,,,,cropland,,,,bulk soil,,449,50,,,5649.145922,3399.145922,2250,,,,,,,,,,,,
187,148,,47.35,133.31,,54,2.33,534.41,snow,Flooded Grasslands & Savannas,,,0,20,,,grassland,,,,bulk soil,,1889,131,,,21214.34232,15319.34232,5895,,,,,,37.83,3.59,5.5,,,,
188,148,,47.35,133.31,,54,2.33,534.41,snow,Flooded Grasslands & Savannas,,,0,20,,,cropland,,,,bulk soil,,1398,97,,,15701.80309,11336.80309,4365,,,,,,26.11,2.33,5.19,,,,
189,148,,47.35,133.31,,54,2.33,534.41,snow,Flooded Grasslands & Savannas,,,0,20,,,cropland,,,,bulk soil,,1318,92,,,14820.9885,10680.9885,4140,,,,,,25.75,2.31,5.09,,,,
190,148,,47.35,133.31,,54,2.33,534.41,snow,Flooded Grasslands & Savannas,,,0,20,,,cropland,,,,bulk soil,,1199,83,,,13460.52223,9725.522231,3735,,,,,,25.49,2.22,5.19,,,,
191,148,,47.35,133.31,,54,2.33,534.41,snow,Flooded Grasslands & Savannas,,,0,20,,,cropland,,,,bulk soil,,1697,118,,,19068.22438,13758.22438,5310,,,,,,34.72,3.5,5.44,,,,
192,148,,47.35,133.31,,54,2.33,534.41,snow,Flooded Grasslands & Savannas,,,0,20,,,cropland,,,,bulk soil,,1920,134,,,21589.83107,15559.83107,6030,,,,,,36.23,3.59,5.43,,,,
193,148,,47.583,133.517,,,1.87,554.89,snow,Flooded Grasslands & Savannas,cultivation years,NAT,0,20,,,wetland,freshwater marsh,Calamagrostis angustifolia,2014,bulk soil,,,,,,22367.219,16479.51,5887.709,,,,,37.87375415,,,5.5,,,,
194,148,,47.583,133.517,,,1.87,554.89,snow,Flooded Grasslands & Savannas,cultivation years,CU05,0,20,,,wetland,,,,bulk soil,,,,,,18603.947,14203.34,4400.607,,,,,26.1627907,,,5.19,,,,
195,148,,47.583,133.517,,,1.87,554.89,snow,Flooded Grasslands & Savannas,cultivation years,CU15,0,20,,,wetland,,,,bulk soil,,,,,,15204.854,11016.69,4188.164,,,,,25.91362126,,,5.09,,,,
196,148,,47.583,133.517,,,1.87,554.89,snow,Flooded Grasslands & Savannas,cultivation years,CU25,0,20,,,wetland,,,,bulk soil,,,,,,13990.897,10197.27,3793.627,,,,,25.49833887,,,5.19,,,,
197,148,,47.583,133.517,,,1.87,554.89,snow,Flooded Grasslands & Savannas,cultivation years,RE06,0,20,,,wetland,,,,bulk soil,,,,,,17056.145,11684.37,5371.775,,,,,34.80066445,,,5.44,,,,
198,148,,47.583,133.517,,,1.87,554.89,snow,Flooded Grasslands & Savannas,cultivation years,RE12,0,20,,,wetland,,,,bulk soil,,,,,,18421.853,12352.05,6069.803,,,,,36.21262458,,,5.43,,,,
199,147,,,,,,,,,,,,0,15,,,cropland,,,,bulk soil,,783,38,377,,8269.190901,6559.190901,1710,,,,,,27.6,2.11,6.91,,7.9,66.9,25.2
200,147,,,,,,,,,,,,0,15,,,cropland,,,,bulk soil,,339,18,180,,3629.932532,2819.932532,810,,,,,,14.1,1.26,7.32,,8.4,67.9,23.7
201,147,,,,,,,,,,,,0,15,,,cropland,,,,bulk soil,,711,57,460,,8232.286351,5667.286351,2565,,,,,,27.3,2.89,5.27,,6.7,69.4,23.9
202,147,,,,,,,,,,,,0,15,,,cropland,,,,bulk soil,,673,59,407,,7954.612188,5299.612188,2655,,,,,,25.7,2.21,5.27,,7.4,70.1,22.5
203,146,,34.85,92.93,,,-4.73,282.44,polar,Montane Grasslands & Shrublands,species,Swamp meadow,0,10,,,grassland,,,,bulk soil,,1086,67,,,11928.91554,8913.915536,3015,,,,,,39.3,1.61,6.13,,6,42,52
204,146,,34.85,92.93,,,-4.73,282.44,polar,Montane Grasslands & Shrublands,species,Swamp meadow,0,10,,,grassland,,,,bulk soil,,1281,78.1,,,14040.92393,10526.42393,3514.5,,,,,,37.2,1.96,8.77,,,,
205,146,,34.85,92.93,,,-4.73,282.44,polar,Montane Grasslands & Shrublands,species,Swamp meadow,10,20,,,grassland,,,,bulk soil,,620,67.4,,,7747.780703,4714.780703,3033,,,,,,46.8,1.53,8.6,,,,
206,146,,34.85,92.93,,,-4.73,282.44,polar,Montane Grasslands & Shrublands,species,Swamp meadow,10,20,,,grassland,,,,bulk soil,,729,73.4,,,8921.758214,5618.758214,3303,,,,,,44.4,1.61,8.76,,,,
207,146,,34.85,92.93,,,-4.73,282.44,polar,Montane Grasslands & Shrublands,species,Alpine steppe,0,10,,,grassland,,,,bulk soil,,146,28.1,,,2217.778008,953.2780082,1264.5,,,,,,7.8,0.39,8.8,,,,
208,146,,34.85,92.93,,,-4.73,282.44,polar,Montane Grasslands & Shrublands,species,Alpine steppe,0,10,,,grassland,,,,bulk soil,,138,27.5,,,2126.480257,888.9802571,1237.5,,,,,,6.16,0.4,8.58,,,,
209,146,,34.85,92.93,,,-4.73,282.44,polar,Montane Grasslands & Shrublands,species,Alpine steppe,10,20,,,grassland,,,,bulk soil,,127,18.4,,,1734.797699,906.7976993,828,,,,,,8.89,0.35,8.59,,,,
210,146,,34.85,92.93,,,-4.73,282.44,polar,Montane Grasslands & Shrublands,species,Alpine steppe,10,20,,,grassland,,,,bulk soil,,114,17.4,,,1585.634781,802.6347809,783,,,,,,7.91,0.27,8.57,,,,
211,145,corrected values,31.5,120.55,,,16.54,1042.8,temperate,Temperate Broadleaf & Mixed Forests,warming; eCO2,control,0,15,,Gleyic Stagnic Anthrosol,cropland,,,2018,bulk soil,,559,19.8,,,5667.825785,4776.825785,891,,,497,,19.8,19.8,1.81,7.51,water,27.6,38.6,33.8
212,145,corrected values,31.5,120.55,,,16.54,1042.8,temperate,Temperate Broadleaf & Mixed Forests,warming; eCO2,eCO2,0,15,,Gleyic Stagnic Anthrosol,cropland,,,2018,bulk soil,,679,21.5,,,6802.502746,5835.002746,967.5,,,635,,22.1,22.1,1.98,7.27,water,27.6,38.6,33.8
213,145,corrected values,31.5,120.55,,,16.54,1042.8,temperate,Temperate Broadleaf & Mixed Forests,warming; eCO2,warming,0,15,,Gleyic Stagnic Anthrosol,cropland,,,2018,bulk soil,,564,24.2,,,5854.342626,4765.342626,1089,,,556,,21,21,1.99,7.45,water,27.6,38.6,33.8
214,145,corrected values,31.5,120.55,,,16.54,1042.8,temperate,Temperate Broadleaf & Mixed Forests,warming; eCO2,eCO2 + warming,0,15,,Gleyic Stagnic Anthrosol,cropland,,,2018,bulk soil,,727,27.8,,,7437.129133,6186.129133,1251,,,710,,24.9,24.9,2.2,7.15,water,27.6,38.6,33.8
215,144,,41.49,123.34,"lat-lon of Shenyang, China",,8.18,795.71,snow,Temperate Broadleaf & Mixed Forests,,,0,20,,,cropland,,,,aggregate,>2mm,,,,,4865.42665,3881.32615,984.1005,,,,,,,,6,,,,16.7
216,144,,41.49,123.34,"lat-lon of Shenyang, China",,8.18,795.71,snow,Temperate Broadleaf & Mixed Forests,,,0,20,,,cropland,,,,aggregate,0.250-2mm,,,,,5021.05364,4068.05714,952.9965,,,,,,,,6,,,,
217,144,,41.49,123.34,"lat-lon of Shenyang, China",,8.18,795.71,snow,Temperate Broadleaf & Mixed Forests,,,0,20,,,cropland,,,,aggregate,0.250-2mm,,,,,4757.33032,3824.91682,932.4135,,,,,,,,6,,,,
218,144,,41.49,123.34,"lat-lon of Shenyang, China",,8.18,795.71,snow,Temperate Broadleaf & Mixed Forests,,,0,20,,,cropland,,,,aggregate,<0.250mm,,,,,5057.12273,4103.43773,953.685,,,,,,,,6,,,,
219,144,,41.49,123.34,"lat-lon of Shenyang, China",,8.18,795.71,snow,Temperate Broadleaf & Mixed Forests,,,0,20,,,cropland,,,,aggregate,>2mm,,,,,5293.84553,4705.75403,588.0915,,,,,,,,6,,,,
220,144,,41.49,123.34,"lat-lon of Shenyang, China",,8.18,795.71,snow,Temperate Broadleaf & Mixed Forests,,,0,20,,,cropland,,,,aggregate,0.250-2mm,,,,,5035.63915,4311.09415,724.545,,,,,,,,6,,,,
221,144,,41.49,123.34,"lat-lon of Shenyang, China",,8.18,795.71,snow,Temperate Broadleaf & Mixed Forests,,,0,20,,,cropland,,,,aggregate,0.250-2mm,,,,,3989.29897,3285.35497,703.944,,,,,,,,6,,,,
222,144,,41.49,123.34,"lat-lon of Shenyang, China",,8.18,795.71,snow,Temperate Broadleaf & Mixed Forests,,,0,20,,,cropland,,,,aggregate,<0.250mm,,,,,4283.25161,3317.33561,965.916,,,,,,,,6,,,,
223,144,,41.49,123.34,"lat-lon of Shenyang, China",,8.18,795.71,snow,Temperate Broadleaf & Mixed Forests,,,0,20,,,cropland,,,,aggregate,>2mm,,,,,6363.61587,5124.89637,1238.7195,,,,,,,,6,,,,
224,144,,41.49,123.34,"lat-lon of Shenyang, China",,8.18,795.71,snow,Temperate Broadleaf & Mixed Forests,,,0,20,,,cropland,,,,aggregate,0.250-2mm,,,,,5137.72685,4170.80735,966.9195,,,,,,,,6,,,,
225,144,,41.49,123.34,"lat-lon of Shenyang, China",,8.18,795.71,snow,Temperate Broadleaf & Mixed Forests,,,0,20,,,cropland,,,,aggregate,0.250-2mm,,,,,6469.00536,5281.91436,1187.091,,,,,,,,6,,,,
226,144,,41.49,123.34,"lat-lon of Shenyang, China",,8.18,795.71,snow,Temperate Broadleaf & Mixed Forests,,,0,20,,,cropland,,,,aggregate,<0.250mm,,,,,7264.80937,5909.94487,1354.8645,,,,,,,,6,,,,
227,144,,41.49,123.34,"lat-lon of Shenyang, China",,8.18,795.71,snow,Temperate Broadleaf & Mixed Forests,,,0,20,,,cropland,,,,aggregate,>2mm,,,,,6930.20157,5595.55557,1334.646,,,,,,,,5.7,,,,
228,144,,41.49,123.34,"lat-lon of Shenyang, China",,8.18,795.71,snow,Temperate Broadleaf & Mixed Forests,,,0,20,,,cropland,,,,aggregate,0.250-2mm,,,,,6690.72749,5292.95999,1397.7675,,,,,,,,5.7,,,,
229,144,,41.49,123.34,"lat-lon of Shenyang, China",,8.18,795.71,snow,Temperate Broadleaf & Mixed Forests,,,0,20,,,cropland,,,,aggregate,0.250-2mm,,,,,7400.43396,5855.81346,1544.6205,,,,,,,,5.7,,,,
230,144,,41.49,123.34,"lat-lon of Shenyang, China",,8.18,795.71,snow,Temperate Broadleaf & Mixed Forests,,,0,20,,,cropland,,,,aggregate,<0.250mm,,,,,7346.29833,5728.10283,1618.1955,,,,,,,,5.7,,,,
231,144,,41.49,123.34,"lat-lon of Shenyang, China",,8.18,795.71,snow,Temperate Broadleaf & Mixed Forests,,,0,20,,,cropland,,,,aggregate,>2mm,,,,,7156.16786,5903.52986,1252.638,,,,,,,,5.7,,,,
232,144,,41.49,123.34,"lat-lon of Shenyang, China",,8.18,795.71,snow,Temperate Broadleaf & Mixed Forests,,,0,20,,,cropland,,,,aggregate,0.250-2mm,,,,,7425.86805,5994.96705,1430.901,,,,,,,,5.7,,,,
233,144,,41.49,123.34,"lat-lon of Shenyang, China",,8.18,795.71,snow,Temperate Broadleaf & Mixed Forests,,,0,20,,,cropland,,,,aggregate,0.250-2mm,,,,,6894.17725,5211.75775,1682.4195,,,,,,,,5.7,,,,
234,144,,41.49,123.34,"lat-lon of Shenyang, China",,8.18,795.71,snow,Temperate Broadleaf & Mixed Forests,,,0,20,,,cropland,,,,aggregate,<0.250mm,,,,,6884.93784,5066.12784,1818.81,,,,,,,,5.7,,,,
235,144,,41.49,123.34,"lat-lon of Shenyang, China",,8.18,795.71,snow,Temperate Broadleaf & Mixed Forests,,,0,20,,,cropland,,,,aggregate,>2mm,,,,,8227.73451,6272.17851,1955.556,,,,,,,,5.7,,,,
236,144,,41.49,123.34,"lat-lon of Shenyang, China",,8.18,795.71,snow,Temperate Broadleaf & Mixed Forests,,,0,20,,,cropland,,,,aggregate,0.250-2mm,,,,,7537.28396,5801.19296,1736.091,,,,,,,,5.7,,,,
237,144,,41.49,123.34,"lat-lon of Shenyang, China",,8.18,795.71,snow,Temperate Broadleaf & Mixed Forests,,,0,20,,,cropland,,,,aggregate,0.250-2mm,,,,,8896.64295,6950.85645,1945.7865,,,,,,,,5.7,,,,
238,144,,41.49,123.34,"lat-lon of Shenyang, China",,8.18,795.71,snow,Temperate Broadleaf & Mixed Forests,,,0,20,,,cropland,,,,aggregate,<0.250mm,,,,,9542.51123,7240.55423,2301.957,,,,,,,,5.7,,,,
239,143,,48.71,9.21,,354,9.3,692.29,temperate,Temperate Broadleaf & Mixed Forests,,,0,,,Calcaric Phaeozem,cropland,,,,bulk soil,,707,36,347,18,7520.865064,5900.865064,1620,,,,,,20.1,1.52,7.5,,14.7,24.4,60.9
240,143,,48.71,9.21,,354,9.3,692.29,temperate,Temperate Broadleaf & Mixed Forests,,,0,,,Calcaric Phaeozem,cropland,,,,aggregate,0.250-2mm,354,36,94,,4343.865064,2723.865064,1620,,,,,,9.9,0.28,7.5,,14.7,24.4,60.9
241,143,,48.71,9.21,,354,9.3,692.29,temperate,Temperate Broadleaf & Mixed Forests,,,0,,,Calcaric Phaeozem,cropland,,,,aggregate,0.063-0.250mm,125,7,33,12,1350.140429,1035.140429,315,,,,,,9.9,0.47,7.5,,14.7,24.4,60.9
242,143,,48.71,9.21,,354,9.3,692.29,temperate,Temperate Broadleaf & Mixed Forests,,,0,,,Calcaric Phaeozem,cropland,,,,aggregate,0.002-0.020mm,1050,43,471,42,10833.00549,8898.005493,1935,,,,,,25,2.23,7.5,,14.7,24.4,60.9
243,143,,48.71,9.21,,354,9.3,692.29,temperate,Temperate Broadleaf & Mixed Forests,,,0,,,Calcaric Phaeozem,cropland,,,,aggregate,<0.002mm,2130,173,1330,63,24734.18489,16949.18489,7785,,,,,,61.1,5.51,7.5,,14.7,24.4,60.9
244,142,,37,-4.5,,1300,17.07,510.06,temperate,"Mediterranean Forests, Woodlands & Scrub",,,0,5,,,forest,,,,bulk soil,,761,47,,,8360.657167,6245.657167,2115,,,,,18.7,,,6.9,,18.56,,
245,142,,37,-4.5,,1300,17.07,510.06,temperate,"Mediterranean Forests, Woodlands & Scrub",,,0,5,,,forest,,,,aggregate,0.250-2mm,511,23,,,5338.747124,4303.747124,1035,,,,,18.7,,,6.6,,30.16,,
246,142,,37,-4.5,,1300,17.07,510.06,temperate,"Mediterranean Forests, Woodlands & Scrub",,,0,5,,,forest,,,,aggregate,0.002-0.250mm,546,25,,,5718.072961,4593.072961,1125,,,,,18.7,,,6.6,,30.16,,
247,142,,37,-4.5,,1300,17.07,510.06,temperate,"Mediterranean Forests, Woodlands & Scrub",,,0,5,,,forest,,,,aggregate,0.002-0.250mm,735,56,,,8416.123433,5896.123433,2520,,,,,18.7,,,6.6,,30.16,,
248,142,,37,-4.5,,1300,17.07,510.06,temperate,"Mediterranean Forests, Woodlands & Scrub",,,0,5,,,forest,,,,aggregate,<0.002mm,1216,132,,,15189.50523,9249.505234,5940,,,,,18.7,,,6.6,,30.16,,
249,142,,37,-4.5,,1300,17.07,510.06,temperate,"Mediterranean Forests, Woodlands & Scrub",,,0,5,,,forest,,,,bulk soil,,431,16,,,4393.606695,3673.606695,720,,,,,13.8,,,6.6,,30.16,,
250,142,,37,-4.5,,1300,17.07,510.06,temperate,"Mediterranean Forests, Woodlands & Scrub",,,0,5,,,forest,,,,aggregate,0.250-2mm,273,11,,,2810.792103,2315.792103,495,,,,,13.8,,,6.9,,18.56,,
251,142,,37,-4.5,,1300,17.07,510.06,temperate,"Mediterranean Forests, Woodlands & Scrub",,,0,5,,,forest,,,,aggregate,0.002-0.250mm,312,10,,,3129.629184,2679.629184,450,,,,,13.8,,,6.9,,18.56,,
252,142,,37,-4.5,,1300,17.07,510.06,temperate,"Mediterranean Forests, Woodlands & Scrub",,,0,5,,,forest,,,,aggregate,0.002-0.250mm,424,33,,,4877.376309,3392.376309,1485,,,,,13.8,,,6.9,,18.56,,
253,142,,37,-4.5,,1300,17.07,510.06,temperate,"Mediterranean Forests, Woodlands & Scrub",,,0,5,,,forest,,,,aggregate,<0.002mm,810,79,,,9830.870557,6275.870557,3555,,,,,13.8,,,6.9,,18.56,,
254,141,,48.5,11.45,,473,8.29,837.11,temperate,Temperate Broadleaf & Mixed Forests,,,0,20,,Cambisols,forest,,,,bulk soil,,617,40,302,,6839.516738,5039.516738,1800,,,168,19,,13,1.6,,,19,54,27
255,141,,48.5,11.45,,473,8.29,837.11,temperate,Temperate Broadleaf & Mixed Forests,,,0,20,,Cambisols,forest,,,,bulk soil,,658,43,275,,7305.005493,5370.005493,1935,,,222,24,,12.3,1.6,,,23,50,27
256,141,,48.5,11.45,,473,8.29,837.11,temperate,Temperate Broadleaf & Mixed Forests,,,0,20,,Cambisols,forest,,,,bulk soil,,672,42,288,,7398.842575,5508.842575,1890,,,193,21,,11.3,1.6,,,19,54,27
257,141,,48.5,11.45,,473,8.29,837.11,temperate,Temperate Broadleaf & Mixed Forests,,,0,20,,Cambisols,forest,,,,bulk soil,,604,41,289,,6754.679656,4909.679656,1845,,,197,22,,14,1.6,,,19,54,27
258,141,,48.5,11.45,,473,8.29,837.11,temperate,Temperate Broadleaf & Mixed Forests,,,0,20,,Cambisols,forest,,,,bulk soil,,625,43,280,,7008.005493,5073.005493,1935,,,189,20,,12.5,1.6,,,19,54,27
259,141,,48.5,11.45,,473,8.29,837.11,temperate,Temperate Broadleaf & Mixed Forests,,,0,20,,Cambisols,forest,,,,bulk soil,,634,40,298,,6992.516738,5192.516738,1800,,,184,19,,12.1,1.6,,,19,54,27
260,141,,48.5,11.45,,473,8.29,837.11,temperate,Temperate Broadleaf & Mixed Forests,,,0,20,,Cambisols,forest,,,,bulk soil,,654,42,287,,7236.842575,5346.842575,1890,,,212,26,,13.3,1.6,,,19,54,27
261,141,,48.833,11.75,,,7.89,724.56,temperate,Temperate Broadleaf & Mixed Forests,management,Integrated,0,25,,,cropland,,,,bulk soil,,658,42.7,,,7295.356617,5373.856617,1921.5,1921.5,5373.76,,,12.3,,1.33,,,,,
262,141,,48.833,11.75,,,7.89,724.56,temperate,Temperate Broadleaf & Mixed Forests,management,Organic farming,0,25,,,cropland,,,,bulk soil,,617,40.1,,,6842.733029,5038.233029,1804.5,1804.5,5038.15,,,13,,1.46,,,23,,
263,140,,6.05,160.33,,650,,,,,,,0,5,,,forest,,,,bulk soil,,524,53,,,6420.634677,4035.634677,2385,,,,,28.9,,,4.52,,,,
264,140,,6.05,160.33,,650,,,,,,,5,15,,,forest,,,,bulk soil,,487,67,,,6537.915536,3522.915536,3015,,,,,15.1,,,,,,,
265,140,,6.05,160.33,,650,,,,,,,30,50,,,forest,,,,bulk soil,,277,53,,,4197.634677,1812.634677,2385,,,,,8.04,,,,,,,
266,140,,6.05,160.33,,650,,,,,,,50,75,,,forest,,,,bulk soil,,260,42,,,3690.842575,1800.842575,1890,,,,,5.72,,,,,,,
267,140,,6.05,160.33,,700,,,,,,,0,5,,,forest,,,,bulk soil,,618,102,,,8842.617681,4252.617681,4590,,,,,32.7,,,,,,,
268,140,,6.05,160.33,,700,,,,,,,5,15,,,forest,,,,bulk soil,,357,47,,,4724.657167,2609.657167,2115,,,,,19.6,,,,,,,
269,140,,6.05,160.33,,700,,,,,,,30,50,,,forest,,,,bulk soil,,251,38,,,3481.190901,1771.190901,1710,,,,,8.25,,,,,,,
270,140,,6.05,160.33,,700,,,,,,,50,75,,,forest,,,,bulk soil,,47,5,,,583.8145922,358.8145922,225,,,,,4.54,,,,,,,
271,140,,6.05,160.33,,650,,,,,,,0,5,,,forest,,,,bulk soil,,422,43,,,5181.005493,3246.005493,1935,,,,,28.9,,,,,,,
272,140,,6.05,160.33,,650,,,,,,,5,15,,,forest,,,,bulk soil,,509,70,,,6832.404291,3682.404291,3150,,,,,15.1,,,,,,,
273,140,,6.05,160.33,,650,,,,,,,30,50,,,forest,,,,bulk soil,,287,53,,,4287.634677,1902.634677,2385,,,,,8.04,,,,,,,
274,140,,6.05,160.33,,650,,,,,,,50,75,,,forest,,,,bulk soil,,272,43,,,3831.005493,1896.005493,1935,,,,,5.72,,,,,,,
275,140,,6.05,160.33,,700,,,,,,,0,5,,,forest,,,,bulk soil,,625,99,,,8809.128926,4354.128926,4455,,,,,32.7,,,,,,,
276,140,,6.05,160.33,,700,,,,,,,5,15,,,forest,,,,bulk soil,,334,78,,,5514.707638,2004.707638,3510,,,,,19.6,,,,,,,
277,140,,6.05,160.33,,700,,,,,,,30,50,,,forest,,,,bulk soil,,275,39,,,3729.353819,1974.353819,1755,,,,,8.25,,,,,,,
278,140,,6.05,160.33,,700,,,,,,,50,75,,,forest,,,,bulk soil,,217,69,,,4172.241372,1067.241372,3105,,,,,4.54,,,,,,,
279,139,,45.37,-75.8,"lat-lon of Ottawa ON, Canada",59,5.9,878.14,snow,Temperate Broadleaf & Mixed Forests,nitrogen,,0,15,,Gleysol/Endoaquoll,cropland,,,,aggregate,<0.005mm,470,101,304,89,7478.454763,2933.454763,4545,,,,,19.7,19.7,1.9,9.1,,36,28,36
280,139,,45.37,-75.8,"lat-lon of Ottawa ON, Canada",59,5.9,878.14,snow,Temperate Broadleaf & Mixed Forests,manure,,0,15,,Gleysol/Endoaquoll,cropland,,,,aggregate,<0.005mm,568,119,321,85,8939.387295,3584.387295,5355,,,,,25.3,25.3,2.4,6.5,,36,28,36
281,139,,45.37,-75.8,"lat-lon of Ottawa ON, Canada",,5.9,878.14,snow,Temperate Broadleaf & Mixed Forests,,,0,15,,Gleysol/Endoaquoll,cropland,,,,aggregate,<0.005mm,776,273,401,91,15764.47673,3479.476734,12285,,,,,38.1,38.1,3.9,,,36,28,36
282,139,,45.37,-75.8,"lat-lon of Ottawa ON, Canada",,5.9,878.14,snow,Temperate Broadleaf & Mixed Forests,,,0,15,,Gleysol/Endoaquoll,cropland,,,,aggregate,<0.005mm,492,117,326,101,8191.061458,2926.061458,5265,,,,,30.3,30.3,2.9,,,36,28,36
283,139,,45.37,-75.8,"lat-lon of Ottawa ON, Canada",,5.9,878.14,snow,Temperate Broadleaf & Mixed Forests,,,0,15,,Gleysol/Endoaquoll,cropland,,,,aggregate,<0.005mm,426,79,297,86,6374.870557,2819.870557,3555,,,,,38.1,38.1,3.7,,,36,28,36
284,138,,49.52,10.27,,430,9.68,659.91,temperate,Temperate Broadleaf & Mixed Forests,,,,,O horizon,,forest,,,,bulk soil,,65,2,,,649.3258369,559.3258369,90,,,,,56.6,,,,,,,
285,138,,49.52,10.27,,430,9.68,659.91,temperate,Temperate Broadleaf & Mixed Forests,,,0,10,,,forest,,,,bulk soil,,21,1,,,221.1629184,176.1629184,45,,,,,18.3,,,,,,,
286,137,,13.96,77.57,,575,25.26,732.15,equatorial,Deserts & Xeric Shrublands,fertilizer,Low-N,0,10,,Nitisol,cropland,,maize,2018,bulk soil,,750,44,237,,8165.168411,6185.168411,1980,,,165,29,9.2,,0.86,7,water,28,,
287,137,,13.96,77.57,,575,25.26,732.15,equatorial,Deserts & Xeric Shrublands,fertilizer,High-N,0,10,,Nitisol,cropland,,maize,2018,bulk soil,,694,49,272,,7821.983004,5616.983004,2205,,,179,29,9.2,,0.86,7,water,30,,
288,137,,13.96,77.57,,575,25.26,732.15,equatorial,Deserts & Xeric Shrublands,fertilizer,Low-N,0,10,,Nitisol,cropland,,millet,2018,bulk soil,,772,49,293,,8523.983004,6318.983004,2205,,,166,28,9.2,,0.86,7.3,water,32,,
289,137,,13.96,77.57,,575,25.26,732.15,equatorial,Deserts & Xeric Shrublands,fertilizer,High-N,0,10,,Nitisol,cropland,,millet,2018,bulk soil,,782,50,266,,8646.145922,6396.145922,2250,,,180,31,9.2,,0.86,7.2,water,28,,
290,137,,13.96,77.57,,575,25.26,732.15,equatorial,Deserts & Xeric Shrublands,fertilizer,Low-N,0,10,,Acrisol,cropland,,maize,2018,bulk soil,,363,35,126,,4392.702145,2817.702145,1575,,,80,13,4.5,,0.43,5,water,18,,
291,137,,13.96,77.57,,575,25.26,732.15,equatorial,Deserts & Xeric Shrublands,fertilizer,High-N,0,10,,Acrisol,cropland,,maize,2018,bulk soil,,423,40,143,,5093.516738,3293.516738,1800,,,95,14,4.4,,0.43,4.9,water,18,,
292,137,,13.96,77.57,,575,25.26,732.15,equatorial,Deserts & Xeric Shrublands,fertilizer,Low-N,0,10,,Acrisol,cropland,,millet,2018,bulk soil,,425,42,170,,5175.842575,3285.842575,1890,,,102,17,5.3,,0.5,5.5,water,19,,
293,137,,13.96,77.57,,575,25.26,732.15,equatorial,Deserts & Xeric Shrublands,fertilizer,High-N,0,10,,Acrisol,cropland,,millet,2018,bulk soil,,480,44,164,,5735.168411,3755.168411,1980,,,107,17,4.8,,0.46,5.2,water,17,,
294,136,,42.26,128.17,,600,1.76,764.26,snow,Temperate Broadleaf & Mixed Forests,,,0,15,,Mollisols,forest,,,,bulk soil,,372,50,115,31,4956.145922,2706.145922,2250,,,,,,89.2,7.47,5.86,,11.1,56.7,32.2
295,136,,27.03,118.09,,381,17.13,1754.03,temperate,Tropical & Subtropical Moist Broadleaf Forests,,,0,15,,Ultisols,forest,,,,bulk soil,,107,42,52,15,2313.842575,423.8425745,1890,,,,,,46.3,3.01,4.13,,13.4,31.4,55.2
296,136,,34.49,112.27,,441,12.27,652.47,temperate,Temperate Broadleaf & Mixed Forests,,,0,15,,Inceptisols,cropland,,,,bulk soil,,9,5,2,3,241.8145922,16.81459221,225,,,,,,19,1.35,8.24,,10.3,48,41.7
297,135,,43.5,124.8,,205,5.62,637.32,snow,Temperate Broadleaf & Mixed Forests,fertilizer,N0,0,20,,Typic Hapludoll,cropland,,,,bulk soil,,906,98.5,,,11322.04747,6889.547466,4432.5,,,,,15.6,,1.5,6.1,water,41,33,26
298,135,,43.5,124.8,,205,5.62,637.32,snow,Temperate Broadleaf & Mixed Forests,fertilizer,"Nlow, 60.3 mgN/kg soil",0,20,,Typic Hapludoll,cropland,,,,bulk soil,,906,93.6,,,11164.44917,6952.449166,4212,,,,,15.6,,1.5,6.1,water,27,32.4,25.7
299,135,,43.5,124.8,,205,5.62,637.32,snow,Temperate Broadleaf & Mixed Forests,fertilizer,"Nmed, 167.2 mgN/kg soil",0,20,,Typic Hapludoll,cropland,,,,bulk soil,,943,110,,,12024.92103,7074.921029,4950,,,,,15.6,,1.5,6.1,water,27,32.4,25.7
300,135,,43.5,124.8,,205,5.62,637.32,snow,Temperate Broadleaf & Mixed Forests,fertilizer,"Nhigh, 701.9 mgN/kg soil",0,20,,Typic Hapludoll,cropland,,,,bulk soil,,965,107,,,12126.43227,7311.432273,4815,,,,,15.6,,1.5,6.1,water,,,
301,135,,43.5,124.8,,205,5.62,637.32,snow,Temperate Broadleaf & Mixed Forests,fertilizer,N0,0,20,,Typic Hapludoll,cropland,,,,bulk soil,,890,96.3,,,11107.28905,6773.789046,4333.5,,,,,15.6,,1.5,6.1,water,,,
302,135,,43.5,124.8,,205,5.62,637.32,snow,Temperate Broadleaf & Mixed Forests,fertilizer,Nlow,0,20,,Typic Hapludoll,cropland,,,,bulk soil,,933,99.4,,,11593.99409,7120.994093,4473,,,,,15.6,,1.5,6.1,water,,,
303,135,,43.5,124.8,,205,5.62,637.32,snow,Temperate Broadleaf & Mixed Forests,fertilizer,Nmed,0,20,,Typic Hapludoll,cropland,,,,bulk soil,,998,109,,,12487.75811,7582.75811,4905,,,,,15.6,,1.5,6.1,water,,,
304,135,,43.5,124.8,,205,5.62,637.32,snow,Temperate Broadleaf & Mixed Forests,fertilizer,Nhigh,0,20,,Typic Hapludoll,cropland,,,,bulk soil,,1105,116,,,13675.89854,8455.898539,5220,,,,,15.6,,1.5,6.1,water,,,
305,135,,43.5,124.8,,205,5.62,637.32,snow,Temperate Broadleaf & Mixed Forests,fertilizer,N0,0,20,,Typic Hapludoll,cropland,,,,bulk soil,,969,108,,,12194.59519,7334.595192,4860,,,,,15.6,,1.5,6.1,water,,,
306,135,,43.5,124.8,,205,5.62,637.32,snow,Temperate Broadleaf & Mixed Forests,fertilizer,Nlow,0,20,,Typic Hapludoll,cropland,,,,bulk soil,,937,115,,,12131.73562,6956.735621,5175,,,,,15.6,,1.5,6.1,water,,,
307,135,,43.5,124.8,,205,5.62,637.32,snow,Temperate Broadleaf & Mixed Forests,fertilizer,Nmed,0,20,,Typic Hapludoll,cropland,,,,bulk soil,,1067,123,,,13559.03897,8024.038968,5535,,,,,15.6,,1.5,6.1,water,,,
308,135,,43.5,124.8,,205,5.62,637.32,snow,Temperate Broadleaf & Mixed Forests,fertilizer,Nhigh,0,20,,Typic Hapludoll,cropland,,,,bulk soil,,1142,131,,,14491.34232,8596.342316,5895,,,,,15.6,,1.5,6.1,water,,,
309,135,,43.5,124.8,,205,5.62,637.32,snow,Temperate Broadleaf & Mixed Forests,fertilizer,N0,0,20,,Typic Hapludoll,cropland,,,,bulk soil,,1062,113,,,13192.40978,8107.409784,5085,,,,,15.6,,1.5,6.1,water,,,
310,135,,43.5,124.8,,205,5.62,637.32,snow,Temperate Broadleaf & Mixed Forests,fertilizer,Nlow,0,20,,Typic Hapludoll,cropland,,,,bulk soil,,1107,108,,,13436.59519,8576.595192,4860,,,,,15.6,,1.5,6.1,water,,,
311,135,,43.5,124.8,,205,5.62,637.32,snow,Temperate Broadleaf & Mixed Forests,fertilizer,Nmed,0,20,,Typic Hapludoll,cropland,,,,bulk soil,,1149,119,,,14168.38729,8813.387295,5355,,,,,15.6,,1.5,6.1,water,,,
312,135,,43.5,124.8,,205,5.62,637.32,snow,Temperate Broadleaf & Mixed Forests,fertilizer,Nhigh,0,20,,Typic Hapludoll,cropland,,,,bulk soil,,1136,120,,,14083.55021,8683.550213,5400,,,,,15.6,,1.5,6.1,water,,,
313,135,,43.5,124.8,,205,5.62,637.32,snow,Temperate Broadleaf & Mixed Forests,fertilizer,N0,0,20,,Typic Hapludoll,cropland,,,,bulk soil,,1142,109,,,13783.75811,8878.75811,4905,,,,,15.6,,1.5,6.1,water,,,
314,135,,43.5,124.8,,205,5.62,637.32,snow,Temperate Broadleaf & Mixed Forests,fertilizer,Nlow,0,20,,Typic Hapludoll,cropland,,,,bulk soil,,1170,106,,,13939.26935,9169.269355,4770,,,,,15.6,,1.5,6.1,water,,,
315,135,,43.5,124.8,,205,5.62,637.32,snow,Temperate Broadleaf & Mixed Forests,fertilizer,Nmed,0,20,,Typic Hapludoll,cropland,,,,bulk soil,,1242,118,,,14973.22438,9663.224376,5310,,,,,15.6,,1.5,6.1,water,,,
316,135,,43.5,124.8,,205,5.62,637.32,snow,Temperate Broadleaf & Mixed Forests,fertilizer,Nhigh,0,20,,Typic Hapludoll,cropland,,,,bulk soil,,1220,116,,,14710.89854,9490.898539,5220,,,,,15.6,,1.5,6.1,water,,,
317,135,,43.5,124.8,,205,5.62,637.32,snow,Temperate Broadleaf & Mixed Forests,fertilizer,N0,0,20,,Typic Hapludoll,cropland,,,,bulk soil,,1197,104,,,14117.94352,9437.943518,4680,,,,,15.6,,1.5,6.1,water,,,
318,135,,43.5,124.8,,205,5.62,637.32,snow,Temperate Broadleaf & Mixed Forests,fertilizer,Nlow,0,20,,Typic Hapludoll,cropland,,,,bulk soil,,1204,105,,,14213.10644,9488.106436,4725,,,,,15.6,,1.5,6.1,water,,,
319,135,,43.5,124.8,,205,5.62,637.32,snow,Temperate Broadleaf & Mixed Forests,fertilizer,Nmed,0,20,,Typic Hapludoll,cropland,,,,bulk soil,,1298,103,,,14994.7806,10359.7806,4635,,,,,15.6,,1.5,6.1,water,,,
320,135,,43.5,124.8,,205,5.62,637.32,snow,Temperate Broadleaf & Mixed Forests,fertilizer,Nhigh,0,20,,Typic Hapludoll,cropland,,,,bulk soil,,1301,107,,,15150.43227,10335.43227,4815,,,,,15.6,,1.5,6.1,water,,,
321,135,,43.5,124.8,,205,5.62,637.32,snow,Temperate Broadleaf & Mixed Forests,fertilizer,N0,0,20,,Typic Hapludoll,cropland,,,,bulk soil,,1168,103,,,13824.7806,9189.780599,4635,,,,,15.6,,1.5,6.1,water,,,
322,135,,43.5,124.8,,205,5.62,637.32,snow,Temperate Broadleaf & Mixed Forests,fertilizer,Nlow,0,20,,Typic Hapludoll,cropland,,,,bulk soil,,1117,107,,,13494.43227,8679.432273,4815,,,,,15.6,,1.5,6.1,water,,,
323,135,,43.5,124.8,,205,5.62,637.32,snow,Temperate Broadleaf & Mixed Forests,fertilizer,Nmed,0,20,,Typic Hapludoll,cropland,,,,bulk soil,,1295,106,,,15064.26935,10294.26935,4770,,,,,15.6,,1.5,6.1,water,,,
324,135,,43.5,124.8,,205,5.62,637.32,snow,Temperate Broadleaf & Mixed Forests,fertilizer,Nhigh,0,20,,Typic Hapludoll,cropland,,,,bulk soil,,1318,106,,,15271.26935,10501.26935,4770,,,,,15.6,,1.5,6.1,water,,,
325,135,,43.5,124.8,,205,5.62,637.32,snow,Temperate Broadleaf & Mixed Forests,fertilizer,N0,0,20,,Typic Hapludoll,cropland,,,,bulk soil,,1150,97,,,13469.80309,9104.803089,4365,,,,,15.6,,1.5,6.1,water,,,
326,135,,43.5,124.8,,205,5.62,637.32,snow,Temperate Broadleaf & Mixed Forests,fertilizer,Nlow,0,20,,Typic Hapludoll,cropland,,,,bulk soil,,1101,101,,,13157.45476,8612.454763,4545,,,,,15.6,,1.5,6.1,water,,,
327,135,,43.5,124.8,,205,5.62,637.32,snow,Temperate Broadleaf & Mixed Forests,fertilizer,Nmed,0,20,,Typic Hapludoll,cropland,,,,bulk soil,,1212,104,,,14252.94352,9572.943518,4680,,,,,15.6,,1.5,6.1,water,,,
328,135,,43.5,124.8,,205,5.62,637.32,snow,Temperate Broadleaf & Mixed Forests,fertilizer,Nhigh,0,20,,Typic Hapludoll,cropland,,,,bulk soil,,1254,104,,,14630.94352,9950.943518,4680,,,,,15.6,,1.5,6.1,water,,,
329,134,,26.45,115.04,,100,18.48,1526.47,temperate,Tropical & Subtropical Moist Broadleaf Forests,,,0,10,,,forest,,,,bulk soil,,1031,20,,,9922.258369,9022.258369,900,,,,,17.1,,,4.85,,,,
330,134,,26.45,115.04,,100,18.48,1526.47,temperate,Tropical & Subtropical Moist Broadleaf Forests,,,0,10,,,forest,,,,bulk soil,,1291,26,,,12455.23588,11285.23588,1170,,,,,19.5,,,4.7,,,,
331,134,,26.45,115.04,,100,18.48,1526.47,temperate,Tropical & Subtropical Moist Broadleaf Forests,,,0,10,,,forest,,,,bulk soil,,1340,27,,,12928.3988,11713.3988,1215,,,,,22.9,,,4.6,,,,
332,134,,26.45,115.04,,100,18.48,1526.47,temperate,Tropical & Subtropical Moist Broadleaf Forests,,,0,10,,,forest,,,,bulk soil,,1215,25,,,11739.07296,10614.07296,1125,,,,,19.6,,,4.4,,,,
333,133,,23.17,112.53,,,21.99,1715.28,temperate,Tropical & Subtropical Moist Broadleaf Forests,,,0,10,,,forest,,,,bulk soil,,860.987,46.4602,,,9243.178623,7152.469623,2090.709,,,,,,38.45,2.84,7.13,,,,
334,133,,21.84,111.41,,,23.06,1959.96,temperate,Tropical & Subtropical Moist Broadleaf Forests,,,0,10,,,grassland,,,,bulk soil,,1399.1,83.6283,,,15281.63019,11518.35669,3763.2735,,,,,,37.66,4.02,3.82,,,,
335,133,,23.1,113.21,,,22.38,1769.01,temperate,Tropical & Subtropical Moist Broadleaf Forests,,,0,10,,,cropland,,,,bulk soil,,466.368,61.0619,,,6161.24091,3413.45541,2747.7855,,,,,,33.08,3.4,4.83,,,,
336,133,,42.23,128.05,,,1.76,764.26,snow,Temperate Broadleaf & Mixed Forests,,,0,10,,,forest,,,,bulk soil,,4197.31,100.885,,,41020.54603,36480.72103,4539.825,,,,,,98.11,6.83,5.67,,,,
337,133,,49.19,119.55,,,-0.84,379.38,snow,"Temperate Grasslands, Savannas & Shrublands",,,0,10,,,grassland,,,,bulk soil,,2511.21,203.097,,,29133.08225,19993.71725,9139.365,,,,,,34.5,3.61,5.82,,,,
338,133,,47.27,126.55,,,1.97,543.87,snow,Temperate Broadleaf & Mixed Forests,,,0,10,,,cropland,,,,bulk soil,,1470.85,131.416,,,17464.37209,11550.65209,5913.72,,,,,,27.52,1.92,6.29,,,,
339,132,,37.833,118.833,"37°33′–38°09′N, 118°35′–119°13′E",,13.75,547.54,snow,Flooded Grasslands & Savannas,,,0,20,,,wetland,,,,bulk soil,,,,,,3354.777,,,,,,,3.764706,,,,,,,
340,132,,37.833,118.833,"37°33′–38°09′N, 118°35′–119°13′E",,13.75,547.54,snow,Flooded Grasslands & Savannas,,,0,20,,,wetland,,,,bulk soil,,,,,,3077.12,,,,,,,4.470588,,,,,,,
341,132,,37.833,118.833,"37°33′–38°09′N, 118°35′–119°13′E",,13.75,547.54,snow,Flooded Grasslands & Savannas,,,0,20,,,wetland,,,,bulk soil,,,,,,3018.893,,,,,,,3.647059,,,,,,,
342,132,,37.833,118.833,"37°33′–38°09′N, 118°35′–119°13′E",,13.75,547.54,snow,Flooded Grasslands & Savannas,,,0,20,,,wetland,,,,bulk soil,,,,,,2896.558,,,,,,,3.470588,,,,,,,
343,132,,37.833,118.833,"37°33′–38°09′N, 118°35′–119°13′E",,13.75,547.54,snow,Flooded Grasslands & Savannas,,,0,20,,,wetland,,,,bulk soil,,,,,,2482.77,,,,,,,2.058824,,,,,,,
344,132,,37.833,118.833,"37°33′–38°09′N, 118°35′–119°13′E",,13.75,547.54,snow,Flooded Grasslands & Savannas,,,0,20,,,wetland,,,,bulk soil,,,,,,2263.367,,,,,,,5.823529,,,,,,,
345,132,,37.833,118.833,"37°33′–38°09′N, 118°35′–119°13′E",,13.75,547.54,snow,Flooded Grasslands & Savannas,,,0,20,,,wetland,,,,bulk soil,,,,,,2256.83,,,,,,,5.882353,,,,,,,
346,132,,37.833,118.833,"37°33′–38°09′N, 118°35′–119°13′E",,13.75,547.54,snow,Flooded Grasslands & Savannas,,,0,20,,,wetland,,,,bulk soil,,,,,,2069.513,,,,,,,4.352941,,,,,,,
347,132,,37.833,118.833,"37°33′–38°09′N, 118°35′–119°13′E",,13.75,547.54,snow,Flooded Grasslands & Savannas,,,0,20,,,wetland,,,,bulk soil,,,,,,1983.711,,,,,,,4.705882,,,,,,,
348,132,,37.833,118.833,"37°33′–38°09′N, 118°35′–119°13′E",,13.75,547.54,snow,Flooded Grasslands & Savannas,,,0,20,,,wetland,,,,bulk soil,,,,,,2017.047,,,,,,,3.235294,,,,,,,
349,132,,37.833,118.833,"37°33′–38°09′N, 118°35′–119°13′E",,13.75,547.54,snow,Flooded Grasslands & Savannas,,,0,20,,,wetland,,,,bulk soil,,,,,,2017.116,,,,,,,2.588235,,,,,,,
350,132,,37.833,118.833,"37°33′–38°09′N, 118°35′–119°13′E",,13.75,547.54,snow,Flooded Grasslands & Savannas,,,0,20,,,wetland,,,,bulk soil,,,,,,1908.575,,,,,,,1.941176,,,,,,,
351,132,,37.833,118.833,"37°33′–38°09′N, 118°35′–119°13′E",,13.75,547.54,snow,Flooded Grasslands & Savannas,,,0,20,,,wetland,,,,bulk soil,,,,,,1856.336,,,,,,,2.705882,,,,,,,
352,132,,37.833,118.833,"37°33′–38°09′N, 118°35′–119°13′E",,13.75,547.54,snow,Flooded Grasslands & Savannas,,,0,20,,,wetland,,,,bulk soil,,,,,,1800.325,,,,,,,3.941176,,,,,,,
353,132,,37.833,118.833,"37°33′–38°09′N, 118°35′–119°13′E",,13.75,547.54,snow,Flooded Grasslands & Savannas,,,0,20,,,wetland,,,,bulk soil,,,,,,1684.387,,,,,,,4.529412,,,,,,,
354,132,,37.833,118.833,"37°33′–38°09′N, 118°35′–119°13′E",,13.75,547.54,snow,Flooded Grasslands & Savannas,,,0,20,,,wetland,,,,bulk soil,,,,,,1635.679,,,,,,,3.588235,,,,,,,
355,132,,37.833,118.833,"37°33′–38°09′N, 118°35′–119°13′E",,13.75,547.54,snow,Flooded Grasslands & Savannas,,,0,20,,,wetland,,,,bulk soil,,,,,,1695.705,,,,,,,4.470588,,,,,,,
356,132,,37.833,118.833,"37°33′–38°09′N, 118°35′–119°13′E",,13.75,547.54,snow,Flooded Grasslands & Savannas,,,0,20,,,wetland,,,,bulk soil,,,,,,1725.718,,,,,,,2.882353,,,,,,,
357,132,,37.833,118.833,"37°33′–38°09′N, 118°35′–119°13′E",,13.75,547.54,snow,Flooded Grasslands & Savannas,,,0,20,,,wetland,,,,bulk soil,,,,,,1845.888,,,,,,,2.705882,,,,,,,
358,132,,37.833,118.833,"37°33′–38°09′N, 118°35′–119°13′E",,13.75,547.54,snow,Flooded Grasslands & Savannas,,,0,20,,,wetland,,,,bulk soil,,,,,,1662.428,,,,,,,3.764706,,,,,,,
359,132,,37.833,118.833,"37°33′–38°09′N, 118°35′–119°13′E",,13.75,547.54,snow,Flooded Grasslands & Savannas,,,0,20,,,wetland,,,,bulk soil,,,,,,1594.907,,,,,,,3,,,,,,,
360,132,,37.833,118.833,"37°33′–38°09′N, 118°35′–119°13′E",,13.75,547.54,snow,Flooded Grasslands & Savannas,,,0,20,,,wetland,,,,bulk soil,,,,,,1553.704,,,,,,,1.882353,,,,,,,
361,132,,37.833,118.833,"37°33′–38°09′N, 118°35′–119°13′E",,13.75,547.54,snow,Flooded Grasslands & Savannas,,,0,20,,,wetland,,,,bulk soil,,,,,,1493.871,,,,,,,1.176471,,,,,,,
362,132,,37.833,118.833,"37°33′–38°09′N, 118°35′–119°13′E",,13.75,547.54,snow,Flooded Grasslands & Savannas,,,0,20,,,wetland,,,,bulk soil,,,,,,1400.386,,,,,,,2,,,,,,,
363,132,,37.833,118.833,"37°33′–38°09′N, 118°35′–119°13′E",,13.75,547.54,snow,Flooded Grasslands & Savannas,,,0,20,,,wetland,,,,bulk soil,,,,,,1362.922,,,,,,,2.058824,,,,,,,
364,132,,37.833,118.833,"37°33′–38°09′N, 118°35′–119°13′E",,13.75,547.54,snow,Flooded Grasslands & Savannas,,,0,20,,,wetland,,,,bulk soil,,,,,,1396.515,,,,,,,2.117647,,,,,,,
365,132,,37.833,118.833,"37°33′–38°09′N, 118°35′–119°13′E",,13.75,547.54,snow,Flooded Grasslands & Savannas,,,0,20,,,wetland,,,,bulk soil,,,,,,1142.368,,,,,,,2.941176,,,,,,,
366,132,,37.833,118.833,"37°33′–38°09′N, 118°35′–119°13′E",,13.75,547.54,snow,Flooded Grasslands & Savannas,,,0,20,,,wetland,,,,bulk soil,,,,,,1232.175,,,,,,,3.411765,,,,,,,
367,132,,37.833,118.833,"37°33′–38°09′N, 118°35′–119°13′E",,13.75,547.54,snow,Flooded Grasslands & Savannas,,,0,20,,,wetland,,,,bulk soil,,,,,,1284.586,,,,,,,3.529412,,,,,,,
368,132,,37.833,118.833,"37°33′–38°09′N, 118°35′–119°13′E",,13.75,547.54,snow,Flooded Grasslands & Savannas,,,0,20,,,wetland,,,,bulk soil,,,,,,1423.007,,,,,,,4.588235,,,,,,,
369,132,,37.833,118.833,"37°33′–38°09′N, 118°35′–119°13′E",,13.75,547.54,snow,Flooded Grasslands & Savannas,,,0,20,,,wetland,,,,bulk soil,,,,,,1363.505,,,,,,,4.235294,,,,,,,
370,132,,37.833,118.833,"37°33′–38°09′N, 118°35′–119°13′E",,13.75,547.54,snow,Flooded Grasslands & Savannas,,,0,20,,,wetland,,,,bulk soil,,,,,,1139.075,,,,,,,2.705882,,,,,,,
371,132,,37.833,118.833,"37°33′–38°09′N, 118°35′–119°13′E",,13.75,547.54,snow,Flooded Grasslands & Savannas,,,0,20,,,wetland,,,,bulk soil,,,,,,1079.286,,,,,,,2,,,,,,,
372,132,,37.833,118.833,"37°33′–38°09′N, 118°35′–119°13′E",,13.75,547.54,snow,Flooded Grasslands & Savannas,,,0,20,,,wetland,,,,bulk soil,,,,,,959.6,,,,,,,3.117647,,,,,,,
373,132,,37.833,118.833,"37°33′–38°09′N, 118°35′–119°13′E",,13.75,547.54,snow,Flooded Grasslands & Savannas,,,0,20,,,wetland,,,,bulk soil,,,,,,967.17,,,,,,,2.823529,,,,,,,
374,132,,37.833,118.833,"37°33′–38°09′N, 118°35′–119°13′E",,13.75,547.54,snow,Flooded Grasslands & Savannas,,,0,20,,,wetland,,,,bulk soil,,,,,,1094.628,,,,,,,4.117647,,,,,,,
375,132,,37.833,118.833,"37°33′–38°09′N, 118°35′–119°13′E",,13.75,547.54,snow,Flooded Grasslands & Savannas,,,0,20,,,wetland,,,,bulk soil,,,,,,869.932,,,,,,,4.764706,,,,,,,
376,132,,37.833,118.833,"37°33′–38°09′N, 118°35′–119°13′E",,13.75,547.54,snow,Flooded Grasslands & Savannas,,,0,20,,,wetland,,,,bulk soil,,,,,,881.344,,,,,,,4.705882,,,,,,,
377,132,,37.833,118.833,"37°33′–38°09′N, 118°35′–119°13′E",,13.75,547.54,snow,Flooded Grasslands & Savannas,,,0,20,,,wetland,,,,bulk soil,,,,,,799.003,,,,,,,5.470588,,,,,,,
378,132,,37.833,118.833,"37°33′–38°09′N, 118°35′–119°13′E",,13.75,547.54,snow,Flooded Grasslands & Savannas,,,0,20,,,wetland,,,,bulk soil,,,,,,869.818,,,,,,,5.764706,,,,,,,
379,132,,37.833,118.833,"37°33′–38°09′N, 118°35′–119°13′E",,13.75,547.54,snow,Flooded Grasslands & Savannas,,,0,20,,,wetland,,,,bulk soil,,,,,,720.085,,,,,,,6.411765,,,,,,,
380,132,,37.833,118.833,"37°33′–38°09′N, 118°35′–119°13′E",,13.75,547.54,snow,Flooded Grasslands & Savannas,,,0,20,,,wetland,,,,bulk soil,,,,,,754.058,,,,,,,7.882353,,,,,,,
381,132,,37.833,118.833,"37°33′–38°09′N, 118°35′–119°13′E",,13.75,547.54,snow,Flooded Grasslands & Savannas,,,0,20,,,wetland,,,,bulk soil,,,,,,641.962,,,,,,,8.058824,,,,,,,
382,132,,37.833,118.833,"37°33′–38°09′N, 118°35′–119°13′E",,13.75,547.54,snow,Flooded Grasslands & Savannas,,,0,20,,,wetland,,,,bulk soil,,,,,,574.598,,,,,,,8.235294,,,,,,,
383,132,,37.833,118.833,"37°33′–38°09′N, 118°35′–119°13′E",,13.75,547.54,snow,Flooded Grasslands & Savannas,,,0,20,,,wetland,,,,bulk soil,,,,,,519.111,,,,,,,2.882353,,,,,,,
384,132,,37.833,118.833,"37°33′–38°09′N, 118°35′–119°13′E",,13.75,547.54,snow,Flooded Grasslands & Savannas,,,0,20,,,wetland,,,,bulk soil,,,,,,492.816,,,,,,,3,,,,,,,
385,132,,37.833,118.833,"37°33′–38°09′N, 118°35′–119°13′E",,13.75,547.54,snow,Flooded Grasslands & Savannas,,,0,20,,,wetland,,,,bulk soil,,,,,,1629.586,,,,,,,6.588235,,,,,,,
386,132,,37.833,118.833,"37°33′–38°09′N, 118°35′–119°13′E",,13.75,547.54,snow,Flooded Grasslands & Savannas,,,0,20,,,wetland,,,,bulk soil,,,,,,1562.415,,,,,,,8.058824,,,,,,,
387,132,,37.833,118.833,"37°33′–38°09′N, 118°35′–119°13′E",,13.75,547.54,snow,Flooded Grasslands & Savannas,,,0,20,,,wetland,,,,bulk soil,,,,,,1416.622,,,,,,,8.176471,,,,,,,
388,132,,37.833,118.833,"37°33′–38°09′N, 118°35′–119°13′E",,13.75,547.54,snow,Flooded Grasslands & Savannas,,,0,20,,,wetland,,,,bulk soil,,,,,,1472.776,,,,,,,9.411765,,,,,,,
389,132,,37.833,118.833,"37°33′–38°09′N, 118°35′–119°13′E",,13.75,547.54,snow,Flooded Grasslands & Savannas,,,0,20,,,wetland,,,,bulk soil,,,,,,1521.548,,,,,,,9.058824,,,,,,,
390,132,,37.833,118.833,"37°33′–38°09′N, 118°35′–119°13′E",,13.75,547.54,snow,Flooded Grasslands & Savannas,,,0,20,,,wetland,,,,bulk soil,,,,,,1117.708,,,,,,,8.823529,,,,,,,
391,132,,37.833,118.833,"37°33′–38°09′N, 118°35′–119°13′E",,13.75,547.54,snow,Flooded Grasslands & Savannas,,,0,20,,,wetland,,,,bulk soil,,,,,,1050.611,,,,,,,9.235294,,,,,,,
392,132,,37.833,118.833,"37°33′–38°09′N, 118°35′–119°13′E",,13.75,547.54,snow,Flooded Grasslands & Savannas,,,0,20,,,wetland,,,,bulk soil,,,,,,796.292,,,,,,,9.882353,,,,,,,
393,132,,37.833,118.833,"37°33′–38°09′N, 118°35′–119°13′E",,13.75,547.54,snow,Flooded Grasslands & Savannas,,,0,20,,,wetland,,,,bulk soil,,,,,,575.986,,,,,,,10.76471,,,,,,,
394,132,,37.833,118.833,"37°33′–38°09′N, 118°35′–119°13′E",,13.75,547.54,snow,Flooded Grasslands & Savannas,,,0,20,,,wetland,,,,bulk soil,,,,,,400.264,,,,,,,12,,,,,,,
395,132,,37.833,118.833,"37°33′–38°09′N, 118°35′–119°13′E",,13.75,547.54,snow,Flooded Grasslands & Savannas,,,0,20,,,wetland,,,,bulk soil,,,,,,419.181,,,,,,,13.76471,,,,,,,
396,132,,37.833,118.833,"37°33′–38°09′N, 118°35′–119°13′E",,13.75,547.54,snow,Flooded Grasslands & Savannas,,,0,20,,,wetland,,,,bulk soil,,,,,,423.275,,,,,,,6.352941,,,,,,,
397,132,,37.833,118.833,"37°33′–38°09′N, 118°35′–119°13′E",,13.75,547.54,snow,Flooded Grasslands & Savannas,,,0,20,,,wetland,,,,bulk soil,,,,,,311.011,,,,,,,6.176471,,,,,,,
398,132,,37.833,118.833,"37°33′–38°09′N, 118°35′–119°13′E",,13.75,547.54,snow,Flooded Grasslands & Savannas,,,0,20,,,wetland,,,,bulk soil,,,,,,228.695,,,,,,,4.705882,,,,,,,
399,132,,37.833,118.833,"37°33′–38°09′N, 118°35′–119°13′E",,13.75,547.54,snow,Flooded Grasslands & Savannas,,,0,20,,,wetland,,,,bulk soil,,,,,,352.479,,,,,,,5,,,,,,,
400,132,,37.833,118.833,"37°33′–38°09′N, 118°35′–119°13′E",,13.75,547.54,snow,Flooded Grasslands & Savannas,,,0,20,,,wetland,,,,bulk soil,,,,,,812.331,,,,,,,4.529412,,,,,,,
401,132,,37.833,118.833,"37°33′–38°09′N, 118°35′–119°13′E",,13.75,547.54,snow,Flooded Grasslands & Savannas,,,0,20,,,wetland,,,,bulk soil,,,,,,726.336,,,,,,,4.764706,,,,,,,
402,132,,37.833,118.833,"37°33′–38°09′N, 118°35′–119°13′E",,13.75,547.54,snow,Flooded Grasslands & Savannas,,,0,20,,,wetland,,,,bulk soil,,,,,,217.93,,,,,,,4.882353,,,,,,,
403,132,,37.833,118.833,"37°33′–38°09′N, 118°35′–119°13′E",,13.75,547.54,snow,Flooded Grasslands & Savannas,,,0,20,,,wetland,,,,bulk soil,,,,,,139.432,,,,,,,5.117647,,,,,,,
404,132,,37.833,118.833,"37°33′–38°09′N, 118°35′–119°13′E",,13.75,547.54,snow,Flooded Grasslands & Savannas,,,0,20,,,wetland,,,,bulk soil,,,,,,244.215,,,,,,,5.235294,,,,,,,
405,132,,37.833,118.833,"37°33′–38°09′N, 118°35′–119°13′E",,13.75,547.54,snow,Flooded Grasslands & Savannas,,,0,20,,,wetland,,,,bulk soil,,,,,,390.008,,,,,,,3.647059,,,,,,,
406,132,,37.833,118.833,"37°33′–38°09′N, 118°35′–119°13′E",,13.75,547.54,snow,Flooded Grasslands & Savannas,,,0,20,,,wetland,,,,bulk soil,,,,,,364.029,,,,,,,3.764706,,,,,,,
407,132,,37.833,118.833,"37°33′–38°09′N, 118°35′–119°13′E",,13.75,547.54,snow,Flooded Grasslands & Savannas,,,0,20,,,wetland,,,,bulk soil,,,,,,214.543,,,,,,,4.352941,,,,,,,
408,132,,37.833,118.833,"37°33′–38°09′N, 118°35′–119°13′E",,13.75,547.54,snow,Flooded Grasslands & Savannas,,,0,20,,,wetland,,,,bulk soil,,,,,,80.008,,,,,,,5.176471,,,,,,,
409,132,,37.833,118.833,"37°33′–38°09′N, 118°35′–119°13′E",,13.75,547.54,snow,Flooded Grasslands & Savannas,,,0,20,,,wetland,,,,bulk soil,,,,,,196.07,,,,,,,5.235294,,,,,,,
410,132,,37.833,118.833,"37°33′–38°09′N, 118°35′–119°13′E",,13.75,547.54,snow,Flooded Grasslands & Savannas,,,0,20,,,wetland,,,,bulk soil,,,,,,338.08,,,,,,,5.470588,,,,,,,
411,132,,37.833,118.833,"37°33′–38°09′N, 118°35′–119°13′E",,13.75,547.54,snow,Flooded Grasslands & Savannas,,,0,20,,,wetland,,,,bulk soil,,,,,,371.955,,,,,,,5.647059,,,,,,,
412,132,,37.833,118.833,"37°33′–38°09′N, 118°35′–119°13′E",,13.75,547.54,snow,Flooded Grasslands & Savannas,,,0,20,,,wetland,,,,bulk soil,,,,,,319.3,,,,,,,5.941176,,,,,,,
413,132,,37.833,118.833,"37°33′–38°09′N, 118°35′–119°13′E",,13.75,547.54,snow,Flooded Grasslands & Savannas,,,0,20,,,wetland,,,,bulk soil,,,,,,601.812,,,,,,,5.941176,,,,,,,
414,132,,37.833,118.833,"37°33′–38°09′N, 118°35′–119°13′E",,13.75,547.54,snow,Flooded Grasslands & Savannas,,,0,20,,,wetland,,,,bulk soil,,,,,,476.89,,,,,,,5.941176,,,,,,,
415,132,,37.833,118.833,"37°33′–38°09′N, 118°35′–119°13′E",,13.75,547.54,snow,Flooded Grasslands & Savannas,,,0,20,,,wetland,,,,bulk soil,,,,,,292.95,,,,,,,6.235294,,,,,,,
416,132,,37.833,118.833,"37°33′–38°09′N, 118°35′–119°13′E",,13.75,547.54,snow,Flooded Grasslands & Savannas,,,0,20,,,wetland,,,,bulk soil,,,,,,346.712,,,,,,,6.176471,,,,,,,
417,132,,37.833,118.833,"37°33′–38°09′N, 118°35′–119°13′E",,13.75,547.54,snow,Flooded Grasslands & Savannas,,,0,20,,,wetland,,,,bulk soil,,,,,,289.092,,,,,,,7.294118,,,,,,,
418,132,,37.833,118.833,"37°33′–38°09′N, 118°35′–119°13′E",,13.75,547.54,snow,Flooded Grasslands & Savannas,,,0,20,,,wetland,,,,bulk soil,,,,,,230.684,,,,,,,7.352941,,,,,,,
419,132,,37.833,118.833,"37°33′–38°09′N, 118°35′–119°13′E",,13.75,547.54,snow,Flooded Grasslands & Savannas,,,0,20,,,wetland,,,,bulk soil,,,,,,262.048,,,,,,,7.352941,,,,,,,
420,132,,37.833,118.833,"37°33′–38°09′N, 118°35′–119°13′E",,13.75,547.54,snow,Flooded Grasslands & Savannas,,,0,20,,,wetland,,,,bulk soil,,,,,,131.994,,,,,,,7.764706,,,,,,,
421,132,,37.833,118.833,"37°33′–38°09′N, 118°35′–119°13′E",,13.75,547.54,snow,Flooded Grasslands & Savannas,,,0,20,,,wetland,,,,bulk soil,,,,,,522.203,,,,,,,7.705882,,,,,,,
422,132,,37.833,118.833,"37°33′–38°09′N, 118°35′–119°13′E",,13.75,547.54,snow,Flooded Grasslands & Savannas,,,0,20,,,wetland,,,,bulk soil,,,,,,621.147,,,,,,,7.764706,,,,,,,
423,132,,37.833,118.833,"37°33′–38°09′N, 118°35′–119°13′E",,13.75,547.54,snow,Flooded Grasslands & Savannas,,,0,20,,,wetland,,,,bulk soil,,,,,,738.372,,,,,,,7.352941,,,,,,,
424,132,,37.833,118.833,"37°33′–38°09′N, 118°35′–119°13′E",,13.75,547.54,snow,Flooded Grasslands & Savannas,,,0,20,,,wetland,,,,bulk soil,,,,,,342.103,,,,,,,6.882353,,,,,,,
425,132,,37.833,118.833,"37°33′–38°09′N, 118°35′–119°13′E",,13.75,547.54,snow,Flooded Grasslands & Savannas,,,0,20,,,wetland,,,,bulk soil,,,,,,234.391,,,,,,,6.823529,,,,,,,
426,132,,37.833,118.833,"37°33′–38°09′N, 118°35′–119°13′E",,13.75,547.54,snow,Flooded Grasslands & Savannas,,,0,20,,,wetland,,,,bulk soil,,,,,,374.684,,,,,,,7.058824,,,,,,,
427,132,,37.833,118.833,"37°33′–38°09′N, 118°35′–119°13′E",,13.75,547.54,snow,Flooded Grasslands & Savannas,,,0,20,,,wetland,,,,bulk soil,,,,,,337.318,,,,,,,6.764706,,,,,,,
428,132,,37.833,118.833,"37°33′–38°09′N, 118°35′–119°13′E",,13.75,547.54,snow,Flooded Grasslands & Savannas,,,0,20,,,wetland,,,,bulk soil,,,,,,423.563,,,,,,,,,,,,,,
429,131,,49.39,-103.51,,248,3.71,414.76,snow,"Temperate Grasslands, Savannas & Shrublands",,,0,10,,,grassland,,,,bulk soil,,1677,69,865,27,17312.24137,14207.24137,3105,,,,,,42.3,4.23,,,,,
430,131,,45,-95.01,,98,7.03,648.29,snow,"Temperate Grasslands, Savannas & Shrublands",,,0,10,,,grassland,,,,bulk soil,,1521,80,628,23,16262.03348,12662.03348,3600,,,,,,32.7,2.94,,,,,
431,131,,40.42,-73.42,,13,,,,,,,50,60,,,grassland,,,,bulk soil,,557,35,246,15,6138.702145,4563.702145,1575,,,,,,9,1.02,,,,,
432,131,,35.12,-101.5,,1058,13.95,516.42,arid,"Temperate Grasslands, Savannas & Shrublands",,,0,10,,,grassland,,,,bulk soil,,180,12,71,17,2005.955021,1465.955021,540,,,,,,4.2,0.47,,,,,
433,131,,49.57,11.34,,355,7.43,776,temperate,Temperate Broadleaf & Mixed Forests,,,,,Oi,,forest,,,,bulk soil,,3656,65,1025,43,34994.5897,32069.5897,2925,,,,,,370,12.1,,,,,
434,131,,49.57,11.34,,355,7.43,776,temperate,Temperate Broadleaf & Mixed Forests,,,,,Oe,,forest,,,,bulk soil,,5164,128,919,297,50592.85356,44832.85356,5760,,,,,,420,13.2,,,,,
435,131,,49.57,11.34,,355,7.43,776,temperate,Temperate Broadleaf & Mixed Forests,,,,,Oa,,forest,,,,bulk soil,,1835,79,604,69,19055.87056,15500.87056,3555,,,,,,290,9.9,,,,,
436,131,,49.57,11.34,,355,7.43,776,temperate,Temperate Broadleaf & Mixed Forests,,,0,5,,,forest,,,,bulk soil,,884,66,322,38,10078.75262,7108.752617,2970,,,,,,70,2,,,,,
437,131,,49.39,-103.51,,248,3.71,414.76,snow,"Temperate Grasslands, Savannas & Shrublands",,,0,10,,,grassland,,,,bulk soil,,1615,81,1126,33,17140.19639,13495.19639,3645,,,,,,42.3,4.23,,,,,
438,131,,49.39,-103.51,,248,3.71,414.76,snow,"Temperate Grasslands, Savannas & Shrublands",,,0,10,,,grassland,,,,bulk soil,,1676,86,1099,35,17850.01099,13980.01099,3870,,,,,,42.3,4.23,,,,,
439,131,,35.12,-101.5,,1058,13.95,516.42,arid,"Temperate Grasslands, Savannas & Shrublands",,,0,10,,,cropland,,,,bulk soil,,82,7,36,3,963.1404291,648.1404291,315,,,,,,4.2,0.47,,,,,
440,131,,35.12,-101.5,,1058,13.95,516.42,arid,"Temperate Grasslands, Savannas & Shrublands",,,0,10,,,cropland,,,,bulk soil,,180,7,103,4,1845.140429,1530.140429,315,,,,,,4.2,0.47,,,,,
441,131,,49.57,11.34,,355,7.43,776,temperate,Temperate Broadleaf & Mixed Forests,,,,,Oe,,forest,,,,bulk soil,,5159,161,1522,142,51609.22987,44364.22987,7245,,,,,,420,13.2,,,,,
442,131,,49.57,11.34,,355,7.43,776,temperate,Temperate Broadleaf & Mixed Forests,,,,,Oe,,forest,,,,bulk soil,,4700,99,1235,121,45484.12893,41029.12893,4455,,,,,,420,13.2,,,,,
443,127,,48.5,11.45,,,8.29,837.11,temperate,Temperate Broadleaf & Mixed Forests,management,Plough,0,25,,,cropland,,,,bulk soil,,697,50,,,7881.145922,5631.145922,2250,2250,5631.04,,,13.2,,1.47,,,21,,
444,127,,48.5,11.45,,,8.29,837.11,temperate,Temperate Broadleaf & Mixed Forests,management,Minimum tillage,0,25,,,cropland,,,,bulk soil,,816,60,,,9273.775106,6573.775106,2700,2700,6573.65,,,12.7,,1.57,,,,,
445,127,,48.5,11.45,,,8.29,837.11,temperate,Temperate Broadleaf & Mixed Forests,management,Integrated,0,25,,,cropland,,,,bulk soil,,671,48,,,7582.820085,5422.820085,2160,2160,5422.72,,,11.9,,1.37,,,,,
446,127,,48.5,11.45,,,8.29,837.11,temperate,Temperate Broadleaf & Mixed Forests,management,Organic farming,0,25,,,cropland,,,,bulk soil,,841,63,,,9595.263862,6760.263862,2835,2835,6760.13,,,14,,1.67,,,,,
447,126,corrected values,51.38,9.92,,,7.08,684.49,temperate,Temperate Broadleaf & Mixed Forests,warming,ST1,0,10,,Haplic Luvisol,cropland,,,2011,bulk soil,,1582,34.5,259,,15347.62069,13795.12069,1552.5,1.6,13.6,272,48,,14,1.4,6.3,CaCl2,13.3,83.4,3.3
448,126,corrected values,51.38,9.92,,,7.08,684.49,temperate,Temperate Broadleaf & Mixed Forests,warming,ST2,0,10,,Haplic Luvisol,cropland,,,2011,bulk soil,,2580,54.4,246,,24969.66276,22521.66276,2448,2.4,22.7,293,82,,14,1.4,6.3,CaCl2,13.3,83.4,3.3
449,126,corrected values,51.38,9.92,,,7.08,684.49,temperate,Temperate Broadleaf & Mixed Forests,warming,ST3,0,10,,Haplic Luvisol,cropland,,,2011,bulk soil,,2715,31.7,264,,25454.56451,24028.06451,1426.5,1.4,23.8,292,57,,14,1.4,6.3,CaCl2,13.3,83.4,3.3
450,126,corrected values,51.38,9.92,,,7.08,684.49,temperate,Temperate Broadleaf & Mixed Forests,warming,ST1,0,10,,Haplic Luvisol,cropland,,,2011,bulk soil,,1609,26.1,120,,15320.45217,14145.95217,1174.5,1.2,14,320,56,,14,1.4,6.3,CaCl2,13.3,83.4,3.3
451,126,corrected values,51.38,9.92,,,7.08,684.49,temperate,Temperate Broadleaf & Mixed Forests,warming,ST2,0,10,,Haplic Luvisol,cropland,,,2011,bulk soil,,2126,35.1,134,,20262.91844,18683.41844,1579.5,1.6,18.5,314,54,,14,1.4,6.3,CaCl2,13.3,83.4,3.3
452,126,corrected values,51.38,9.92,,,7.08,684.49,temperate,Temperate Broadleaf & Mixed Forests,warming,ST3,0,10,,Haplic Luvisol,cropland,,,2011,bulk soil,,1842,36.6,151,,17755.16281,16108.16281,1647,1.6,15.9,315,54,,14,1.4,6.3,CaCl2,13.3,83.4,3.3
453,125,,33.47,111.93,,,14.86,814.46,temperate,Temperate Broadleaf & Mixed Forests,warming,,0,10,,,forest,,,,bulk soil,,2052.02,265.66,,,27012.58091,15057.88091,11954.7,,,,,41.6,,,,,,,
454,125,,33.47,111.93,,,14.86,814.46,temperate,Temperate Broadleaf & Mixed Forests,warming,,0,10,,,forest,,,,bulk soil,,1528,267.74,,,22363.29978,10314.99978,12048.3,,,,,41.2,,,,,,,
455,125,,33.47,111.93,,,14.86,814.46,temperate,Temperate Broadleaf & Mixed Forests,drought,,0,10,,,forest,,,,bulk soil,,2063.99,266.64,,,27151.83057,15153.03057,11998.8,,,,,41.6,,,,,,,
456,125,,33.47,111.93,,,14.86,814.46,temperate,Temperate Broadleaf & Mixed Forests,drought,,0,10,,,forest,,,,bulk soil,,1532.87,265.89,,,22347.62838,10382.57838,11965.05,,,,,41.2,,,,,,,
457,124,,52.93,122.85,,,-5.22,413.15,snow,Temperate Conifer Forests,warming,,0,15,,Histosol,wetland,peatland,,2019,bulk soil,,139.51,83.87,,,3953.09397,178.9439697,3774.15,,,,,400.03,,,,,,,
458,124,,52.93,122.85,,,-5.22,413.15,snow,Temperate Conifer Forests,warming,,15,30,,Histosol,wetland,peatland,,2019,bulk soil,,180.62,101.27,,,4882.718751,325.5687505,4557.15,,,,,400.73,,,,,,,
459,124,,52.93,122.85,,,-5.22,413.15,snow,Temperate Conifer Forests,warming,,0,15,,Histosol,wetland,peatland,,2019,bulk soil,,165.01,81.04,,,4091.57291,444.7729105,3646.8,,,,,416.17,,,,,,,
460,124,,52.93,122.85,,,-5.22,413.15,snow,Temperate Conifer Forests,warming,,15,30,,Histosol,wetland,peatland,,2019,bulk soil,,213.56,84.39,,,4636.268687,838.7186873,3797.55,,,,,432.33,,,,,,,
461,124,,52.93,122.85,,,-5.22,413.15,snow,Temperate Conifer Forests,warming,,0,15,,Histosol,wetland,peatland,,2019,bulk soil,,165.97,83.82,,,4189.625824,417.7258237,3771.9,,,,,428.97,,,,,,,
462,124,,52.93,122.85,,,-5.22,413.15,snow,Temperate Conifer Forests,warming,,15,30,,Histosol,wetland,peatland,,2019,bulk soil,,202.71,93.29,,,4824.868661,626.8186614,4198.05,,,,,402.4,,,,,,,
463,123,,29.8,121.78,,,15.27,1371.17,temperate,Tropical & Subtropical Moist Broadleaf Forests,drought,,0,10,,,forest,,,,bulk soil,,1539.49,84.27,,,16565.77914,12773.62914,3792.15,,,,,46.88,,,,,,,
464,123,,29.8,121.78,,,15.27,1371.17,temperate,Tropical & Subtropical Moist Broadleaf Forests,drought,,0,10,,,forest,,,,bulk soil,,1223.6,66,,,13135.15262,10165.15262,2970,,,,,40.81,,,,,,,
465,123,,29.8,121.78,,,15.27,1371.17,temperate,Tropical & Subtropical Moist Broadleaf Forests,drought,,0,10,,,forest,,,,bulk soil,,1365.2,123.82,,,16269.21256,10697.31256,5571.9,,,,,37.21,,,,,,,
466,123,,29.8,121.78,,,15.27,1371.17,temperate,Tropical & Subtropical Moist Broadleaf Forests,drought,,0,10,,,forest,,,,bulk soil,,1194.55,113.46,,,14400.15473,9294.454726,5105.7,,,,,36.94,,,,,,,
467,122,,32.1,112.1,"lat-lon of Wuhan, China",,16.03,847.75,temperate,Temperate Broadleaf & Mixed Forests,,,0,20,,,cropland,,,,aggregate,>2mm,,,,,8854.94979,7428.31929,1426.6305,,,,,,16.4,1.31,6.52,,,26.3,55.5
468,122,,32.1,112.1,"lat-lon of Wuhan, China",,16.03,847.75,temperate,Temperate Broadleaf & Mixed Forests,,,0,20,,,cropland,,,,aggregate,0.250-2mm,,,,,7328.35487,6141.39887,1186.956,,,,,,16.67,1.15,6.52,,,26.3,55.5
469,122,,32.1,112.1,"lat-lon of Wuhan, China",,16.03,847.75,temperate,Temperate Broadleaf & Mixed Forests,,,0,20,,,cropland,,,,aggregate,<0.250mm,,,,,7251.80338,6053.43538,1198.368,,,,,,22.52,1.78,6.52,,,26.3,55.5
470,122,,32.1,112.1,"lat-lon of Wuhan, China",,16.03,847.75,temperate,Temperate Broadleaf & Mixed Forests,,,0,20,,,cropland,,,,aggregate,>2mm,,,,,9583.43402,7848.65252,1734.7815,,,,,,17.23,1.32,6.52,,,26.3,55.5
471,122,,32.1,112.1,"lat-lon of Wuhan, China",,16.03,847.75,temperate,Temperate Broadleaf & Mixed Forests,,,0,20,,,cropland,,,,aggregate,0.250-2mm,,,,,7980.29083,6473.76733,1506.5235,,,,,,17.86,1.2,6.52,,,26.3,55.5
472,122,,32.1,112.1,"lat-lon of Wuhan, China",,16.03,847.75,temperate,Temperate Broadleaf & Mixed Forests,,,0,20,,,cropland,,,,aggregate,<0.250mm,,,,,7111.89247,5753.73847,1358.154,,,,,,23.45,2.01,6.52,,,26.3,55.5
473,122,,32.1,112.1,"lat-lon of Wuhan, China",,16.03,847.75,temperate,Temperate Broadleaf & Mixed Forests,,,0,20,,,cropland,,,,aggregate,>2mm,,,,,9919.12383,8070.20883,1848.915,,,,,,18.5,1.56,6.52,,,26.3,55.5
474,122,,32.1,112.1,"lat-lon of Wuhan, China",,16.03,847.75,temperate,Temperate Broadleaf & Mixed Forests,,,0,20,,,cropland,,,,aggregate,0.250-2mm,,,,,8501.70646,6858.22996,1643.4765,,,,,,19.62,1.41,6.52,,,26.3,55.5
475,122,,32.1,112.1,"lat-lon of Wuhan, China",,16.03,847.75,temperate,Temperate Broadleaf & Mixed Forests,,,0,20,,,cropland,,,,aggregate,<0.250mm,,,,,7483.34476,6079.53826,1403.8065,,,,,,23.81,2.12,6.52,,,26.3,55.5
476,122,,32.1,112.1,"lat-lon of Wuhan, China",,16.03,847.75,temperate,Temperate Broadleaf & Mixed Forests,,,0,20,,,cropland,,,,aggregate,>2mm,,,,,9373.23222,7695.51522,1677.717,,,,,,17.9,1.42,6.52,,,26.3,55.5
477,122,,32.1,112.1,"lat-lon of Wuhan, China",,16.03,847.75,temperate,Temperate Broadleaf & Mixed Forests,,,0,20,,,cropland,,,,aggregate,0.250-2mm,,,,,7761.9293,6323.8868,1438.0425,,,,,,17.43,1.3,6.52,,,26.3,55.5
478,122,,32.1,112.1,"lat-lon of Wuhan, China",,16.03,847.75,temperate,Temperate Broadleaf & Mixed Forests,,,0,20,,,cropland,,,,aggregate,<0.250mm,,,,,7289.45599,5919.88999,1369.566,,,,,,22.41,1.86,6.52,,,26.3,55.5
479,121,,37.29,114.3,"lat-lon of Hebei, China",,12.75,513.38,temperate,Temperate Broadleaf & Mixed Forests,,,0,20,,,forest,,,,aggregate,>2mm,,,,,2256.9,1599.9,657,,,,,,6.82,1.26,8.5,,,,
480,121,,37.29,114.3,"lat-lon of Hebei, China",,12.75,513.38,temperate,Temperate Broadleaf & Mixed Forests,,,0,20,,,forest,,,,aggregate,0.250-2mm,,,,,2018.81,1442.81,576,,,,,,5.43,0.99,8.5,,,,
481,121,,37.29,114.3,"lat-lon of Hebei, China",,12.75,513.38,temperate,Temperate Broadleaf & Mixed Forests,,,0,20,,,forest,,,,aggregate,<0.250mm,,,,,1990.53,1531.53,459,,,,,,4.96,0.99,8.5,,,,
482,121,,37.29,114.3,"lat-lon of Hebei, China",,12.75,513.38,temperate,Temperate Broadleaf & Mixed Forests,,,0,20,,,forest,,,,aggregate,>2mm,,,,,2499.95,1887.95,612,,,,,,7.35,1.18,8.5,,,,
483,121,,37.29,114.3,"lat-lon of Hebei, China",,12.75,513.38,temperate,Temperate Broadleaf & Mixed Forests,,,0,20,,,forest,,,,aggregate,0.250-2mm,,,,,2268.41,1710.41,558,,,,,,6.12,0.97,8.5,,,,
484,121,,37.29,114.3,"lat-lon of Hebei, China",,12.75,513.38,temperate,Temperate Broadleaf & Mixed Forests,,,0,20,,,forest,,,,aggregate,<0.250mm,,,,,2212.26,1717.26,495,,,,,,5.35,1.97,8.5,,,,
485,121,,37.29,114.3,"lat-lon of Hebei, China",,12.75,513.38,temperate,Temperate Broadleaf & Mixed Forests,,,0,20,,,forest,,,,aggregate,>2mm,,,,,3258.99,2421.99,837,,,,,,8.51,1.31,8.5,,,,
486,121,,37.29,114.3,"lat-lon of Hebei, China",,12.75,513.38,temperate,Temperate Broadleaf & Mixed Forests,,,0,20,,,forest,,,,aggregate,0.250-2mm,,,,,2888.91,2141.91,747,,,,,,6.72,1.09,8.5,,,,
487,121,,37.29,114.3,"lat-lon of Hebei, China",,12.75,513.38,temperate,Temperate Broadleaf & Mixed Forests,,,0,20,,,forest,,,,aggregate,<0.250mm,,,,,2612.86,2005.36,607.5,,,,,,5.35,1.04,8.5,,,,
488,121,,37.29,114.3,"lat-lon of Hebei, China",,12.75,513.38,temperate,Temperate Broadleaf & Mixed Forests,,,0,20,,,forest,,,,aggregate,>2mm,,,,,4119.06,3120.06,999,,,,,,9.37,1.47,8.5,,,,
489,121,,37.29,114.3,"lat-lon of Hebei, China",,12.75,513.38,temperate,Temperate Broadleaf & Mixed Forests,,,0,20,,,forest,,,,aggregate,0.250-2mm,,,,,3564.02,2614.52,949.5,,,,,,7.82,1.28,8.5,,,,
490,121,,37.29,114.3,"lat-lon of Hebei, China",,12.75,513.38,temperate,Temperate Broadleaf & Mixed Forests,,,0,20,,,forest,,,,aggregate,<0.250mm,,,,,2428.12,1883.62,544.5,,,,,,5.32,1.05,8.5,,,,
491,120,corrected values,31.98,92.02,,,-1.72,466.86,polar,Montane Grasslands & Shrublands,fertilizer; warming,control,0,30,,Cambisols,grassland,,,2018,bulk soil,,91.13,10.39,121.06,,1154.342723,686.7927226,467.55,,,72.32,,23.03,27.1,2.2,6.71,,,,
492,120,corrected values,31.98,92.02,,,-1.72,466.86,polar,Montane Grasslands & Shrublands,fertilizer; warming,N,0,30,,Cambisols,grassland,,,,bulk soil,,64.65,8.71,94.16,,861.9890196,470.0390196,391.95,,,57.07,,27.79,28.9,2.5,6.74,,,,
493,120,corrected values,31.98,92.02,,,-1.72,466.86,polar,Montane Grasslands & Shrublands,fertilizer; warming,warming,0,30,,Cambisols,grassland,,,,bulk soil,,120.08,15.64,147.99,,1583.748044,879.9480444,703.8,,,73.48,,29.62,29.6,2.5,6.68,,,,
494,120,corrected values,31.98,92.02,,,-1.72,466.86,polar,Montane Grasslands & Shrublands,fertilizer; warming,N+W,0,30,,Cambisols,grassland,,,,bulk soil,,123.79,15.61,157.96,,1616.173157,913.7231569,702.45,,,73.39,,31.58,30.9,2.8,6.59,,,,
495,119,,40.8,120.96,,,9.34,630.9,snow,Temperate Broadleaf & Mixed Forests,,,0,20,,,wetland,,Suaeda salsa,,bulk soil,,191.76,5.05,109.66,,1888.262738,1661.012738,227.25,276.11,16.61,,,6.11,,0.7,7.76,,,,
496,119,,40.8,120.96,,,9.34,630.9,snow,Temperate Broadleaf & Mixed Forests,,,0,20,,,wetland,,Suaeda salsa,,bulk soil,,166.85,1.77,89.87,,1558.578366,1478.928366,79.65,426.33,22.99,,,6.08,,0.7,8.05,,,,
497,119,,40.8,120.96,,,9.34,630.9,snow,Temperate Broadleaf & Mixed Forests,,,0,20,,,wetland,,Suaeda salsa,,bulk soil,,250.29,3.59,140.97,,2368.074877,2206.524877,161.55,380.51,21.54,,,8.2,,1,7.75,,,,
498,119,,40.8,120.96,,,9.34,630.9,snow,Temperate Broadleaf & Mixed Forests,,,0,20,,,wetland,,Spartina alterniflora,,bulk soil,,389.27,8.94,230.82,,3790.966491,3388.666491,402.3,416.64,23.67,,,12.69,,1.3,7.4,,,,
499,119,,40.8,120.96,,,9.34,630.9,snow,Temperate Broadleaf & Mixed Forests,,,0,20,,,wetland,,Spartina alterniflora,,bulk soil,,390.51,7.9,234.53,,3768.677056,3413.177056,355.5,361.52,33.99,,,11.83,,1.3,7.51,,,,
500,119,,40.8,120.96,,,9.34,630.9,snow,Temperate Broadleaf & Mixed Forests,,,0,20,,,wetland,,Spartina alterniflora,,bulk soil,,247.24,5.09,135.41,,2388.869255,2159.819255,229.05,39.04,4.49,,,9.88,,1.1,7.56,,,,
501,119,,37.83,119.07,,,,,,,,,0,20,,,wetland,,Suaeda salsa,,bulk soil,,85.57,4.4,46.21,,911.6468411,713.6468411,198,15.26,0.85,,,1.28,,0.16,7.99,,,,
502,119,,37.83,119.07,,,,,,,,,0,20,,,wetland,,Suaeda salsa,,bulk soil,,86.98,3.63,44.75,,899.5713939,736.2213939,163.35,18.56,0.92,,,1.65,,0.18,8.135,,,,
503,119,,37.83,119.07,,,,,,,,,0,20,,,wetland,,Suaeda salsa,,bulk soil,,82.7,3.98,44.45,,872.3084154,693.2084154,179.1,17.46,0.92,,,1.87,,0.19,8.22,,,,
504,119,,37.83,119.07,,,,,,,,,0,20,,,wetland,,Spartina alterniflora,,bulk soil,,70.04,3.61,34.87,,746.4681356,584.0181356,162.45,102.24,6.32,,,1.65,,0.23,7.83,,,,
505,119,,37.83,119.07,,,,,,,,,0,20,,,wetland,,Spartina alterniflora,,bulk soil,,77.82,3.83,38.26,,823.5639776,651.2139776,172.35,76.8,4.27,,,1.88,,0.21,7.78,,,,
506,119,,37.83,119.07,,,,,,,,,0,20,,,wetland,,Spartina alterniflora,,bulk soil,,87.14,3.95,43.56,,911.3035278,733.5535278,177.75,86.42,4.29,,,2.55,,0.2,7.81,,,,
507,119,,36.13,120.1,,,13.16,719.65,temperate,,,,0,20,,,wetland,,Suaeda salsa,,bulk soil,,63.77,1.74,52.3,,629.8934781,551.5934781,78.3,78.04,5.38,,,4.01,,0.44,7.88,,,,
508,119,,36.13,120.1,,,13.16,719.65,temperate,,,,0,20,,,wetland,,Suaeda salsa,,bulk soil,,52.43,1.36,37.93,,515.6115691,454.4115691,61.2,104.01,7.93,,,4.2,,0.4,7.83,,,,
509,119,,36.13,120.1,,,13.16,719.65,temperate,,,,0,20,,,wetland,,Suaeda salsa,,bulk soil,,127.56,4.63,66.67,,1296.954312,1088.604312,208.35,96.2,6.79,,,4.14,,0.45,7.75,,,,
510,119,,36.13,120.1,,,13.16,719.65,temperate,,,,0,20,,,wetland,,Spartina alterniflora,,bulk soil,,101.68,3.26,39.97,,1019.971114,873.2711141,146.7,96.24,6.59,,,4.79,,0.48,7.35,,,,
511,119,,36.13,120.1,,,13.16,719.65,temperate,,,,0,20,,,wetland,,Spartina alterniflora,,bulk soil,,187.24,3.2,70.12,,1788.081339,1644.081339,144,57.34,4.63,,,8.13,,0.88,7.29,,,,
512,119,,36.13,120.1,,,13.16,719.65,temperate,,,,0,20,,,wetland,,Spartina alterniflora,,bulk soil,,260.75,4.08,111.54,,2477.974707,2294.374707,183.6,189.44,12.54,,,9.37,,1.03,7.14,,,,
513,119,,33.25,120.78,,,,,temperate,,,,0,20,,,wetland,,Phragmites australis,,bulk soil,,146.64,3.02,38.29,,1416.892014,1280.992014,135.9,114.02,7.51,,,2.85,,0.37,7.9,,,,
514,119,,33.25,120.78,,,,,temperate,,,,0,20,,,wetland,,Phragmites australis,,bulk soil,,127.37,1.88,35.28,,1206.796287,1122.196287,84.6,106.81,10.43,,,3.19,,0.38,7.63,,,,
515,119,,33.25,120.78,,,,,temperate,,,,0,20,,,wetland,,Phragmites australis,,bulk soil,,211.54,1.13,76.22,,1940.204098,1889.354098,50.85,158.59,8.07,,,4.06,,0.5,7.66,,,,
516,119,,33.25,120.78,,,,,temperate,,,,0,20,,,wetland,,Spartina alterniflora,,bulk soil,,162.62,1.99,56.37,,1527.584208,1438.034208,89.55,186.91,10.02,,,7.03,,0.83,7.84,,,,
517,119,,33.25,120.78,,,,,temperate,,,,0,20,,,wetland,,Spartina alterniflora,,bulk soil,,91.5,1.54,30.85,,873.0308944,803.7308944,69.3,123.13,9,,,4.14,,0.45,8.01,,,,
518,119,,33.25,120.78,,,,,temperate,,,,0,20,,,wetland,,Spartina alterniflora,,bulk soil,,187.78,2.63,63.01,,1774.608476,1656.258476,118.35,125.99,7.09,,,7.19,,0.88,7.85,,,,
519,119,,31.69,121.66,,,15.81,1065.38,temperate,,,,0,20,,,wetland,,Phragmites australis,,bulk soil,,280.52,6.97,167.8,,2748.855542,2435.205542,313.65,234.65,16.67,,,10.16,,1.17,7.76,,,,
520,119,,31.69,121.66,,,15.81,1065.38,temperate,,,,0,20,,,wetland,,Phragmites australis,,bulk soil,,270.52,7.35,128.22,,2671.077451,2340.327451,330.75,89.08,10.32,,,11.44,,1.41,7.78,,,,
521,119,,31.69,121.66,,,15.81,1065.38,temperate,,,,0,20,,,wetland,,Phragmites australis,,bulk soil,,262.05,7.17,128.42,,2589.058125,2266.408125,322.65,169.44,18.47,,,9.08,,1.23,8.05,,,,
522,119,,31.69,121.66,,,15.81,1065.38,temperate,,,,0,20,,,wetland,,Spartina alterniflora,,bulk soil,,208.01,2.97,82.24,,1967.613868,1833.963868,133.65,135.72,8.04,,,13.58,,1.46,7.55,,,,
523,119,,31.69,121.66,,,15.81,1065.38,temperate,,,,0,20,,,wetland,,Spartina alterniflora,,bulk soil,,186.98,2.91,76.24,,1776.414093,1645.464093,130.95,140.37,7.75,,,15.42,,1.57,7.53,,,,
524,119,,31.69,121.66,,,15.81,1065.38,temperate,,,,0,20,,,wetland,,Spartina alterniflora,,bulk soil,,242.47,3.58,114.74,,2297.373248,2136.273248,161.1,201.14,10.83,,,18.77,,1.66,7.19,,,,
525,119,,30.37,121.31,,,16.57,1283.86,temperate,,,,0,20,,,wetland,,Phragmites australis,,bulk soil,,78.03,1.23,40.37,,741.8303897,686.4803897,55.35,224.23,24.89,,,4.58,,0.32,7.97,,,,
526,119,,30.37,121.31,,,16.57,1283.86,temperate,,,,0,20,,,wetland,,Phragmites australis,,bulk soil,,325.72,5.89,173.68,,3120.91959,2855.86959,265.05,255.91,27.87,,,10.53,,0.82,7.69,,,,
527,119,,30.37,121.31,,,16.57,1283.86,temperate,,,,0,20,,,wetland,,Phragmites australis,,bulk soil,,338.99,5.15,164.66,,3216.54903,2984.79903,231.75,375.75,39.86,,,9.73,,0.95,7.65,,,,
528,119,,30.37,121.31,,,16.57,1283.86,temperate,,,,0,20,,,wetland,,Spartina alterniflora,,bulk soil,,289.21,7.04,167.36,,2829.316946,2512.516946,316.8,152.27,15.1,,,8.54,,1.1,7.66,,,,
529,119,,30.37,121.31,,,16.57,1283.86,temperate,,,,0,20,,,wetland,,Spartina alterniflora,,bulk soil,,344.44,7.6,192.68,,3344.39818,3002.39818,342,249.47,16.36,,,10.47,,1.19,7.34,,,,
530,119,,30.37,121.31,,,16.57,1283.86,temperate,,,,0,20,,,wetland,,Spartina alterniflora,,bulk soil,,409.04,10.19,236.58,,4009.100139,3550.550139,458.55,224.42,13.1,,,11.08,,1.19,7.86,,,,
531,119,,26.14,119.64,,,,,temperate,,,,0,20,,,wetland,mangrove,Mangrove forest,,bulk soil,,342.68,14.57,172.92,,3552.733722,2897.083722,655.65,315.45,35.65,,,14.09,,1.06,6.58,,,,
532,119,,26.14,119.64,,,,,temperate,,,,0,20,,,wetland,mangrove,Mangrove forest,,bulk soil,,394.31,16.01,220.9,,4063.718324,3343.268324,720.45,326.85,42.11,,,13.84,,1.23,6.7,,,,
533,119,,26.14,119.64,,,,,temperate,,,,0,20,,,wetland,mangrove,Mangrove forest,,bulk soil,,442.63,15.79,271.19,,4491.522482,3780.972482,710.55,281.41,30.57,,,15.86,,1.27,6.94,,,,
534,119,,26.14,119.64,,,,,temperate,,,,0,20,,,wetland,,Spartina alterniflora,,bulk soil,,433.89,12.91,259.03,,4320.233277,3739.283277,580.95,179.06,12.56,,,12.98,,1.22,7,,,,
535,119,,26.14,119.64,,,,,temperate,,,,0,20,,,wetland,,Spartina alterniflora,,bulk soil,,467.91,14.3,272.83,,4671.119734,4027.619734,643.5,202.22,15.42,,,14.26,,1.3,6.87,,,,
536,119,,26.14,119.64,,,,,temperate,,,,0,20,,,wetland,,Spartina alterniflora,,bulk soil,,476.91,18.17,258.35,,4876.590228,4058.940228,817.65,183.95,13.09,,,17.6,,1.49,6.78,,,,
537,119,,23.92,117.42,,,21.36,1246.95,temperate,,,,0,20,,,wetland,mangrove,Mangrove forest,,bulk soil,,408.96,16.08,272.97,,4197.819729,3474.219729,723.6,132.74,8.7,,,14.85,,1.37,6.44,,,,
538,119,,23.92,117.42,,,21.36,1246.95,temperate,,,,0,20,,,wetland,mangrove,Mangrove forest,,bulk soil,,400.26,17.49,230.55,,4164.869444,3377.819444,787.05,167.46,11.26,,,22.79,,1.81,6.82,,,,
539,119,,23.92,117.42,,,21.36,1246.95,temperate,,,,0,20,,,wetland,mangrove,Mangrove forest,,bulk soil,,329.98,13.47,223.78,,3403.054511,2796.904511,606.15,213.4,15.12,,,16.64,,1.43,6.32,,,,
540,119,,23.92,117.42,,,21.36,1246.95,temperate,,,,0,20,,,wetland,,Spartina alterniflora,,bulk soil,,349.83,13.8,235.1,,3592.318274,2971.318274,621,136.33,14.09,,,10.18,,1.14,6.7,,,,
541,119,,23.92,117.42,,,21.36,1246.95,temperate,,,,0,20,,,wetland,,Spartina alterniflora,,bulk soil,,297.21,13.17,174.61,,3098.475636,2505.825636,592.65,144.78,13.91,,,11.13,,1.26,6.65,,,,
542,119,,23.92,117.42,,,21.36,1246.95,temperate,,,,0,20,,,wetland,,Spartina alterniflora,,bulk soil,,350.57,14.9,206.77,,3634.357485,2963.857485,670.5,167.93,11.93,,,12.8,,1.45,6.53,,,,
543,119,,20.93,110.17,,,23.77,1588.5,temperate,,,,0,20,,,wetland,mangrove,Mangrove forest,,bulk soil,,104.34,2.18,61.67,,1009.175162,911.0751622,98.1,111.19,7.88,,,4.37,,0.37,7.56,,,,
544,119,,20.93,110.17,,,23.77,1588.5,temperate,,,,0,20,,,wetland,mangrove,Mangrove forest,,bulk soil,,234.52,4.24,130.8,,2247.050774,2056.250774,190.8,169.13,22.76,,,9.65,,0.88,7.67,,,,
545,119,,20.93,110.17,,,23.77,1588.5,temperate,,,,0,20,,,wetland,mangrove,Mangrove forest,,bulk soil,,403.11,16.56,208.03,,4160.607929,3415.407929,745.2,183.7,24.54,,,16.33,,1.65,7.28,,,,
546,119,,20.93,110.17,,,23.77,1588.5,temperate,,,,0,20,,,wetland,,Spartina alterniflora,,bulk soil,,403.57,14.96,208.26,,4113.28726,3440.08726,673.2,150.89,12.13,,,13.39,,1.43,7.21,,,,
547,119,,20.93,110.17,,,23.77,1588.5,temperate,,,,0,20,,,wetland,,Spartina alterniflora,,bulk soil,,480.22,14.93,277.95,,4802.172372,4130.322372,671.85,162.19,12.38,,,12.72,,1.36,7.6,,,,
548,119,,20.93,110.17,,,23.77,1588.5,temperate,,,,0,20,,,wetland,,Spartina alterniflora,,bulk soil,,348.86,12.16,182.04,,3530.841088,2983.641088,547.2,204.77,13.86,,,14.15,,1.42,7.17,,,,
549,118,,52.941,122.864,,,-5.22,413.15,snow,Temperate Conifer Forests,,,0,10,,Histosols,wetland,peatland,,,bulk soil,,7551.38,147.36,2606.4,,72701.94766,66070.74766,6631.2,,,16.5,1.31,399,,15.6,,,,,
550,118,,52.941,122.864,,,-5.22,413.15,snow,Temperate Conifer Forests,,,10,20,,Histosols,wetland,peatland,,,bulk soil,,8685.751489,172.49,4544.59,,83719.5452,75957.4952,7762.05,,,10.2,1.07,351,,16.3,,,,,
551,118,,52.941,122.864,,,-5.22,413.15,snow,Temperate Conifer Forests,,,20,40,,Histosols,wetland,peatland,,,bulk soil,,6184.971774,191.81,4026.46,,61833.91535,53202.46535,8631.45,,,5.6,0.56,359,,18.6,,,,,
552,118,,52.941,122.864,,,-5.22,413.15,snow,Temperate Conifer Forests,,,0,10,,Histosols,wetland,peatland,,,bulk soil,,8352.657269,181.76,2746.95,,81019.84748,72840.64748,8179.2,,,22.6,2.93,404,,18.9,,,,,
553,118,,52.941,122.864,,,-5.22,413.15,snow,Temperate Conifer Forests,,,10,20,,Histosols,wetland,peatland,,,bulk soil,,7868.337336,157.61,4059.02,,75884.2336,68791.7836,7092.45,,,13.5,1.56,385,,19.6,,,,,
554,118,,52.941,122.864,,,-5.22,413.15,snow,Temperate Conifer Forests,,,20,40,,Histosols,wetland,peatland,,,bulk soil,,6864.727256,227.99,4277.76,,69115.36908,58855.81908,10259.55,,,6.8,1,324,,20.9,,,,,
555,117,,47.433,126.633,,,1.97,543.87,snow,Temperate Broadleaf & Mixed Forests,mixed management,MO,0,20,,,cropland,,,,bulk soil,,1102.24,108.56,,,13411.76643,8526.566426,4885.2,4885.2,8526.33,,,29.42,,2.14,7,,42,35.6,22.4
556,117,,47.433,126.633,,,1.97,543.87,snow,Temperate Broadleaf & Mixed Forests,mixed management,F0C0,0,20,,,cropland,,,,bulk soil,,247.42,22.15,,,2939.188643,1942.438643,996.75,996.94,1942.33,,,6.99,,0.51,5.44,,42,35.6,22.4
557,117,,47.433,126.633,,,1.97,543.87,snow,Temperate Broadleaf & Mixed Forests,mixed management,F1C0,0,20,,,cropland,,,,bulk soil,,276.04,22.15,,,3196.768643,2200.018643,996.75,996.94,2199.89,,,7.87,,0.67,6.54,,42,35.6,22.4
558,117,,47.433,126.633,,,1.97,543.87,snow,Temperate Broadleaf & Mixed Forests,mixed management,F1C1,0,20,,,cropland,,,,bulk soil,,568.65,31.02,,,6115.54373,4719.64373,1395.9,1395.72,4719.65,,,10.79,,0.89,5.96,,42,35.6,22.4
559,117,,47.433,126.633,,,1.97,543.87,snow,Temperate Broadleaf & Mixed Forests,mixed management,F1C2,0,20,,,cropland,,,,bulk soil,,565.49,33.23,,,6158.18378,4662.83378,1495.35,1495.42,4662.76,,,12.28,,1.14,5.71,,42,35.6,22.4
560,117,,47.433,126.633,,,1.97,543.87,snow,Temperate Broadleaf & Mixed Forests,mixed management,Alfa,0,20,,,grassland,,,,bulk soil,,481.25,35.45,,,5471.425459,3876.175459,1595.25,1595.11,3876.12,,,11.09,,1.07,5.6,,42,35.6,22.4
561,116,,47.45,126.92,,,1.97,543.87,snow,Temperate Broadleaf & Mixed Forests,cropping; fertilizer,WCF,0,20,,Mollisol,cropland,,,,bulk soil,,1133.57,62.233,,,12203.7249,9403.239903,2800.485,,,,,,28.9,2.22,5.84,,,,
562,116,,47.45,126.92,,,1.97,543.87,snow,Temperate Broadleaf & Mixed Forests,cropping; fertilizer,SC,0,20,,Mollisol,cropland,,,,bulk soil,,1279.4,67.8409,,,13696.56133,10643.72083,3052.8405,,,,,,27.3,1.9,4.72,,,,
563,116,,47.45,126.92,,,1.97,543.87,snow,Temperate Broadleaf & Mixed Forests,cropping; fertilizer,SCF,0,20,,Mollisol,cropland,,,,bulk soil,,1119.26,73.4274,,,12434.97948,9130.746478,3304.233,,,,,,29.4,2.21,5.85,,,,
564,116,,47.45,126.92,,,1.97,543.87,snow,Temperate Broadleaf & Mixed Forests,cropping; fertilizer,MC,0,20,,Mollisol,cropland,,,,bulk soil,,1239.62,66.2721,,,13288.08415,10305.83965,2982.2445,,,,,,27.4,1.85,4.29,,,,
565,116,,47.45,126.92,,,1.97,543.87,snow,Temperate Broadleaf & Mixed Forests,cropping; fertilizer,MCF,0,20,,Mollisol,cropland,,,,bulk soil,,1296.19,78.2261,,,14181.68967,10661.51517,3520.1745,,,,,,29.9,2.02,6.26,,,,
566,116,,47.45,126.92,,,1.97,543.87,snow,Temperate Broadleaf & Mixed Forests,cropping; fertilizer,BL,0,20,,Mollisol,cropland,,,,bulk soil,,1129.67,58.3501,,,12043.73951,9417.985007,2625.7545,,,,,,27.9,2.17,5.18,,,,
567,116,,47.45,126.92,,,1.97,543.87,snow,Temperate Broadleaf & Mixed Forests,cropping; fertilizer,GL,0,20,,Mollisol,grassland,,,,bulk soil,,1434.89,76.71,,,15381.22747,11929.27747,3451.95,,,,,,35.7,2.86,6.08,,,,
568,115,,39.22,117,,,12.85,532.09,snow,Temperate Broadleaf & Mixed Forests,fertilizer,100CN>2 mm,0,20,,,cropland,,,,aggregate,>2mm,267.027171,25.0535556,,,3209.040004,2081.630002,1127.410002,,,419.118,53.7931,,14.2,,7.82,,,,
569,115,,39.22,117,,,12.85,532.09,snow,Temperate Broadleaf & Mixed Forests,fertilizer,100CN-2-0.25mm,0,20,,,cropland,,,,aggregate,2-0.250mm,269.474774,26.7695556,,,3286.259999,2081.629997,1204.630002,,,379.412,41.3793,,16.6,,,,,,
570,115,,39.22,117,,,12.85,532.09,snow,Temperate Broadleaf & Mixed Forests,fertilizer,100CN-0.25-0.053mm,0,20,,,cropland,,,,aggregate,0.250-0.053mm,208.200468,21.9648222,,,2580.256997,1591.839998,988.416999,,,291.176,33.6946,,17.5,,,,,,
571,115,,39.22,117,,,12.85,532.09,snow,Temperate Broadleaf & Mixed Forests,fertilizer,100CN- <0.053mm,0,20,,,cropland,,,,aggregate,<0.053mm,280.582865,20.2488222,,,3176.507002,2265.310003,911.196999,,,573.529,66.798,,11,,,,,,
572,115,,39.22,117,,,12.85,532.09,snow,Temperate Broadleaf & Mixed Forests,fertilizer,50CN/50MN->2 mm,0,20,,,cropland,,,,aggregate,>2mm,379.423771,39.468,,,4684.220004,2908.160004,1776.06,,,564.706,64.4335,,19,,,,,,
573,115,,39.22,117,,,12.85,532.09,snow,Temperate Broadleaf & Mixed Forests,fertilizer,50CN/50MN-2-0.25mm,0,20,,,cropland,,,,aggregate,2-0.250mm,364.274353,31.2313333,,,4282.960003,2877.550004,1405.409999,,,569.118,60.2956,,21.5,,,,,,
574,115,,39.22,117,,,12.85,532.09,snow,Temperate Broadleaf & Mixed Forests,fertilizer,50CN/50MN-0.25-0.053mm,0,20,,,cropland,,,,aggregate,0.250-0.053mm,243.707993,25.3968889,,,3010.210003,1867.350003,1142.860001,,,727.941,74.4828,,24.7,,,,,,
575,115,,39.22,117,,,12.85,532.09,snow,Temperate Broadleaf & Mixed Forests,fertilizer,50CN/50MN-<0.053mm,0,20,,,cropland,,,,aggregate,<0.053mm,315.111284,22.9944444,,,3575.569996,2540.819998,1034.749998,,,697.059,79.803,,13.3,,,,,,
576,115,,39.22,117,,,12.85,532.09,snow,Temperate Broadleaf & Mixed Forests,fertilizer,50CN/50MN/25SN->2 mm,0,20,,,cropland,,,,aggregate,>2mm,552.041224,50.7935556,,,6602.040002,4316.33,2285.710002,,,727.941,82.1675,,21.9,,,,,,
577,115,,39.22,117,,,12.85,532.09,snow,Temperate Broadleaf & Mixed Forests,fertilizer,50CN/50MN/25SN-2-0.25mm,0,20,,,cropland,,,,aggregate,2-0.250mm,581.15935,47.3615556,,,6753.72,4622.449998,2131.270002,,,913.235,92.8079,,24.8,,,,,,
578,115,,39.22,117,,,12.85,532.09,snow,Temperate Broadleaf & Mixed Forests,fertilizer,50CN/50MN/25SN-0.25-0.053mm,0,20,,,cropland,,,,aggregate,0.250-0.053mm,327.863182,34.32,,,4054.599999,2510.199999,1544.4,,,732.353,73.3005,,27,,,,,,
579,115,,39.22,117,,,12.85,532.09,snow,Temperate Broadleaf & Mixed Forests,fertilizer,50CN/50MN/25SN-<0.053mm,0,20,,,cropland,,,,aggregate,<0.053mm,484.816226,34.6633333,,,5478.219996,3918.369997,1559.849999,,,604.412,69.7537,,15,,,,,,
580,115,,39.22,117,,,12.85,532.09,snow,Temperate Broadleaf & Mixed Forests,fertilizer,50CN/50SN->2 mm,0,20,,,cropland,,,,aggregate,>2mm,706.697709,63.8353333,,,8413.41,5540.820001,2872.589999,,,922.059,102.857,,23,,,,,,
581,115,,39.22,117,,,12.85,532.09,snow,Temperate Broadleaf & Mixed Forests,fertilizer,50CN/50SN-2-0.25mm,0,20,,,cropland,,,,aggregate,2-0.250mm,741.174839,61.776,,,8657.470001,5877.550001,2779.92,,,1102.94,109.36,,26.1,,,,,,
582,115,,39.22,117,,,12.85,532.09,snow,Temperate Broadleaf & Mixed Forests,fertilizer,50CN/50SN-0.25-0.053mm,0,20,,,cropland,,,,aggregate,0.250-0.053mm,390.60732,40.1544444,,,4806.95,3000.000002,1806.949998,,,922.059,88.0788,,28.5,,,,,,
583,115,,39.22,117,,,12.85,532.09,snow,Temperate Broadleaf & Mixed Forests,fertilizer,50CN/50SN-<0.053mm,0,20,,,cropland,,,,aggregate,<0.053mm,586.958298,44.2728889,,,6706.569997,4714.289996,1992.280001,,,630.882,72.7094,,15.2,,,,,,
584,114,,32.565,121.688,,,,,,,salinity; straw,60 days GlcN HS,0,20,,coastal saline fluvo-aquic soil,wetland,,,,bulk soil,,27.3065,,,,,,,,,,,3.26,,0.3,8.33,01:02.5,5.6,69.2,25.2
585,114,,32.565,121.688,,,,,,,salinity; straw,60 days GlcN LS,0,20,,coastal saline fluvo-aquic soil,wetland,,,,bulk soil,,52.01238,,,,,,,,,,,3.7,,0.33,8.95,01:02.5,5.4,65.3,29.3
586,114,,32.565,121.688,,,,,,,salinity; straw,60 days GlcN HS+S,0,20,,coastal saline fluvo-aquic soil,wetland,,,,bulk soil,,42.04334,,,,,,,,,,,,,,,,,,
587,114,,32.565,121.688,,,,,,,salinity; straw,60 days GlcN LS+S,0,20,,coastal saline fluvo-aquic soil,wetland,,,,bulk soil,,66.31579,,,,,,,,,,,,,,,,,,
588,114,,32.565,121.688,,,,,,,salinity; straw,60 days GaIN HS,0,20,,coastal saline fluvo-aquic soil,wetland,,,,bulk soil,,,,11.26935,,,,,,,,,3.26,,0.3,8.33,01:02.5,5.6,69.2,25.2
589,114,,32.565,121.688,,,,,,,salinity; straw,60 days GaIN LS,0,20,,coastal saline fluvo-aquic soil,wetland,,,,bulk soil,,,,18.63777,,,,,,,,,3.7,,0.33,8.95,01:02.5,5.4,65.3,29.3
590,114,,32.565,121.688,,,,,,,salinity; straw,60 days GaIN HS+S,0,20,,coastal saline fluvo-aquic soil,wetland,,,,bulk soil,,,,17.33746,,,,,,,,,,,,,,,,
591,114,,32.565,121.688,,,,,,,salinity; straw,60 days GaIN LS+S,0,20,,coastal saline fluvo-aquic soil,wetland,,,,bulk soil,,,,26.00619,,,,,,,,,,,,,,,,
592,114,,32.565,121.688,,,,,,,salinity; straw,60 days MurN HS,0,20,,coastal saline fluvo-aquic soil,wetland,,,,bulk soil,,,10.40248,,,,,468.1116,,,,,3.26,,0.3,8.33,01:02.5,5.6,69.2,25.2
593,114,,32.565,121.688,,,,,,,salinity; straw,60 days MurN LS,0,20,,coastal saline fluvo-aquic soil,wetland,,,,bulk soil,,,15.17028,,,,,682.6626,,,,,3.7,,0.33,8.95,01:02.5,5.4,65.3,29.3
594,114,,32.565,121.688,,,,,,,salinity; straw,60 days MurN HS+S,0,20,,coastal saline fluvo-aquic soil,wetland,,,,bulk soil,,,14.73684,,,,,663.1578,,,,,,,,,,,,
595,114,,32.565,121.688,,,,,,,salinity; straw,60 days MurN LS+S,0,20,,coastal saline fluvo-aquic soil,wetland,,,,bulk soil,,,13.43653,,,,,604.64385,,,,,,,,,,,,
596,114,,32.565,121.688,,,,,,,salinity; straw,180 days GlcN HS,0,20,,coastal saline fluvo-aquic soil,wetland,,,,bulk soil,,26.2614,,,,,,,,,,,3.26,,0.3,8.33,01:02.5,5.6,69.2,25.2
597,114,,32.565,121.688,,,,,,,salinity; straw,180 days GlcN LS,0,20,,coastal saline fluvo-aquic soil,wetland,,,,bulk soil,,42.31003,,,,,,,,,,,3.7,,0.33,8.95,01:02.5,5.4,65.3,29.3
598,114,,32.565,121.688,,,,,,,salinity; straw,180 days GlcN HS+S,0,20,,coastal saline fluvo-aquic soil,wetland,,,,bulk soil,,35.0152,,,,,,,,,,,,,,,,,,
599,114,,32.565,121.688,,,,,,,salinity; straw,180 days GlcN LS+S,0,20,,coastal saline fluvo-aquic soil,wetland,,,,bulk soil,,56.17021,,,,,,,,,,,,,,,,,,
600,114,,32.565,121.688,,,,,,,salinity; straw,180 days GaIN HS,0,20,,coastal saline fluvo-aquic soil,wetland,,,,bulk soil,,,,9.848024,,,,,,,,,3.26,,0.3,8.33,01:02.5,5.6,69.2,25.2
601,114,,32.565,121.688,,,,,,,salinity; straw,180 days GaIN LS,0,20,,coastal saline fluvo-aquic soil,wetland,,,,bulk soil,,,,16.04863,,,,,,,,,3.7,,0.33,8.95,01:02.5,5.4,65.3,29.3
602,114,,32.565,121.688,,,,,,,salinity; straw,180 days GaIN HS+S,0,20,,coastal saline fluvo-aquic soil,wetland,,,,bulk soil,,,,12.76596,,,,,,,,,,,,,,,,
603,114,,32.565,121.688,,,,,,,salinity; straw,180 days GaIN LS+S,0,20,,coastal saline fluvo-aquic soil,wetland,,,,bulk soil,,,,19.69605,,,,,,,,,,,,,,,,
604,114,,32.565,121.688,,,,,,,salinity; straw,180 days MurN HS,0,20,,coastal saline fluvo-aquic soil,wetland,,,,bulk soil,,,16.41337,,,,,738.60165,,,,,3.26,,0.3,8.33,01:02.5,5.6,69.2,25.2
605,114,,32.565,121.688,,,,,,,salinity; straw,180 days MurN LS,0,20,,coastal saline fluvo-aquic soil,wetland,,,,bulk soil,,,16.04863,,,,,722.18835,,,,,3.7,,0.33,8.95,01:02.5,5.4,65.3,29.3
606,114,,32.565,121.688,,,,,,,salinity; straw,180 days MurN HS+S,0,20,,coastal saline fluvo-aquic soil,wetland,,,,bulk soil,,,15.68389,,,,,705.77505,,,,,,,,,,,,
607,114,,32.565,121.688,,,,,,,salinity; straw,180 days MurN LS+S,0,20,,coastal saline fluvo-aquic soil,wetland,,,,bulk soil,,,12.03647,,,,,541.64115,,,,,,,,,,,,
608,113,,26.4,109.26,"lat-lon of Huan, China",,15.75,1357.18,temperate,Tropical & Subtropical Moist Broadleaf Forests,,,0,10,,,cropland,,,,aggregate,>2mm,,,,,9521.9,5658.03,3863.87,,,,,,14.72,,4.52681,,,,
609,113,,26.4,109.26,"lat-lon of Huan, China",,15.75,1357.18,temperate,Tropical & Subtropical Moist Broadleaf Forests,,,0,10,,,cropland,,,,aggregate,0.250-2mm,,,,,8897.54,5284.97,3612.57,,,,,,15.24,,4.55521,,,,
610,113,,26.4,109.26,"lat-lon of Huan, China",,15.75,1357.18,temperate,Tropical & Subtropical Moist Broadleaf Forests,,,0,10,,,cropland,,,,aggregate,<0.250mm,,,,,9711.69,5533.68,4178.01,,,,,,18.27,,4.5836,,,,
611,113,,26.4,109.26,"lat-lon of Huan, China",,15.75,1357.18,temperate,Tropical & Subtropical Moist Broadleaf Forests,,,0,10,,,cropland,,,,aggregate,>2mm,,,,,8652.74,4663.21,3989.53,,,,,,13.09,,4.12934,,,,
612,113,,26.4,109.26,"lat-lon of Huan, China",,15.75,1357.18,temperate,Tropical & Subtropical Moist Broadleaf Forests,,,0,10,,,cropland,,,,aggregate,0.250-2mm,,,,,8646.88,5222.8,3424.08,,,,,,14.57,,4.2429,,,,
613,113,,26.4,109.26,"lat-lon of Huan, China",,15.75,1357.18,temperate,Tropical & Subtropical Moist Broadleaf Forests,,,0,10,,,cropland,,,,aggregate,<0.250mm,,,,,9332.12,5782.38,3549.74,,,,,,17.09,,4.20505,,,,
614,113,,26.4,109.26,"lat-lon of Huan, China",,15.75,1357.18,temperate,Tropical & Subtropical Moist Broadleaf Forests,,,0,10,,,cropland,,,,aggregate,>2mm,,,,,9266.69,6031.09,3235.6,,,,,,14.05,,4.63091,,,,
615,113,,26.4,109.26,"lat-lon of Huan, China",,15.75,1357.18,temperate,Tropical & Subtropical Moist Broadleaf Forests,,,0,10,,,cropland,,,,aggregate,0.250-2mm,,,,,8650.14,4911.92,3738.22,,,,,,16.27,,4.66877,,,,
616,113,,26.4,109.26,"lat-lon of Huan, China",,15.75,1357.18,temperate,Tropical & Subtropical Moist Broadleaf Forests,,,0,10,,,cropland,,,,aggregate,<0.250mm,,,,,9642.35,6155.44,3486.91,,,,,,18.34,,4.63091,,,,
617,113,,26.4,109.26,"lat-lon of Huan, China",,15.75,1357.18,temperate,Tropical & Subtropical Moist Broadleaf Forests,,,0,10,,,cropland,,,,aggregate,>2mm,,,,,9641.05,6279.79,3361.26,,,,,,14.79,,4.23344,,,,
618,113,,26.4,109.26,"lat-lon of Huan, China",,15.75,1357.18,temperate,Tropical & Subtropical Moist Broadleaf Forests,,,0,10,,,cropland,,,,aggregate,0.250-2mm,,,,,11139.14,7212.44,3926.7,,,,,,17.31,,4.30915,,,,
619,113,,26.4,109.26,"lat-lon of Huan, China",,15.75,1357.18,temperate,Tropical & Subtropical Moist Broadleaf Forests,,,0,10,,,cropland,,,,aggregate,<0.250mm,,,,,11232.73,7274.61,3958.12,,,,,,20.34,,4.25237,,,,
620,112,,32.467,120.45,,,15.91,1064.71,temperate,Temperate Broadleaf & Mixed Forests,,,0,5,,,wetland,,,,bulk soil,,,,,,0.95835,0.797661,0.160689,,,0.171427,,,,,,,,,
621,112,,32.467,120.45,,,15.91,1064.71,temperate,Temperate Broadleaf & Mixed Forests,,,0,5,,,wetland,,,,bulk soil,,,,,,0.431346,0.346634,0.084712,,,0.090662,,,,,,,,,
622,112,,32.467,120.45,,,15.91,1064.71,temperate,Temperate Broadleaf & Mixed Forests,,,0,5,,,wetland,,,,bulk soil,,,,,,0.791813,0.739187,0.052626,,,0.099219,,,,,,,,,
623,112,,32.467,120.45,,,15.91,1064.71,temperate,Temperate Broadleaf & Mixed Forests,,,0,5,,,wetland,,,,bulk soil,,,,,,0.616824,0.572299,0.044525,,,0.17429,,,,,,,,,
624,112,,32.467,120.45,,,15.91,1064.71,temperate,Temperate Broadleaf & Mixed Forests,,,0,5,,,wetland,,,,bulk soil,,,,,,0.760856,0.59792,0.162936,,,0.089927,,,,,,,,,
625,112,,32.467,120.45,,,15.91,1064.71,temperate,Temperate Broadleaf & Mixed Forests,,,0,5,,,wetland,,,,bulk soil,,,,,,0.880594,0.754401,0.126193,,,0.195028,,,,,,,,,
626,112,,32.467,120.45,,,15.91,1064.71,temperate,Temperate Broadleaf & Mixed Forests,,,0,5,,,wetland,,,,bulk soil,,,,,,0.523416,0.518916,0.0045,,,0.06572,,,,,,,,,
627,112,,32.467,120.45,,,15.91,1064.71,temperate,Temperate Broadleaf & Mixed Forests,,,0,5,,,wetland,,,,bulk soil,,,,,,0.669242,0.657151,0.012091,,,0.0879,,,,,,,,,
628,112,,32.467,120.45,,,15.91,1064.71,temperate,Temperate Broadleaf & Mixed Forests,,,0,5,,,wetland,,,,bulk soil,,,,,,0.93349,0.900484,0.033006,,,0.092639,,,,,,,,,
629,112,,32.467,120.45,,,15.91,1064.71,temperate,Temperate Broadleaf & Mixed Forests,,,0,5,,,wetland,,,,bulk soil,,,,,,0.717608,0.688215,0.029393,,,0.04795,,,,,,,,,
630,112,,32.467,120.45,,,15.91,1064.71,temperate,Temperate Broadleaf & Mixed Forests,,,0,5,,,wetland,,,,bulk soil,,,,,,0.976488,0.946284,0.030204,,,0.171052,,,,,,,,,
631,112,,32.467,120.45,,,15.91,1064.71,temperate,Temperate Broadleaf & Mixed Forests,,,0,5,,,wetland,,,,bulk soil,,,,,,0.611707,0.585674,0.026033,,,0.086737,,,,,,,,,
632,112,,32.467,120.45,,,15.91,1064.71,temperate,Temperate Broadleaf & Mixed Forests,,,0,5,,,wetland,,,,bulk soil,,,,,,0.778657,0.740661,0.037996,,,0.111804,,,,,,,,,
633,112,,32.467,120.45,,,15.91,1064.71,temperate,Temperate Broadleaf & Mixed Forests,,,0,5,,,wetland,,,,bulk soil,,,,,,0.890808,0.878485,0.012323,,,0.111196,,,,,,,,,
634,112,,32.467,120.45,,,15.91,1064.71,temperate,Temperate Broadleaf & Mixed Forests,,,0,5,,,wetland,,,,bulk soil,,,,,,1.685416,1.452858,0.232558,,,0.070481,,,,,,,,,
635,112,,32.467,120.45,,,15.91,1064.71,temperate,Temperate Broadleaf & Mixed Forests,,,0,5,,,wetland,,,,bulk soil,,,,,,0.784719,0.716835,0.067884,,,0.137569,,,,,,,,,
636,112,,32.467,120.45,,,15.91,1064.71,temperate,Temperate Broadleaf & Mixed Forests,,,0,5,,,wetland,,,,bulk soil,,,,,,1.385466,1.291772,0.093694,,,0.174714,,,,,,,,,
637,112,,32.467,120.45,,,15.91,1064.71,temperate,Temperate Broadleaf & Mixed Forests,,,0,5,,,wetland,,,,bulk soil,,,,,,0.282975,0.263562,0.019413,,,0.092395,,,,,,,,,
638,112,,32.467,120.45,,,15.91,1064.71,temperate,Temperate Broadleaf & Mixed Forests,,,0,5,,,wetland,,,,bulk soil,,,,,,0.57191,0.562941,0.008969,,,0.126191,,,,,,,,,
639,111,,42.49,-72.11,,355,8.89,1164.1,snow,Temperate Broadleaf & Mixed Forests,,,0,10,,,forest,,,,bulk soil,,225,63,,,4051.263862,1216.263862,2835,,,,,,6.86,,,,,,
640,111,,42.49,-72.11,,355,8.89,1164.1,snow,Temperate Broadleaf & Mixed Forests,,,0,10,,,forest,,,,bulk soil,,212,68,,,4095.078454,1035.078454,3060,,,,,,6.28,,,,,,
641,110,,50.383,9.983,,,8.22,786.91,temperate,Temperate Broadleaf & Mixed Forests,salinity,soil A,0,10,,,grassland,,,,bulk soil,,883,47,,,9458.657167,7343.657167,2115,2115,7343.56,,,16.8,,1.4,,,,,
642,110,,50.383,9.983,,,8.22,786.91,temperate,Temperate Broadleaf & Mixed Forests,salinity,soil B（high salinity）,0,10,,,grassland,,,,bulk soil,,1035,75,,,11727.21888,8352.218883,3375,3375,8352.06,,,36.2,,2.7,4.67,,8,,
643,109,,49.83,8.58,,100,9.15,936.38,temperate,Temperate Broadleaf & Mixed Forests,fertilizer; straw,Manure without straw,0,10,,Haplic Cambisol,cropland,,,,bulk soil,,551.873638,31.294,,,5973.369112,4565.139112,1408.23,,,,,,7.81,,,,55.6,6.3,38.13
644,109,,49.83,8.58,,100,9.15,936.38,temperate,Temperate Broadleaf & Mixed Forests,fertilizer; straw,Manure without straw,10,20,,Haplic Cambisol,cropland,,,,bulk soil,,446.015678,23.647,,,4774.697634,3710.582634,1064.115,,,,,,7.32,,7.11594,,5,9,86
645,109,,49.83,8.58,,100,9.15,936.38,temperate,Temperate Broadleaf & Mixed Forests,fertilizer; straw,Manure without straw,20,30,,Haplic Cambisol,cropland,,,,bulk soil,,322.073808,17.706,,,3468.140906,2671.370906,796.77,,,,,,5.35,,6.86232,,5,9,86
646,109,,49.83,8.58,,100,9.15,936.38,temperate,Temperate Broadleaf & Mixed Forests,fertilizer; straw,Manure without straw,30,40,,Haplic Cambisol,cropland,,,,bulk soil,,77.5646735,5.118,,,862.6918781,632.3818781,230.31,,,,,,2.69,,6.92754,,5,9,86
647,109,,49.83,8.58,,100,9.15,936.38,temperate,Temperate Broadleaf & Mixed Forests,fertilizer; straw,Manure without straw,40,50,,Haplic Cambisol,cropland,,,,bulk soil,,44.4827826,3.353,,,508.1873089,357.3023089,150.885,,,,,,1.89,,7.31884,,5,9,86
648,109,,49.83,8.58,,100,9.15,936.38,temperate,Temperate Broadleaf & Mixed Forests,fertilizer; straw,Manure without straw,50,60,,Haplic Cambisol,cropland,,,,bulk soil,,38.5504857,2.765,,,435.8848408,311.4598408,124.425,,,,,,2.71,,7.64493,,5,9,86
649,109,,49.83,8.58,,100,9.15,936.38,temperate,Temperate Broadleaf & Mixed Forests,fertilizer; straw,Manure without straw,60,70,,Haplic Cambisol,cropland,,,,bulk soil,,25.5764912,1.706,,,285.0583597,208.2883597,76.77,,,,,,1.86,,8.02899,,5,9,86
650,109,,49.83,8.58,,100,9.15,936.38,temperate,Temperate Broadleaf & Mixed Forests,fertilizer; straw,Manure without straw,70,80,,Haplic Cambisol,cropland,,,,bulk soil,,27.8553875,2.412,,,328.2754468,219.7354468,108.54,,,,,,2.15,,7.89855,,5,9,86
651,109,,49.83,8.58,,100,9.15,936.38,temperate,Temperate Broadleaf & Mixed Forests,fertilizer; straw,Manure without straw,80,90,,Haplic Cambisol,cropland,,,,bulk soil,,25.5057878,2.353,,,305.2314373,199.3464373,105.885,,,,,,1.65,,7.95652,,5,9,86
652,109,,49.83,8.58,,100,9.15,936.38,temperate,Temperate Broadleaf & Mixed Forests,fertilizer; straw,Manure without straw,90,100,,Haplic Cambisol,cropland,,,,bulk soil,,32.0324842,3.059,,,386.6787253,249.0237253,137.655,,,,,,1.78,,7.99275,,5,9,86
653,109,,49.83,8.58,,100,9.15,936.38,temperate,Temperate Broadleaf & Mixed Forests,fertilizer; straw,Mineral fertilizer with straw,0,10,,Haplic Cambisol,cropland,,,,bulk soil,,479.35399,40.471,,,5615.851382,3794.656382,1821.195,,,,,,8.21,,8.17391,,5,9,86
654,109,,49.83,8.58,,100,9.15,936.38,temperate,Temperate Broadleaf & Mixed Forests,fertilizer; straw,Mineral fertilizer with straw,10,20,,Haplic Cambisol,cropland,,,,bulk soil,,430.368483,41.941,,,5222.261309,3334.916309,1887.345,,,,,,8.75,,7.23188,,5,9,86
655,109,,49.83,8.58,,100,9.15,936.38,temperate,Temperate Broadleaf & Mixed Forests,fertilizer; straw,Mineral fertilizer with straw,20,30,,Haplic Cambisol,cropland,,,,bulk soil,,352.353057,27.529,,,4056.590495,2817.785495,1238.805,,,,,,6.6,,7.28986,,5,9,86
656,109,,49.83,8.58,,100,9.15,936.38,temperate,Temperate Broadleaf & Mixed Forests,fertilizer; straw,Mineral fertilizer with straw,30,40,,Haplic Cambisol,cropland,,,,bulk soil,,120.299857,8.294,,,1349.457959,976.2279586,373.23,,,,,,4.19,,7.28261,,5,9,86
657,109,,49.83,8.58,,100,9.15,936.38,temperate,Temperate Broadleaf & Mixed Forests,fertilizer; straw,Mineral fertilizer with straw,40,50,,Haplic Cambisol,cropland,,,,bulk soil,,60.4292787,4.118,,,676.3104064,491.0004064,185.31,,,,,,2.37,,7.2029,,5,9,86
658,109,,49.83,8.58,,100,9.15,936.38,temperate,Temperate Broadleaf & Mixed Forests,fertilizer; straw,Mineral fertilizer with straw,50,60,,Haplic Cambisol,cropland,,,,bulk soil,,55.4596756,4.706,,,650.4957746,438.7257746,211.77,,,,,,2.22,,7.15942,,5,9,86
659,109,,49.83,8.58,,100,9.15,936.38,temperate,Temperate Broadleaf & Mixed Forests,fertilizer; straw,Mineral fertilizer with straw,60,70,,Haplic Cambisol,cropland,,,,bulk soil,,15.5753802,3.824,,,263.1694219,91.08942192,172.08,,,,,,1.79,,7.18841,,5,9,86
660,109,,49.83,8.58,,100,9.15,936.38,temperate,Temperate Broadleaf & Mixed Forests,fertilizer; straw,Mineral fertilizer with straw,70,80,,Haplic Cambisol,cropland,,,,bulk soil,,35.6856826,3.353,,,429.0134089,278.1284089,150.885,,,,,,1.97,,7.15942,,5,9,86
661,109,,49.83,8.58,,100,9.15,936.38,temperate,Temperate Broadleaf & Mixed Forests,fertilizer; straw,Mineral fertilizer with straw,80,90,,Haplic Cambisol,cropland,,,,bulk soil,,36.4656814,3.588,,,443.591684,282.131684,161.46,,,,,,1.92,,7.32609,,5,9,86
662,109,,49.83,8.58,,100,9.15,936.38,temperate,Temperate Broadleaf & Mixed Forests,fertilizer; straw,Mineral fertilizer with straw,90,100,,Haplic Cambisol,cropland,,,,bulk soil,,25.7847863,2.647,,,317.1983218,198.0833218,119.115,,,,,,1.98,,7.46377,,5,9,86
663,108,,42.36,-5.34,,823,11.42,529.72,temperate,"Mediterranean Forests, Woodlands & Scrub",,,0,10,,,cropland,,,,bulk soil,,645,53,,,7509.634677,5124.634677,2385,,,248,41,,14.9,1.43,,,29.3,33,37.8
664,108,,42.36,-5.34,,823,11.42,529.72,temperate,"Mediterranean Forests, Woodlands & Scrub",,,0,10,,,cropland,,,,bulk soil,,102,15,,,1400.443777,725.4437766,675,,,104,12,,4.6,0.41,6.9,,16,59,15
665,108,,42.36,-5.34,,823,11.42,529.72,temperate,"Mediterranean Forests, Woodlands & Scrub",,,0,10,,,grassland,,,,bulk soil,,1293,94,,,14660.31433,10430.31433,4230,,,904,167,,41.7,3.49,9.1,,13,54,30
666,108,,42.36,-5.34,,823,11.42,529.72,temperate,"Mediterranean Forests, Woodlands & Scrub",,,0,10,,Cambisol,forest,,,,bulk soil,,1350,44,,,13565.16841,11585.16841,1980,,,456,74,,48.3,2.37,5.7,,20,65,10
667,108,,51.32,9.56,,470,7.08,684.49,temperate,Temperate Broadleaf & Mixed Forests,,,0,10,,Leptosol,cropland,,,,bulk soil,,1023,59,,,11104.61219,8449.612188,2655,,,717,125.8,,20,2.41,4,,12,70,15
668,108,,51.32,9.56,,470,7.08,684.49,temperate,Temperate Broadleaf & Mixed Forests,,,0,10,,Luvisol,cropland,,,,bulk soil,,445,43,,,5388.005493,3453.005493,1935,,,229,53.9,,10.8,1.14,7.69,,6,51.4,42.5
669,108,,51.2,9.51,,278,7.08,684.49,temperate,Temperate Broadleaf & Mixed Forests,,,0,10,,Luvisol,cropland,,,,bulk soil,,425,40,,,5111.516738,3311.516738,1800,,,225,41.4,,9.8,1,6.56,,5.6,76.3,18.1
670,108,,50.51,11.44,,600,7.29,590.43,temperate,Temperate Broadleaf & Mixed Forests,,,0,10,,Luvisol,cropland,,,,bulk soil,,614,50,,,7134.145922,4884.145922,2250,,,235,41.2,,10.3,1.2,6.49,,5.9,76.7,17.4
671,108,,50.51,11.44,,600,7.29,590.43,temperate,Temperate Broadleaf & Mixed Forests,,,0,10,,Fluvisol,cropland,,,,bulk soil,,739,48,,,8194.820085,6034.820085,2160,,,261,48.1,,15.6,1.81,7.2,,19.1,70.6,10.3
672,108,,50.51,11.44,,600,7.29,590.43,temperate,Temperate Broadleaf & Mixed Forests,,,0,10,,Fluvisol,cropland,,,,bulk soil,,896,62,,,10058.10094,7268.100943,2790,,,311,47.9,,28.2,2.91,7.59,,20,66.3,13.8
673,108,,42.36,-5.34,,823,11.42,529.72,temperate,"Mediterranean Forests, Woodlands & Scrub",,,0,10,,Andosol,cropland,,,,bulk soil,,616,59,,,7441.612188,4786.612188,2655,,,206,26.3,,12.1,0.61,7.69,,10.8,68,21.2
674,108,,42.36,-5.34,,823,11.42,529.72,temperate,"Mediterranean Forests, Woodlands & Scrub",,,0,10,,Andosol,cropland,,,,bulk soil,,853,81,,,10282.19639,6637.196394,3645,,,179,,,18.2,1.55,6.52,,76.1,20,4
675,108,,42.36,-5.34,,823,11.42,529.72,temperate,"Mediterranean Forests, Woodlands & Scrub",,,0,10,,Andosol,cropland,,,,bulk soil,,68,10,,,933.6291844,483.6291844,450,,,41,3.7,,2,0.06,6.27,,76,21.5,2.5
676,108,,42.36,-5.34,,823,11.42,529.72,temperate,"Mediterranean Forests, Woodlands & Scrub",,,0,10,,Andosol,cropland,,,,bulk soil,,1196,152,,,15652.7636,8812.763603,6840,,,576,41,,38.4,3.28,6.87,,76.1,19.7,4.2
677,108,,42.36,-5.34,,823,11.42,529.72,temperate,"Mediterranean Forests, Woodlands & Scrub",,,0,10,,Andosol,cropland,,,,bulk soil,,404,51,,,5276.308841,2981.308841,2295,,,86,12.6,,14.1,1.02,6.79,,76.1,20.4,3.6
678,108,,42.36,-5.34,,823,11.42,529.72,temperate,"Mediterranean Forests, Woodlands & Scrub",,,0,10,,Andosol,cropland,,,,bulk soil,,342,38,,,4300.190901,2590.190901,1710,,,63,9.3,,19.1,1.16,6.5,,76.1,20.4,3.6
679,108,,42.36,-5.34,,823,11.42,529.72,temperate,"Mediterranean Forests, Woodlands & Scrub",,,0,10,,Andosol,cropland,,,,bulk soil,,420,48,,,5323.820085,3163.820085,2160,,,98,10.9,,13,0.99,6.41,,76.1,20.4,3.6
680,108,,51.21,11.06,,132,8.18,509.17,temperate,Temperate Broadleaf & Mixed Forests,,,0,10,,Luvisol,cropland,,,,bulk soil,,710,55,,,8158.960514,5683.960514,2475,,,291,46.9,,11.7,1.31,6.45,,76.1,20.4,3.6
681,108,,51.32,9.56,,470,7.08,684.49,temperate,Temperate Broadleaf & Mixed Forests,,,0,10,,Phaeozem,cropland,,,,bulk soil,,931,115,,,12077.73562,6902.735621,5175,,,336,36.8,,18,1.86,7.47,,2.8,79.3,17.9
682,108,,51.32,9.56,,470,7.08,684.49,temperate,Temperate Broadleaf & Mixed Forests,,,0,10,,Chernozem,cropland,,,,bulk soil,,1260,123,,,15296.03897,9761.038968,5535,,,544,107.4,,38.9,3.23,7.57,,5.9,69.4,24.7
683,108,,51.32,9.56,,470,7.08,684.49,temperate,Temperate Broadleaf & Mixed Forests,,,0,10,,Luvisol,cropland,,,,bulk soil,,607,47,,,6974.657167,4859.657167,2115,,,279,53.7,,13.9,1.55,7.95,,3.9,77.6,18.6
684,108,,51.32,9.56,,470,7.08,684.49,temperate,Temperate Broadleaf & Mixed Forests,,,0,10,,Cambisol,cropland,,,,bulk soil,,673,78,,,8565.707638,5055.707638,3510,,,364,38.3,,18.8,1.59,7.86,,7.3,70.6,22.2
685,108,,33.54,72.29,,414,22.76,573.58,temperate,Deserts & Xeric Shrublands,,,0,10,,Solonchak,cropland,,,,bulk soil,,127,27,,,2011.398798,796.3987979,1215,,,108,7.4,,7.6,0.9,6.84,,8.5,51,40.5
686,108,,32.05,72.4,,173,24.55,345.13,arid,Deserts & Xeric Shrublands,,,0,10,,Solonetz,cropland,,,,bulk soil,,45,15,,,887.4437766,212.4437766,675,,,96,13.9,,5.5,0.41,10.51,,24.6,69.2,6.3
687,108,,32.05,72.4,,173,24.55,345.13,arid,Deserts & Xeric Shrublands,,,0,10,,Solonetz,cropland,,,,bulk soil,,54,15,,,968.4437766,293.4437766,675,,,82,11.2,,3.2,0.39,9.67,,23.6,64,12.4
688,108,,32.05,72.4,,173,24.55,345.13,arid,Deserts & Xeric Shrublands,,,0,10,,Solonetz,cropland,,,,bulk soil,,102,17,,,1464.769614,699.7696135,765,,,108,15.1,,3.8,0.4,9.59,,39.5,45.8,14.8
689,108,,32.05,72.4,,173,24.55,345.13,arid,Deserts & Xeric Shrublands,,,0,10,,Solonetz,cropland,,,,bulk soil,,168,28,,,2412.561716,1152.561716,1260,,,148,12.3,,6.8,0.78,9.24,,45.4,44.1,10.5
690,108,,32.05,72.4,,173,24.55,345.13,arid,Deserts & Xeric Shrublands,,,0,10,,Solonetz,cropland,,,,bulk soil,,48,13,,,850.1179397,265.1179397,585,,,76,9.8,,5.5,0.45,8.44,,14,73.3,12.7
691,108,,32.09,74.11,,219,23.83,661.94,temperate,Deserts & Xeric Shrublands,,,0,10,,Solonetz,cropland,,,,bulk soil,,25,6,,,417.9775106,147.9775106,270,,,59,4.3,,1.9,0.23,8.08,,10,73.8,16.3
692,108,,32.09,74.11,,219,23.83,661.94,temperate,Deserts & Xeric Shrublands,,,0,10,,Solonetz,cropland,,,,bulk soil,,149,22,,,2048.584206,1058.584206,990,,,104,7.4,,4.5,0.38,9.91,,55.1,31.7,13.2
693,108,,32.09,74.11,,219,23.83,661.94,temperate,Deserts & Xeric Shrublands,,,0,10,,Solonetz,cropland,,,,bulk soil,,111,9,,,1288.466266,883.466266,405,,,97,12.1,,4.3,0.41,8.69,,38.9,45.7,15.4
694,108,,32.09,74.11,,219,23.83,661.94,temperate,Deserts & Xeric Shrublands,,,0,10,,Solonetz,cropland,,,,bulk soil,,96,12,,,1249.955021,709.9550213,540,,,81,10.1,,2.6,0.37,8.45,,82.4,11.2,6.4
695,108,,32.09,74.11,,219,23.83,661.94,temperate,Deserts & Xeric Shrublands,,,0,10,,Solonetz,cropland,,,,bulk soil,,174,30,,,2530.887553,1180.887553,1350,,,227,17.2,,6.8,0.71,8.87,,66.4,25.2,8.4
696,108,,32.09,74.11,,219,23.83,661.94,temperate,Deserts & Xeric Shrublands,,,0,10,,Solonetz,cropland,,,,bulk soil,,147,19,,,1934.09545,1079.09545,855,,,107,14.5,,6.6,0.58,8.93,,44.2,37.7,18.1
697,108,,32.09,74.11,,219,23.83,661.94,temperate,Deserts & Xeric Shrublands,,,0,10,,Solonetz,cropland,,,,bulk soil,,82,10,,,1059.629184,609.6291844,450,,,104,10.5,,4.6,0.44,9.1,,28.4,57.1,14.5
698,108,,32.09,74.11,,219,23.83,661.94,temperate,Deserts & Xeric Shrublands,,,0,10,,Solonetz,cropland,,,,bulk soil,,93,11,,,1190.792103,695.7921029,495,,,124,13.3,,3.7,0.4,9.21,,30.1,54.3,15.6
699,108,,32.09,74.11,,219,23.83,661.94,temperate,Deserts & Xeric Shrublands,,,0,10,,Solonetz,cropland,,,,bulk soil,,162,22,,,2165.584206,1175.584206,990,,,116,18.5,,5.4,0.55,9.33,,25.7,62.2,12.2
700,108,,51.32,9.56,,470,7.08,684.49,temperate,Temperate Broadleaf & Mixed Forests,,,0,10,,Cambisol,grassland,,,,bulk soil,,485,27,,,5233.398798,4018.398798,1215,,,234,44.7,,11.8,0.95,8.24,,25.2,64.7,10.1
701,108,,51.32,9.56,,470,7.08,684.49,temperate,Temperate Broadleaf & Mixed Forests,,,0,10,,Luvisol,grassland,,,,bulk soil,,1236,128,,,15240.85356,9480.85356,5760,,,424,69.2,,18.2,1.59,4.78,,63.8,26.8,9.4
702,108,,50.53,10,,581,8.41,684.45,temperate,Temperate Broadleaf & Mixed Forests,,,0,10,,Fluvisol,grassland,,,,bulk soil,,878,62,,,9896.100943,7106.100943,2790,,,1594,211.9,,45.4,3.58,5.98,,7.6,68.7,23.7
703,108,,51.2,9.51,,278,7.08,684.49,temperate,Temperate Broadleaf & Mixed Forests,,,0,10,,Andosol,grassland,,,,bulk soil,,2274,138,,,24904.48274,18694.48274,6210,,,899,167.1,,54.8,4.56,5.22,,54,23.6,22.4
704,108,,51.2,9.51,,278,7.08,684.49,temperate,Temperate Broadleaf & Mixed Forests,,,0,10,,Luvisol,grassland,,,,bulk soil,,1556,106,,,17413.26935,12643.26935,4770,,,909,149.2,,31.3,2.71,4.89,,20.2,61.3,18.5
705,108,,50.51,11.44,,600,7.29,590.43,temperate,Temperate Broadleaf & Mixed Forests,,,0,10,,Fluvisol,grassland,,,,bulk soil,,1082,57,,,11571.28635,9006.286351,2565,,,336,50.1,,34.9,2.68,5.51,,5.9,76.7,17.4
706,108,,50.51,11.44,,600,7.29,590.43,temperate,Temperate Broadleaf & Mixed Forests,,,0,10,,Fluvisol,grassland,,,,bulk soil,,1351,68,,,14346.07845,11286.07845,3060,,,419,59.7,,45.4,3.64,7.77,,10.1,69.5,20.4
707,108,,50.51,11.44,,600,7.29,590.43,temperate,Temperate Broadleaf & Mixed Forests,,,0,10,,Fluvisol,grassland,,,,bulk soil,,1078,56,,,11503.12343,8983.123433,2520,,,397,58.7,,35.5,3.16,7.49,,10.1,69.5,20.4
708,108,,50.51,11.44,,600,7.29,590.43,temperate,Temperate Broadleaf & Mixed Forests,,,0,10,,Fluvisol,grassland,,,,bulk soil,,1137,62,,,12227.10094,9437.100943,2790,,,413,63.5,,38.4,3.39,7.53,,10.1,69.5,20.4
709,108,,50.51,11.44,,600,7.29,590.43,temperate,Temperate Broadleaf & Mixed Forests,,,0,10,,Fluvisol,grassland,,,,bulk soil,,1153,63,,,12403.26386,9568.263862,2835,,,2562,419.1,,33.6,2.99,7.58,,10.1,69.5,20.4
710,108,,53.3,8.28,,13,9.12,713.27,temperate,Temperate Broadleaf & Mixed Forests,,,0,10,,Fluvisol,grassland,,,,bulk soil,,5774,339,,,62869.22935,47614.22935,15255,,,2180,411.1,,106.8,9.71,7.61,,16.4,68.2,15.4
711,108,,53.3,8.28,,13,9.12,713.27,temperate,Temperate Broadleaf & Mixed Forests,,,0,10,,Fluvisol,grassland,,,,bulk soil,,5564,433,,,64002.54369,44517.54369,19485,,,4496,560.6,,92.6,8.67,4.41,,10.1,56.4,33.5
712,108,,53.3,8.28,,13,9.12,713.27,temperate,Temperate Broadleaf & Mixed Forests,,,0,10,,Fluvisol,grassland,,,,bulk soil,,6199,435,,,69781.86952,50206.86952,19575,,,1617,199.6,,121.7,11.05,4.89,,11.1,63,25.9
713,108,,53.3,8.28,,13,9.12,713.27,temperate,Temperate Broadleaf & Mixed Forests,,,0,10,,Fluvisol,grassland,,,,bulk soil,,3050,241,,,35201.26334,24356.26334,10845,,,887,,,55.9,5.11,4.79,,10.8,52.6,36.6
714,108,,53.3,8.28,,13,9.12,713.27,temperate,Temperate Broadleaf & Mixed Forests,,,0,10,,Fluvisol,grassland,,,,bulk soil,,883,84,,,10648.68515,6868.685149,3780,,,1631,196.9,,14.1,1.43,5.45,,17,51.1,31.9
715,108,,53.3,8.28,,13,9.12,713.27,temperate,Temperate Broadleaf & Mixed Forests,,,0,10,,Fluvisol,grassland,,,,bulk soil,,781,70,,,9280.404291,6130.404291,3150,,,918,168.1,,11.3,1.31,,,38.2,32.8,29
716,108,,51.32,9.56,,470,7.08,684.49,temperate,Temperate Broadleaf & Mixed Forests,,,0,10,,Phaeozem,grassland,,,,bulk soil,,1232,75,,,13500.21888,10125.21888,3375,,,1327,257.8,,31.4,2.86,,,25.1,20.7,54.2
717,108,,51.32,9.56,,470,7.08,684.49,temperate,Temperate Broadleaf & Mixed Forests,,,0,10,,Chernozem,grassland,,,,bulk soil,,1988,131,,,22105.34232,16210.34232,5895,,,464,94.5,,63.3,5.59,7.48,,14.1,67.1,18.7
718,108,,51.32,9.56,,470,7.08,684.49,temperate,Temperate Broadleaf & Mixed Forests,,,0,10,,Luvisol,grassland,,,,bulk soil,,983,76,,,11291.3818,7871.381802,3420,,,1245,230.7,,21.2,1.94,7.9,,4.2,85.3,10.5
719,108,,51.32,9.56,,470,7.08,684.49,temperate,Temperate Broadleaf & Mixed Forests,,,0,10,,Cambisol,grassland,,,,bulk soil,,2394,211,,,28332.37579,18837.37579,9495,,,2562,419.1,,52.4,4.65,7.93,,7.7,71.6,20.7
720,108,,51.32,9.56,,470,7.08,684.49,temperate,Temperate Broadleaf & Mixed Forests,,Beech,0,10,,Cambisol,forest,,,,bulk soil,,1350,75,,,14562.21888,11187.21888,3375,,,515,76.2,,58,2.37,7.51,,5.9,62.7,31.4
721,108,,51.3,9.46,,470,8.27,715.06,temperate,Temperate Broadleaf & Mixed Forests,,Beech,0,10,,Cambisol,forest,,,,bulk soil,,705,33,,,7406.376309,5921.376309,1485,,,215,39.8,,27,1.1,3.88,,55.3,38.7,6
722,108,,51.3,9.46,,470,8.27,715.06,temperate,Temperate Broadleaf & Mixed Forests,,Beech,0,10,,Cambisol,forest,,,,bulk soil,,840,34,,,8653.539227,7123.539227,1530,,,405,76.1,,48.3,1.89,4.02,,74.9,17.4,7.7
723,108,,51.3,9.46,,470,8.27,715.06,temperate,Temperate Broadleaf & Mixed Forests,,Beech,0,10,,Andosol,forest,,,,bulk soil,,910,50,,,9798.145922,7548.145922,2250,,,611,106.3,,59.9,4.25,3.92,,60,28,12
724,108,,51.3,9.46,,470,8.27,715.06,temperate,Temperate Broadleaf & Mixed Forests,,Spruce,0,10,,Podzol,forest,,,,bulk soil,,1480,28,,,14220.56172,12960.56172,1260,,,456,74.1,,41.6,1.78,3.93,,7.5,77.3,15.2
725,108,,51.32,9.56,,470,7.08,684.49,temperate,Temperate Broadleaf & Mixed Forests,,Spruce,0,10,,Podzol,forest,,,,bulk soil,,1469,25,,,14025.07296,12900.07296,1125,,,187,27,,35.3,0.95,3.9,,83.9,11.8,4.4
726,108,,51.2,9.51,,278,7.08,684.49,temperate,Temperate Broadleaf & Mixed Forests,,Spruce,0,10,,Andosol,forest,,,,bulk soil,,1895,121,,,20946.71313,15501.71313,5445,,,957,101.5,,128.3,5.19,3.79,,90.6,5.4,4
727,108,,51.32,9.56,,470,7.08,684.49,temperate,Temperate Broadleaf & Mixed Forests,,Beech,0,10,,Cambisol,forest,,,,bulk soil,,581,24,,,6000.910043,4920.910043,1080,,,208,39.7,,19.8,0.98,3.51,,4.4,78.5,17.1
728,108,,51.32,9.56,,470,7.08,684.49,temperate,Temperate Broadleaf & Mixed Forests,,Beech,0,10,,Cambisol,forest,,,,bulk soil,,2471,136,,,26613.15691,20493.15691,6120,,,1327,259.6,,90.8,5.29,4.74,,15.4,69.8,14.9
729,108,,51.32,9.56,,470,7.08,684.49,temperate,Temperate Broadleaf & Mixed Forests,,Beech,0,10,,Leptosol,forest,,,,bulk soil,,2184,146,,,24351.78609,17781.78609,6570,,,2333,447.3,,145.9,13.93,7.72,,7,79.5,13.5
730,108,,51.32,9.56,,470,7.08,684.49,temperate,Temperate Broadleaf & Mixed Forests,,Spruce,0,10,,Cambisol,forest,,,,bulk soil,,1528,58,,,15617.44927,13007.44927,2610,,,486,69.2,,46.4,2.49,7.12,,5.8,74.3,19.9
731,108,,51.32,9.56,,470,7.08,684.49,temperate,Temperate Broadleaf & Mixed Forests,,Beech,0,10,,Cambisol,forest,,,,bulk soil,,1204,34,,,11929.53923,10399.53923,1530,,,246,37.5,,27,1.66,5.9,,48.6,36.8,14.6
732,108,,51.32,9.56,,470,7.08,684.49,temperate,Temperate Broadleaf & Mixed Forests,,Spruce,0,10,,Podzol,forest,,,,bulk soil,,1134,44,,,11621.16841,9641.168411,1980,,,384,60.8,,51.9,2.48,6.54,,12.8,76.3,10.9
733,107,,41.31,123.24,,55,8.18,795.71,snow,Temperate Broadleaf & Mixed Forests,cover crop,,0,10,,,cropland,,,,bulk soil,,504,47,,,6047.657167,3932.657167,2115,,,,,,10.5,,5.38,,20.67,66.37,13
734,107,,41.31,123.24,,55,8.18,795.71,snow,Temperate Broadleaf & Mixed Forests,cover crop,,0,10,,,cropland,,,,bulk soil,,552,52,,,6640.471759,4300.471759,2340,,,,,,10.5,,5.38,,20.67,66.37,13
735,107,,41.31,123.24,,55,8.18,795.71,snow,Temperate Broadleaf & Mixed Forests,cover crop,,0,10,,,cropland,,,,bulk soil,,565,53,,,6789.634677,4404.634677,2385,,,,,,10.5,,5.38,,20.67,66.37,13
736,107,,41.31,123.24,,55,8.18,795.71,snow,Temperate Broadleaf & Mixed Forests,cover crop,,0,10,,,cropland,,,,bulk soil,,578,55,,,6970.960514,4495.960514,2475,,,,,,10.5,,5.38,,20.67,66.37,13
737,107,,41.31,123.24,,55,8.18,795.71,snow,Temperate Broadleaf & Mixed Forests,cover crop,,0,10,,,cropland,,,,bulk soil,,611,53,,,7203.634677,4818.634677,2385,,,,,,10.5,,5.38,,20.67,66.37,13
738,107,,41.31,123.24,,55,8.18,795.71,snow,Temperate Broadleaf & Mixed Forests,cover crop,,0,10,,,cropland,,,,bulk soil,,594,55,,,7114.960514,4639.960514,2475,,,,,,10.5,,5.38,,20.67,66.37,13
739,107,,41.31,123.24,,55,8.18,795.71,snow,Temperate Broadleaf & Mixed Forests,cover crop,,0,10,,,cropland,,,,bulk soil,,614,52,,,7198.471759,4858.471759,2340,,,,,,10.5,,5.38,,20.67,66.37,13
740,107,,41.31,123.24,,55,8.18,795.71,snow,Temperate Broadleaf & Mixed Forests,cover crop,,0,10,,,cropland,,,,bulk soil,,637,54,,,7469.797596,5039.797596,2430,,,,,,10.5,,5.38,,20.67,66.37,13
741,107,,41.31,123.24,,55,8.18,795.71,snow,Temperate Broadleaf & Mixed Forests,cover crop,,0,10,,,cropland,,,,bulk soil,,645,51,,,7445.308841,5150.308841,2295,,,,,,10.5,,5.38,,20.67,66.37,13
742,106,,47.03,12.57,,1300,2.24,1292.03,polar,Temperate Conifer Forests,,,0,15,,Haplic Podzols,forest,,,,aggregate,>1mm,4110,395,2580,,49694.35278,31919.35278,17775,,,2554,386,,136,,4.6,,8.5,40.5,52.5
743,106,,47.03,12.57,,1300,2.24,1292.03,polar,Temperate Conifer Forests,,,0,15,,Haplic Podzols,forest,,,,aggregate,0.250-1mm,3770,395,2423,,46634.35278,28859.35278,17775,,,2357,363,,114,,4.6,,8.5,40.5,52.5
744,106,,47.03,12.57,,1300,2.24,1292.03,polar,Temperate Conifer Forests,,,0,15,,Haplic Podzols,forest,,,,aggregate,<0.250mm,3150,348,2046,,39542.69562,23882.69562,15660,,,1990,319,,103,,4.7,,8.5,40.5,52.5
745,106,,47.03,12.57,,2100,2.24,1292.03,polar,Temperate Conifer Forests,,,0,15,,Haplic Podzols,grassland,,,,bulk soil,,5190,754,3368,,70960.8405,37030.8405,33930,,,3785,622,,162,,4.8,,8.5,40.5,52.5
746,106,,47.03,12.57,,1600,2.24,1292.03,polar,Temperate Conifer Forests,,,0,15,,Haplic Podzols,forest,,,,bulk soil,,3300,162,2107,,34910.39279,27620.39279,7290,,,1410,191,,97,,4.3,,8.5,40.5,52.5
747,106,,47.03,12.57,,1300,2.24,1292.03,polar,Temperate Conifer Forests,,,0,15,,Haplic Podzols,forest,,,,bulk soil,,3110,222,1607,,35130.16789,25140.16789,9990,,,1861,255,,93,,4.5,,8.5,40.5,52.5
748,105,,25.55,107.85,,,16.47,1385.8,temperate,Tropical & Subtropical Moist Broadleaf Forests,Maize,,0,10,,,cropland,,,,bulk soil,,682.253,38.3878,,,7374.940681,5647.489681,1727.451,,,529.42,37.72,,14.14,1.7,,,,,
749,105,,25.55,107.85,,,16.47,1385.8,temperate,Tropical & Subtropical Moist Broadleaf Forests,Sugarcane,,0,10,,,cropland,,,,bulk soil,,831.801,57.6796,,,9341.353271,6745.771271,2595.582,,,549.08,33.36,,17.56,1.9,7.03,,,,
750,105,,25.55,107.85,,,16.47,1385.8,temperate,Tropical & Subtropical Moist Broadleaf Forests,Mulberry,,0,10,,,forest,,,,bulk soil,,655.958,46.1438,,,7387.741276,5311.270276,2076.471,,,454.5,37.27,,16.47,2.01,5.99,,,,
751,105,,25.55,107.85,,,16.47,1385.8,temperate,Tropical & Subtropical Moist Broadleaf Forests,Forage,,0,10,,,grassland,,,,bulk soil,,1158.03,61.3877,,,12396.67759,9634.231088,2762.4465,,,1041,91.14,,29.42,2.58,6.13,,,,
752,105,,25.55,107.85,,,16.47,1385.8,temperate,Tropical & Subtropical Moist Broadleaf Forests,Forest,,0,10,,,forest,,,,bulk soil,,2087.26,120.361,,,22656.50103,17240.25603,5416.245,,,2405.75,175.4,,61.52,3.84,7.15,,,,
753,104,,18.39,108.61,,900,,,equatorial,,fertilizer,Control,0,10,,,forest,,,,bulk soil,,1473.08,79.27,,,15807.27454,12240.12454,3567.15,,,,,,25.87,2.07,4.49,,16.66,,
754,104,,18.39,108.61,,900,,,equatorial,,fertilizer,N,0,10,,,forest,,,,bulk soil,,1298.15,79.18,,,14230.00988,10666.90988,3563.1,,,,,,26.96,2.19,4.41,,,,
755,104,,18.39,108.61,,900,,,equatorial,,fertilizer,P,0,10,,,forest,,,,bulk soil,,1318.18,83.88,,,14561.4456,10786.8456,3774.6,,,,,,23.85,2.02,4.33,,,,
756,104,,18.39,108.61,,900,,,equatorial,,fertilizer,NP,0,10,,,forest,,,,bulk soil,,1365.93,82.33,,,14941.34308,11236.49308,3704.85,,,,,,23.62,1.87,4.4,,,,
757,104,,18.72,108.88,,870,24.17,1070.89,equatorial,Tropical & Subtropical Moist Broadleaf Forests,,,0,10,,Inceptisols,forest,,,,bulk soil,,1328.24,62.9787,,,13979.73879,11145.69729,2834.0415,,,,,,21.5,1.7,4.81,,44.1,41.1,14.8
758,104,,18.72,108.88,,870,24.17,1070.89,equatorial,Tropical & Subtropical Moist Broadleaf Forests,,,0,10,,Inceptisols,forest,,,,bulk soil,,1328.24,62.9787,,,13979.73879,11145.69729,2834.0415,,,,,,23.1,1.9,4.5,,9,,
759,104,,18.72,108.88,,870,24.17,1070.89,equatorial,Tropical & Subtropical Moist Broadleaf Forests,,,0,10,,Inceptisols,forest,,,,bulk soil,,1374.05,61.2766,,,14337.28429,11579.83729,2757.447,,,,,,25.2,2,4.7,,9,,
760,104,,18.73,108.87,,880,24.17,1070.89,equatorial,Tropical & Subtropical Moist Broadleaf Forests,,,0,10,,Inceptisols,forest,,,,bulk soil,,1465.65,80,,,15763.88348,12163.88348,3600,,,,,,25.9,2.1,4.5,,9,,
761,104,,18.73,108.87,,880,24.17,1070.89,equatorial,Tropical & Subtropical Moist Broadleaf Forests,,,0,10,,Inceptisols,forest,,,,bulk soil,,1282.44,80,,,14114.99348,10514.99348,3600,,,,,,27,2.2,4.4,,16.7,,
762,104,,18.73,108.87,,880,24.17,1070.89,equatorial,Tropical & Subtropical Moist Broadleaf Forests,,,0,10,,Inceptisols,forest,,,,bulk soil,,1557.25,91.9149,,,16971.50143,12835.33093,4136.1705,,,,,,30.4,2.3,4.3,,16.7,,
763,104,,27.65,117.95,,700,10.2,1991,temperate,Tropical & Subtropical Moist Broadleaf Forests,,,0,10,,Ultisols,forest,,,,bulk soil,,1419.85,103.83,,,16118.12582,11445.77582,4672.35,,,,,,32.5,2.2,4.2,,16.7,,
764,104,,27.65,117.95,,700,10.2,1991,temperate,Tropical & Subtropical Moist Broadleaf Forests,,,0,10,,Ultisols,forest,,,,bulk soil,,1374.05,107.234,,,15815.4084,10989.8784,4825.53,,,,,,29.8,2.2,5.3,,11.2,,
765,104,,27.65,117.95,,700,10.2,1991,temperate,Tropical & Subtropical Moist Broadleaf Forests,,,0,10,,Ultisols,forest,,,,bulk soil,,1328.24,112.34,,,15567.34226,10512.04226,5055.3,,,,,,27.3,2,4.9,,11.2,,
766,104,,30.02,117.35,,375,16.81,1494.56,temperate,Temperate Broadleaf & Mixed Forests,,,0,10,,Alfisols,forest,,,,bulk soil,,1511.45,122.553,,,17544.71214,12029.82714,5514.885,,,,,,45.1,3.2,4.9,,11.2,,
767,104,,30.02,117.35,,375,16.81,1494.56,temperate,Temperate Broadleaf & Mixed Forests,,,0,10,,Alfisols,forest,,,,bulk soil,,1786.26,136.17,,,20455.9646,14328.3146,6127.65,,,,,,49.6,3.4,5.3,,13.1,,
768,104,,30.02,117.35,,375,16.81,1494.56,temperate,Temperate Broadleaf & Mixed Forests,,,0,10,,Alfisols,forest,,,,bulk soil,,1877.86,115.745,,,20623.43699,15414.91199,5208.525,,,,,,58.1,3.9,4.5,,13.1,,
769,104,,39.97,115.43,,1300,7.21,545.44,snow,Temperate Broadleaf & Mixed Forests,,,0,10,,Alfisols,forest,,,,bulk soil,,1969.47,85.1064,,,20462.5002,16632.7122,3829.788,,,,,,41.2,3.4,4.5,,13.1,,
770,104,,39.97,115.43,,1300,7.21,545.44,snow,Temperate Broadleaf & Mixed Forests,,,0,10,,Alfisols,forest,,,,bulk soil,,2152.67,91.9149,,,22330.28143,18194.11093,4136.1705,,,,,,38,3.3,6.5,,5,,
771,104,,39.97,115.43,,1300,7.21,545.44,snow,Temperate Broadleaf & Mixed Forests,,,0,10,,Alfisols,forest,,,,bulk soil,,2106.87,102.128,,,22246.56453,17650.80453,4595.76,,,,,,53.7,4.4,6.1,,5,,
772,104,,39.97,115.43,,1300,7.21,545.44,snow,Temperate Broadleaf & Mixed Forests,,,0,10,,Alfisols,forest,,,,bulk soil,,2885.5,114.043,,,29637.45571,24505.52071,5131.935,,,,,,65.7,5.2,6.1,,5,,
773,104,,39.97,115.43,,1300,7.21,545.44,snow,Temperate Broadleaf & Mixed Forests,,,0,10,,Alfisols,forest,,,,bulk soil,,3618.32,200.851,,,39024.83433,29986.53933,9038.295,,,,,,84.1,6.8,7.1,,5.5,,
774,104,,39.97,115.43,,1300,7.21,545.44,snow,Temperate Broadleaf & Mixed Forests,,,0,10,,Alfisols,forest,,,,bulk soil,,3068.7,97.0213,,,30738.78816,26372.82966,4365.9585,,,,,,74.1,5.7,6.8,,5.5,,
775,104,,48.12,129.18,,350,-0.62,624.36,snow,Temperate Broadleaf & Mixed Forests,,,0,10,,Alfisols,forest,,,,bulk soil,,3664.12,134.468,,,37301.96332,31250.90332,6051.06,,,,,,92.4,6.6,6.2,,5.5,,
776,104,,48.12,129.18,,350,-0.62,624.36,snow,Temperate Broadleaf & Mixed Forests,,,0,10,,Alfisols,forest,,,,bulk soil,,3938.93,107.234,,,38899.3284,34073.7984,4825.53,,,,,,86.4,6.2,5.8,,6.8,,
777,104,,48.12,129.18,,350,-0.62,624.36,snow,Temperate Broadleaf & Mixed Forests,,,0,10,,Alfisols,forest,,,,bulk soil,,4030.53,112.34,,,39887.95226,34832.65226,5055.3,,,,,,88.7,6.7,5.9,,6.8,,
778,104,,50.93,121.5,,825,-4.88,451.93,snow,Temperate Conifer Forests,,,0,10,,Alfisols,forest,,,,bulk soil,,6091.6,173.617,,,60408.42941,52595.66441,7812.765,,,,,,377.8,14.7,5.8,,6.8,,
779,104,,50.93,121.5,,825,-4.88,451.93,snow,Temperate Conifer Forests,,,0,10,,Alfisols,forest,,,,bulk soil,,6137.4,173.617,,,60820.62941,53007.86441,7812.765,,,,,,367.7,14.9,6,,2.8,,
780,104,,50.93,121.5,,825,-4.88,451.93,snow,Temperate Conifer Forests,,,0,10,,Alfisols,forest,,,,bulk soil,,5129.77,144.681,,,50821.2932,44310.6482,6510.645,,,,,,322,13.1,4.35,,42.35,41.07,16.58
781,103,,-30.1,-51.67,,35,19.28,1416.76,temperate,"Tropical & Subtropical Grasslands, Savannas & Shrublands",tillage/nitrogen,"CT, O/M, 0N",0,5,,,cropland,,,,bulk soil,,78.45,7.04,,,932.4769458,615.6769458,316.8,,,,,10.6,,,,,21.7,,
782,103,,-30.1,-51.67,,35,19.28,1416.76,temperate,"Tropical & Subtropical Grasslands, Savannas & Shrublands",tillage/nitrogen,"NT, O/M, 0N",0,5,,,cropland,,,,bulk soil,,164.46,12.24,,,1873.814122,1323.014122,550.8,,,,,15,,,,,21.7,,
783,103,,-30.1,-51.67,,35,19.28,1416.76,temperate,"Tropical & Subtropical Grasslands, Savannas & Shrublands",tillage/nitrogen,"NT, OV/MC, 0N",0,5,,,cropland,,,,bulk soil,,232.43,16.65,,,2627.382592,1878.132592,749.25,,,,,20.9,,,,,21.7,,
784,103,,-30.1,-51.67,,35,19.28,1416.76,temperate,"Tropical & Subtropical Grasslands, Savannas & Shrublands",tillage/nitrogen,"NT, OV/MC, 180N",0,5,,,cropland,,,,bulk soil,,286.77,19.05,,,3193.633596,2336.383596,857.25,,,,,25.9,,,,,21.7,,
785,103,,-30.1,-51.67,,35,19.28,1416.76,temperate,"Tropical & Subtropical Grasslands, Savannas & Shrublands",tillage/nitrogen,"CT, O/M, 0N",20,30,,,cropland,,,,bulk soil,,53.01,4.83,,,632.4368961,415.0868961,217.35,,,,,9.1,,,,,,,
786,103,,-30.1,-51.67,,35,19.28,1416.76,temperate,"Tropical & Subtropical Grasslands, Savannas & Shrublands",tillage/nitrogen,"NT, O/M, 0N",20,30,,,cropland,,,,bulk soil,,62.39,5.59,,,741.3007141,489.7507141,251.55,,,,,9.4,,,,,,,
787,103,,-30.1,-51.67,,35,19.28,1416.76,temperate,"Tropical & Subtropical Grasslands, Savannas & Shrublands",tillage/nitrogen,"NT, OV/MC, 0N",20,30,,,cropland,,,,bulk soil,,72.02,6.28,,,850.1631278,567.5631278,282.6,,,,,10.6,,,,,,,
788,103,,-30.1,-51.67,,35,19.28,1416.76,temperate,"Tropical & Subtropical Grasslands, Savannas & Shrublands",tillage/nitrogen,"NT, OV/MC, 180N",20,30,,,cropland,,,,bulk soil,,76.33,6.78,,,905.034587,599.934587,305.1,,,,,10,,,,,,,
789,103,,-30.1,-51.67,,35,19.28,1416.76,temperate,"Tropical & Subtropical Grasslands, Savannas & Shrublands",tillage/nitrogen,"CT, O/M, 0N",75,100,,,cropland,,,,bulk soil,,36.46,2.71,,,415.301509,293.351509,121.95,,,,,5.4,,,,,51.1,,
790,103,,-30.1,-51.67,,35,19.28,1416.76,temperate,"Tropical & Subtropical Grasslands, Savannas & Shrublands",tillage/nitrogen,"NT, O/M, 0N",75,100,,,cropland,,,,bulk soil,,41.12,2.98,,,465.925497,331.825497,134.1,,,,,6.5,,,,,51.1,,
791,103,,-30.1,-51.67,,35,19.28,1416.76,temperate,"Tropical & Subtropical Grasslands, Savannas & Shrublands",tillage/nitrogen,"NT, OV/MC, 0N",75,100,,,cropland,,,,bulk soil,,44.17,3.14,,,498.5215639,357.2215639,141.3,,,,,6.7,,,,,51.1,,
792,103,,-30.1,-51.67,,35,19.28,1416.76,temperate,"Tropical & Subtropical Grasslands, Savannas & Shrublands",tillage/nitrogen,"NT, OV/MC, 180N",75,100,,,cropland,,,,bulk soil,,37.56,2.75,,,426.4880257,302.7380257,123.75,,,,,6.4,,,,,51.1,,
793,103,,-30.1,-51.67,,35,19.28,1416.76,temperate,"Tropical & Subtropical Grasslands, Savannas & Shrublands",tillage/nitrogen,"CT, O/M, 0N",0,5,,,cropland,,,,aggregate,<0.002mm,208.12,30.85,,,2865.306034,1477.056034,1388.25,,,,,6.53,,,,,,,
794,103,,-30.1,-51.67,,35,19.28,1416.76,temperate,"Tropical & Subtropical Grasslands, Savannas & Shrublands",tillage/nitrogen,"NT, O/M, 0N",0,5,,,cropland,,,,aggregate,<0.002mm,341.92,45.33,,,4535.225093,2495.375093,2039.85,,,,,7.07,,,,,,,
795,103,,-30.1,-51.67,,35,19.28,1416.76,temperate,"Tropical & Subtropical Grasslands, Savannas & Shrublands",tillage/nitrogen,"NT, OV/MC, 0N",0,5,,,cropland,,,,aggregate,<0.002mm,439.03,50.69,,,5581.608336,3300.558336,2281.05,,,,,9.24,,,,,,,
796,103,,-30.1,-51.67,,35,19.28,1416.76,temperate,"Tropical & Subtropical Grasslands, Savannas & Shrublands",tillage/nitrogen,"NT, OV/MC, 180N",0,5,,,cropland,,,,aggregate,<0.002mm,450.49,53.08,,,5761.617711,3373.017711,2388.6,,,,,10.01,,,,,,,
797,103,,-30.1,-51.67,,35,19.28,1416.76,temperate,"Tropical & Subtropical Grasslands, Savannas & Shrublands",tillage/nitrogen,"CT, O/M, 0N",20,30,,,cropland,,,,aggregate,<0.002mm,120.95,16.89,,,1631.781692,871.7316925,760.05,,,,,7.42,,,,,,,
798,103,,-30.1,-51.67,,35,19.28,1416.76,temperate,"Tropical & Subtropical Grasslands, Savannas & Shrublands",tillage/nitrogen,"NT, O/M, 0N",20,30,,,cropland,,,,aggregate,<0.002mm,134.03,17.6,,,1772.337365,980.3373646,792,,,,,8.25,,,,,,,
799,103,,-30.1,-51.67,,35,19.28,1416.76,temperate,"Tropical & Subtropical Grasslands, Savannas & Shrublands",tillage/nitrogen,"NT, OV/MC, 0N",20,30,,,cropland,,,,aggregate,<0.002mm,139.16,18.6,,,1850.670283,1013.670283,837,,,,,8.77,,,,,,,
800,103,,-30.1,-51.67,,35,19.28,1416.76,temperate,"Tropical & Subtropical Grasslands, Savannas & Shrublands",tillage/nitrogen,"NT, OV/MC, 180N",20,30,,,cropland,,,,aggregate,<0.002mm,149.53,20.65,,,2009.934266,1080.684266,929.25,,,,,8.36,,,,,,,
801,103,,-30.1,-51.67,,35,19.28,1416.76,temperate,"Tropical & Subtropical Grasslands, Savannas & Shrublands",tillage/nitrogen,"CT, O/M, 0N",75,100,,,cropland,,,,aggregate,<0.002mm,63.44,6.46,,,778.7324531,488.0324531,290.7,,,,,4.7,,,,,,,
802,103,,-30.1,-51.67,,35,19.28,1416.76,temperate,"Tropical & Subtropical Grasslands, Savannas & Shrublands",tillage/nitrogen,"NT, O/M, 0N",75,100,,,cropland,,,,aggregate,<0.002mm,73.42,7.39,,,898.4639673,565.9139673,332.55,,,,,5.68,,,,,,,
803,103,,-30.1,-51.67,,35,19.28,1416.76,temperate,"Tropical & Subtropical Grasslands, Savannas & Shrublands",tillage/nitrogen,"NT, OV/MC, 0N",75,100,,,cropland,,,,aggregate,<0.002mm,76.98,7.06,,,919.8902042,602.1902042,317.7,,,,,5.82,,,,,,,
804,103,,-30.1,-51.67,,35,19.28,1416.76,temperate,"Tropical & Subtropical Grasslands, Savannas & Shrublands",tillage/nitrogen,"NT, OV/MC, 180N",75,100,,,cropland,,,,aggregate,<0.002mm,88.27,7.65,,,1040.476326,696.2263261,344.25,,,,,5.85,,,,,,,
805,103,,-30.1,-51.67,,35,19.28,1416.76,temperate,"Tropical & Subtropical Grasslands, Savannas & Shrublands",tillage/nitrogen,"CT, O/M, 0N",0,5,,,cropland,,,,aggregate,0.020-0.002mm,142.58,11.77,,,1661.77755,1132.12755,529.65,,,,,1.61,,,,,,,
806,103,,-30.1,-51.67,,35,19.28,1416.76,temperate,"Tropical & Subtropical Grasslands, Savannas & Shrublands",tillage/nitrogen,"NT, O/M, 0N",0,5,,,cropland,,,,aggregate,0.020-0.002mm,367.39,26.54,,,4160.113855,2965.813855,1194.3,,,,,3.24,,,,,,,
807,103,,-30.1,-51.67,,35,19.28,1416.76,temperate,"Tropical & Subtropical Grasslands, Savannas & Shrublands",tillage/nitrogen,"NT, OV/MC, 0N",0,5,,,cropland,,,,aggregate,0.020-0.002mm,525.69,37.85,,,5948.576463,4245.326463,1703.25,,,,,3.98,,,,,,,
808,103,,-30.1,-51.67,,35,19.28,1416.76,temperate,"Tropical & Subtropical Grasslands, Savannas & Shrublands",tillage/nitrogen,"NT, OV/MC, 180N",0,5,,,cropland,,,,aggregate,0.020-0.002mm,597.33,39.79,,,6655.732525,4865.182525,1790.55,,,,,4.61,,,,,,,
809,103,,-30.1,-51.67,,35,19.28,1416.76,temperate,"Tropical & Subtropical Grasslands, Savannas & Shrublands",tillage/nitrogen,"CT, O/M, 0N",20,30,,,cropland,,,,aggregate,0.020-0.002mm,73.9,8.21,,,929.1575604,559.7075604,369.45,,,,,0.94,,,,,,,
810,103,,-30.1,-51.67,,35,19.28,1416.76,temperate,"Tropical & Subtropical Grasslands, Savannas & Shrublands",tillage/nitrogen,"NT, O/M, 0N",20,30,,,cropland,,,,aggregate,0.020-0.002mm,77.91,8.18,,,964.2826728,596.1826728,368.1,,,,,0.9,,,,,,,
811,103,,-30.1,-51.67,,35,19.28,1416.76,temperate,"Tropical & Subtropical Grasslands, Savannas & Shrublands",tillage/nitrogen,"NT, OV/MC, 0N",20,30,,,cropland,,,,aggregate,0.020-0.002mm,98.17,10.88,,,1233.462553,743.8625526,489.6,,,,,1.02,,,,,,,
812,103,,-30.1,-51.67,,35,19.28,1416.76,temperate,"Tropical & Subtropical Grasslands, Savannas & Shrublands",tillage/nitrogen,"NT, OV/MC, 180N",20,30,,,cropland,,,,aggregate,0.020-0.002mm,80.04,8.44,,,991.8150316,612.0150316,379.8,,,,,0.96,,,,,,,
813,103,,-30.1,-51.67,,35,19.28,1416.76,temperate,"Tropical & Subtropical Grasslands, Savannas & Shrublands",tillage/nitrogen,"CT, O/M, 0N",75,100,,,cropland,,,,aggregate,0.020-0.002mm,27.24,3.74,,,365.449315,197.149315,168.3,,,,,0.42,,,,,,,
814,103,,-30.1,-51.67,,35,19.28,1416.76,temperate,"Tropical & Subtropical Grasslands, Savannas & Shrublands",tillage/nitrogen,"NT, O/M, 0N",75,100,,,cropland,,,,aggregate,0.020-0.002mm,25.47,3.14,,,330.2215639,188.9215639,141.3,,,,,0.51,,,,,,,
815,103,,-30.1,-51.67,,35,19.28,1416.76,temperate,"Tropical & Subtropical Grasslands, Savannas & Shrublands",tillage/nitrogen,"NT, OV/MC, 0N",75,100,,,cropland,,,,aggregate,0.020-0.002mm,28.67,3.51,,,370.9218437,212.9718437,157.95,,,,,0.5,,,,,,,
816,103,,-30.1,-51.67,,35,19.28,1416.76,temperate,"Tropical & Subtropical Grasslands, Savannas & Shrublands",tillage/nitrogen,"NT, OV/MC, 180N",75,100,,,cropland,,,,aggregate,0.020-0.002mm,20.52,2.66,,,270.2333631,150.5333631,119.7,,,,,0.49,,,,,,,
817,102,,26.18,117.47,,,17.34,1634.58,temperate,Tropical & Subtropical Moist Broadleaf Forests,fertilizer,CT,0,10,,Oxisol,forest,,,,bulk soil,,417.87,14.78,,,4236.197935,3571.097935,665.1,,,,,,33.5,2.4,8.59,,,,
818,102,,26.18,117.47,,,17.34,1634.58,temperate,Tropical & Subtropical Moist Broadleaf Forests,fertilizer,LN,0,10,,Oxisol,forest,,,,bulk soil,,601.94,22.61,,,6144.663586,5127.213586,1017.45,,,,,,35.4,2.4,4.03,,,,
819,102,,26.18,117.47,,,17.34,1634.58,temperate,Tropical & Subtropical Moist Broadleaf Forests,fertilizer,HN,0,10,,Oxisol,forest,,,,bulk soil,,612.09,23.91,,,6277.82538,5201.87538,1075.95,,,,,,31.4,2.3,3.88,,,,
820,102,,26.18,117.47,,,17.34,1634.58,temperate,Tropical & Subtropical Moist Broadleaf Forests,fertilizer,CT,10,20,,Oxisol,forest,,,,bulk soil,,296.61,22.83,,,3403.769428,2376.419428,1027.35,,,,,,15.3,1.1,3.88,,,,
821,102,,26.18,117.47,,,17.34,1634.58,temperate,Tropical & Subtropical Moist Broadleaf Forests,fertilizer,LN,10,20,,Oxisol,forest,,,,bulk soil,,293.73,21.74,,,3342.791847,2364.491847,978.3,,,,,,15.4,1.1,4.14,,,,
822,102,,26.18,117.47,,,17.34,1634.58,temperate,Tropical & Subtropical Moist Broadleaf Forests,fertilizer,HN,10,20,,Oxisol,forest,,,,bulk soil,,312.59,21.3,,,3498.380163,2539.880163,958.5,,,,,,14.4,1.1,4.1,,,,
823,101,Alkaline site,47.53,15.03,,900,5.44,1341.43,snow,Temperate Conifer Forests,,,0,5,,Leptic Histosols,forest,,,,bulk soil,,11700,200,,,111732.5837,102732.5837,9000,,,,,,,,,,,,
824,101,Alkaline site,47.53,15.03,,900,5.44,1341.43,snow,Temperate Conifer Forests,,,5,15,,Leptic Histosols,forest,,,,bulk soil,,10900,250,,,106140.7296,94890.72961,11250,,,,,,,,,,,,
825,101,Alkaline site,47.53,15.03,,900,5.44,1341.43,snow,Temperate Conifer Forests,,,15,25,,Leptic Histosols,forest,,,,bulk soil,,8800,300,,,88848.87553,75348.87553,13500,,,,,,,,,,,,
826,101,Alkaline site,47.53,15.03,,1300,5.44,1341.43,snow,Temperate Conifer Forests,,,0,5,,Leptic Histosols,forest,,,,bulk soil,,11700,300,,,114948.8755,101448.8755,13500,,,,,,,,,,,,
827,101,Alkaline site,47.53,15.03,,1300,5.44,1341.43,snow,Temperate Conifer Forests,,,5,15,,Leptic Histosols,forest,,,,bulk soil,,13700,300,,,132948.8755,119448.8755,13500,,,,,,,,,,,,
828,101,Alkaline site,47.53,15.03,,1300,5.44,1341.43,snow,Temperate Conifer Forests,,,15,25,,Leptic Histosols,forest,,,,bulk soil,,6000,150,,,58824.43777,52074.43777,6750,,,,,,,,,,,,
829,101,Alkaline site,47.53,15.03,,1900,5.44,1341.43,snow,Temperate Conifer Forests,,,0,5,,Leptic Histosols,grassland,,,,bulk soil,,7500,350,,,78757.02145,63007.02145,15750,,,,,,,,,,,,
830,101,Alkaline site,47.53,15.03,,1900,5.44,1341.43,snow,Temperate Conifer Forests,,,5,15,,Leptic Histosols,grassland,,,,bulk soil,,11800,400,,,119065.1674,101065.1674,18000,,,,,,,,,,,,
831,101,Alkaline site,47.53,15.03,,1900,5.44,1341.43,snow,Temperate Conifer Forests,,,15,25,,Leptic Histosols,grassland,,,,bulk soil,,7500,300,,,77148.87553,63648.87553,13500,,,,,,,,,,,,
832,101,Acidic site,47.07,13,,900,2.24,1292.03,polar,Temperate Conifer Forests,,,0,5,,Haplic Podzols,forest,,,,bulk soil,,11500,450,,,117973.3133,97723.3133,20250,,,,,,,,,,,,
833,101,Acidic site,47.07,13,,900,2.24,1292.03,polar,Temperate Conifer Forests,,,5,15,,Haplic Podzols,forest,,,,bulk soil,,1600,150,,,19224.43777,12474.43777,6750,,,,,,,,,,,,
834,101,Acidic site,47.07,13,,900,2.24,1292.03,polar,Temperate Conifer Forests,,,15,25,,Haplic Podzols,forest,,,,bulk soil,,300,50,,,4308.145922,2058.145922,2250,,,,,,,,,,,,
835,101,Acidic site,47.07,13,,1300,2.24,1292.03,polar,Temperate Conifer Forests,,,0,5,,Haplic Podzols,forest,,,,bulk soil,,11500,300,,,113148.8755,99648.87553,13500,,,,,,,,,,,,
836,101,Acidic site,47.07,13,,1300,2.24,1292.03,polar,Temperate Conifer Forests,,,5,15,,Haplic Podzols,forest,,,,bulk soil,,1700,100,,,18516.29184,14016.29184,4500,,,,,,,,,,,,
837,101,Acidic site,47.07,13,,1300,2.24,1292.03,polar,Temperate Conifer Forests,,,15,25,,Haplic Podzols,forest,,,,bulk soil,,600,100,,,8616.291844,4116.291844,4500,,,,,,,,,,,,
838,101,Acidic site,47.07,13,,1900,2.24,1292.03,polar,Temperate Conifer Forests,,,0,5,,Haplic Podzols,grassland,,,,bulk soil,,8400,350,,,86857.02145,71107.02145,15750,,,,,,,,,,,,
839,101,Acidic site,47.07,13,,1900,2.24,1292.03,polar,Temperate Conifer Forests,,,5,15,,Haplic Podzols,grassland,,,,bulk soil,,3200,300,,,38448.87553,24948.87553,13500,,,,,,,,,,,,
840,101,Acidic site,47.07,13,,1900,2.24,1292.03,polar,Temperate Conifer Forests,,,15,25,,Haplic Podzols,grassland,,,,bulk soil,,700,100,,,9516.291844,5016.291844,4500,,,,,,,,,,,,
841,100,,59.49,17.39,,8,6.2,524.43,snow,Temperate Broadleaf & Mixed Forests,,,0,20,,Eutric Cambisol,cropland,,,,bulk soil,,239,69,92,11,4370.241372,1265.241372,3105,,,,,,16,1.4,7.6,,7.15,52,40.85
842,100,,59.49,17.39,,8,6.2,524.43,snow,Temperate Broadleaf & Mixed Forests,,,0,20,,Eutric Cambisol,cropland,,,,bulk soil,,228,43,95,10,3435.005493,1500.005493,1935,,,,,,16,1.4,7.6,,7.15,52,40.85
843,100,,59.49,17.39,,8,6.2,524.43,snow,Temperate Broadleaf & Mixed Forests,,,0,20,,Eutric Cambisol,cropland,,,,bulk soil,,307,47,106,11,4274.657167,2159.657167,2115,,,,,,16,1.4,7.6,,7.15,52,40.85
844,100,,59.49,17.39,,8,6.2,524.43,snow,Temperate Broadleaf & Mixed Forests,,,0,20,,Eutric Cambisol,cropland,,,,bulk soil,,289,48,108,10,4144.820085,1984.820085,2160,,,,,,16,1.4,7.6,,7.15,52,40.85
845,100,,59.49,17.39,,8,6.2,524.43,snow,Temperate Broadleaf & Mixed Forests,,,0,20,,Eutric Cambisol,cropland,,,,bulk soil,,315,52,112,10,4507.471759,2167.471759,2340,,,,,,16,1.4,7.6,,7.15,52,40.85
846,100,,59.49,17.39,,8,6.2,524.43,snow,Temperate Broadleaf & Mixed Forests,,,0,20,,Eutric Cambisol,cropland,,,,bulk soil,,134,53,62,10,2910.634677,525.6346774,2385,,,,,,16,1.4,7.6,,7.15,52,40.85
847,100,,59.49,17.39,,8,6.2,524.43,snow,Temperate Broadleaf & Mixed Forests,,,0,20,,Eutric Cambisol,cropland,,,,bulk soil,,243,43,76,10,3570.005493,1635.005493,1935,,,,,,16,1.4,7.6,,7.15,52,40.85
848,100,,59.49,17.39,,8,6.2,524.43,snow,Temperate Broadleaf & Mixed Forests,,,0,20,,Eutric Cambisol,cropland,,,,bulk soil,,253,44,82,11,3692.168411,1712.168411,1980,,,,,,16,1.4,7.6,,7.15,52,40.85
849,100,,59.49,17.39,,8,6.2,524.43,snow,Temperate Broadleaf & Mixed Forests,,,0,20,,Eutric Cambisol,cropland,,,,bulk soil,,196,45,81,10,3211.33133,1186.33133,2025,,,,,,16,1.4,7.6,,7.15,52,40.85
850,100,,59.49,17.39,,8,6.2,524.43,snow,Temperate Broadleaf & Mixed Forests,,,0,20,,Eutric Cambisol,cropland,,,,bulk soil,,337,49,116,11,4608.983004,2403.983004,2205,,,,,,16,1.4,7.6,,7.15,52,40.85
851,100,,59.49,17.39,,8,6.2,524.43,snow,Temperate Broadleaf & Mixed Forests,,,0,20,,Eutric Cambisol,cropland,,,,bulk soil,,435,47,150,11,5426.657167,3311.657167,2115,,,,,,16,1.4,7.6,,7.15,52,40.85
852,100,,59.49,17.39,,8,6.2,524.43,snow,Temperate Broadleaf & Mixed Forests,,,0,20,,Eutric Cambisol,cropland,,,,bulk soil,,393,47,152,11,5048.657167,2933.657167,2115,,,,,,16,1.4,7.6,,7.15,52,40.85
853,100,,59.49,17.39,,8,6.2,524.43,snow,Temperate Broadleaf & Mixed Forests,,,0,20,,Eutric Cambisol,cropland,,,,bulk soil,,392,42,150,11,4878.842575,2988.842575,1890,,,,,,16,1.4,7.6,,7.15,52,40.85
854,100,,59.49,17.39,,8,6.2,524.43,snow,Temperate Broadleaf & Mixed Forests,,,0,20,,Eutric Cambisol,cropland,,,,bulk soil,,294,54,109,11,4382.797596,1952.797596,2430,,,,,,16,1.4,7.6,,7.15,52,40.85
855,100,,59.49,17.39,,8,6.2,524.43,snow,Temperate Broadleaf & Mixed Forests,,,0,20,,Eutric Cambisol,cropland,,,,bulk soil,,260,51,126,11,3980.308841,1685.308841,2295,,,,,,16,1.4,7.6,,7.15,52,40.85
856,100,,59.49,17.39,,8,6.2,524.43,snow,Temperate Broadleaf & Mixed Forests,,,0,20,,Eutric Cambisol,cropland,,,,bulk soil,,187,39,112,11,2937.353819,1182.353819,1755,,,,,,16,1.4,7.6,,7.15,52,40.85
857,100,,59.49,17.39,,8,6.2,524.43,snow,Temperate Broadleaf & Mixed Forests,,,0,20,,Eutric Cambisol,cropland,,,,bulk soil,,364,57,159,11,5109.286351,2544.286351,2565,,,,,,16,1.4,7.6,,7.15,52,40.85
858,100,,59.49,17.39,,8,6.2,524.43,snow,Temperate Broadleaf & Mixed Forests,,,0,20,,Eutric Cambisol,cropland,,,,aggregate,<0.020mm,43,16,14,3,901.6066951,181.6066951,720,,,,,,16,1.4,7.6,,7.15,52,40.85
859,100,,59.49,17.39,,8,6.2,524.43,snow,Temperate Broadleaf & Mixed Forests,,,0,20,,Eutric Cambisol,cropland,,,,aggregate,<0.020mm,114,20,21,3,1669.258369,769.2583688,900,,,,,,16,1.4,7.6,,7.15,52,40.85
860,100,,59.49,17.39,,8,6.2,524.43,snow,Temperate Broadleaf & Mixed Forests,,,0,20,,Eutric Cambisol,cropland,,,,aggregate,<0.020mm,91,19,18,4,1430.09545,575.0954504,855,,,,,,16,1.4,7.6,,7.15,52,40.85
861,100,,59.49,17.39,,8,6.2,524.43,snow,Temperate Broadleaf & Mixed Forests,,,0,20,,Eutric Cambisol,cropland,,,,aggregate,<0.020mm,99,22,21,3,1598.584206,608.5842057,990,,,,,,16,1.4,7.6,,7.15,52,40.85
862,100,,59.49,17.39,,8,6.2,524.43,snow,Temperate Broadleaf & Mixed Forests,,,0,20,,Eutric Cambisol,cropland,,,,aggregate,<0.020mm,118,24,23,4,1833.910043,753.9100426,1080,,,,,,16,1.4,7.6,,7.15,52,40.85
863,100,,59.49,17.39,,8,6.2,524.43,snow,Temperate Broadleaf & Mixed Forests,,,0,20,,Eutric Cambisol,cropland,,,,aggregate,<0.020mm,79,18,17,3,1289.932532,479.9325319,810,,,,,,16,1.4,7.6,,7.15,52,40.85
864,100,,59.49,17.39,,8,6.2,524.43,snow,Temperate Broadleaf & Mixed Forests,,,0,20,,Eutric Cambisol,cropland,,,,aggregate,<0.020mm,93,22,18,3,1544.584206,554.5842057,990,,,,,,16,1.4,7.6,,7.15,52,40.85
865,100,,59.49,17.39,,8,6.2,524.43,snow,Temperate Broadleaf & Mixed Forests,,,0,20,,Eutric Cambisol,cropland,,,,aggregate,<0.020mm,81,21,17,3,1404.421287,459.4212873,945,,,,,,16,1.4,7.6,,7.15,52,40.85
866,100,,59.49,17.39,,8,6.2,524.43,snow,Temperate Broadleaf & Mixed Forests,,,0,20,,Eutric Cambisol,cropland,,,,aggregate,<0.020mm,101,22,21,3,1616.584206,626.5842057,990,,,,,,16,1.4,7.6,,7.15,52,40.85
867,100,,59.49,17.39,,8,6.2,524.43,snow,Temperate Broadleaf & Mixed Forests,,,0,20,,Eutric Cambisol,cropland,,,,aggregate,<0.020mm,84,18,18,3,1334.932532,524.9325319,810,,,,,,16,1.4,7.6,,7.15,52,40.85
868,100,,59.49,17.39,,8,6.2,524.43,snow,Temperate Broadleaf & Mixed Forests,,,0,20,,Eutric Cambisol,cropland,,,,aggregate,<0.020mm,90,17,18,3,1356.769614,591.7696135,765,,,,,,16,1.4,7.6,,7.15,52,40.85
869,100,,59.49,17.39,,8,6.2,524.43,snow,Temperate Broadleaf & Mixed Forests,,,0,20,,Eutric Cambisol,cropland,,,,aggregate,<0.020mm,106,18,20,3,1532.932532,722.9325319,810,,,,,,16,1.4,7.6,,7.15,52,40.85
870,100,,59.49,17.39,,8,6.2,524.43,snow,Temperate Broadleaf & Mixed Forests,,,0,20,,Eutric Cambisol,cropland,,,,aggregate,<0.020mm,122,20,23,4,1741.258369,841.2583688,900,,,,,,16,1.4,7.6,,7.15,52,40.85
871,100,,59.49,17.39,,8,6.2,524.43,snow,Temperate Broadleaf & Mixed Forests,,,0,20,,Eutric Cambisol,cropland,,,,aggregate,<0.020mm,64,18,16,3,1154.932532,344.9325319,810,,,,,,16,1.4,7.6,,7.15,52,40.85
872,100,,59.49,17.39,,8,6.2,524.43,snow,Temperate Broadleaf & Mixed Forests,,,0,20,,Eutric Cambisol,cropland,,,,aggregate,<0.020mm,86,21,18,3,1449.421287,504.4212873,945,,,,,,16,1.4,7.6,,7.15,52,40.85
873,100,,59.49,17.39,,8,6.2,524.43,snow,Temperate Broadleaf & Mixed Forests,,,0,20,,Eutric Cambisol,cropland,,,,aggregate,<0.020mm,77,19,18,3,1304.09545,449.0954504,855,,,,,,16,1.4,7.6,,7.15,52,40.85
874,100,,59.49,17.39,,8,6.2,524.43,snow,Temperate Broadleaf & Mixed Forests,,,0,20,,Eutric Cambisol,cropland,,,,aggregate,<0.020mm,92,18,21,3,1406.932532,596.9325319,810,,,,,,16,1.4,7.6,,7.15,52,40.85
875,99,,51.4,11.883,,,8.52,520.69,temperate,Temperate Broadleaf & Mixed Forests,fertilizer,NPK,,,,,cropland,,,,bulk soil,,203.02,18.48,,,2421.550733,1589.950733,831.6,,,,,,,,,,,,
876,99,,51.4,11.883,,,8.52,520.69,temperate,Temperate Broadleaf & Mixed Forests,fertilizer,NPK,,,,,cropland,,,,bulk soil,,475.47,28.43,,,5193.621771,3914.271771,1279.35,,,,,,,,,,,,
877,98,,42.03,116.28,,,2.42,408.42,snow,"Temperate Grasslands, Savannas & Shrublands",warming; precipitation,C,0,10,,,grassland,,,,bulk soil,,1142.67,73.2912,,,12641.28889,9343.184888,3298.104,,,534.36,,,21.15,,7.12,,0.36,,
878,98,,42.03,116.28,,,2.42,408.42,snow,"Temperate Grasslands, Savannas & Shrublands",warming; precipitation,P,0,10,,,grassland,,,,bulk soil,,1248.55,73.4701,,,13599.96283,10293.80833,3306.1545,,,595.72,,,21.95,,7,,,,
879,98,,42.03,116.28,,,2.42,408.42,snow,"Temperate Grasslands, Savannas & Shrublands",warming; precipitation,W,0,10,,,grassland,,,,bulk soil,,1033.79,70.1164,,,11559.25805,8404.020055,3155.238,,,448.56,,,19.81,,7,,,,
880,98,,42.03,116.28,,,2.42,408.42,snow,"Temperate Grasslands, Savannas & Shrublands",warming; precipitation,PW,0,10,,,grassland,,,,bulk soil,,1178.44,73.8234,,,12980.33599,9658.282993,3322.053,,,547.71,,,21.51,,7,,,,
881,97,,41.53,122.38,,,8.55,653.51,snow,Temperate Broadleaf & Mixed Forests,manure,CT-0year,0,10,,,cropland,,,,bulk soil,,,,,,6614.48,,,,,,,10.7289,10.73,,5.8,,2.8,,
882,97,,41.53,122.38,,,8.55,653.51,snow,Temperate Broadleaf & Mixed Forests,manure,CT-1year,0,10,,,cropland,,,,bulk soil,,,,,,6951.17,,,,,,,11.2472,11.25,,,,21,66,13
883,97,,41.53,122.38,,,8.55,653.51,snow,Temperate Broadleaf & Mixed Forests,manure,CT-2year,0,10,,,cropland,,,,bulk soil,,,,,,7087.81,,,,,,,11.3558,11.36,,,,21,66,13
884,97,,41.53,122.38,,,8.55,653.51,snow,Temperate Broadleaf & Mixed Forests,manure,CT-3year,0,10,,,cropland,,,,bulk soil,,,,,,7255.21,,,,,,,11.0544,11.05,,,,21,66,13
885,97,,41.53,122.38,,,8.55,653.51,snow,Temperate Broadleaf & Mixed Forests,manure,CT-4year,0,10,,,cropland,,,,bulk soil,,,,,,7530.3,,,,,,,11.4782,11.48,,,,21,66,13
886,97,,41.53,122.38,,,8.55,653.51,snow,Temperate Broadleaf & Mixed Forests,manure,CT-5year,0,10,,,cropland,,,,bulk soil,,,,,,7436.17,,,,,,,11.303,11.3,,,,21,66,13
887,97,,41.53,122.38,,,8.55,653.51,snow,Temperate Broadleaf & Mixed Forests,manure,CT-6year,0,10,,,cropland,,,,bulk soil,,,,,,7511.32,,,,,,,11.4745,11.47,,,,21,66,13
888,97,,41.53,122.38,,,8.55,653.51,snow,Temperate Broadleaf & Mixed Forests,manure,CT-7year,0,10,,,cropland,,,,bulk soil,,,,,,7786.41,,,,,,,11.3781,11.38,,,,21,66,13
889,97,,41.53,122.38,,,8.55,653.51,snow,Temperate Broadleaf & Mixed Forests,manure,CT-8year,0,10,,,cropland,,,,bulk soil,,,,,,7784.58,,,,,,,11.455,11.46,,,,21,66,13
890,97,,41.53,122.38,,,8.55,653.51,snow,Temperate Broadleaf & Mixed Forests,manure,Straw mulch-0year,0,10,,,cropland,,,,bulk soil,,,,,,6645.25,,,,,,,10.2874,10.29,,,,21,66,13
891,97,,41.53,122.38,,,8.55,653.51,snow,Temperate Broadleaf & Mixed Forests,manure,Straw mulch-1year,0,10,,,cropland,,,,bulk soil,,,,,,6981.88,,,,,,,10.7743,10.77,,,,21,66,13
892,97,,41.53,122.38,,,8.55,653.51,snow,Temperate Broadleaf & Mixed Forests,manure,Straw mulch-2year,0,10,,,cropland,,,,bulk soil,,,,,,7549.29,,,,,,,11.072,11.07,,,,21,66,13
893,97,,41.53,122.38,,,8.55,653.51,snow,Temperate Broadleaf & Mixed Forests,manure,Straw mulch-3year,0,10,,,cropland,,,,bulk soil,,,,,,8070.66,,,,,,,11.1017,11.1,,,,21,66,13
894,97,,41.53,122.38,,,8.55,653.51,snow,Temperate Broadleaf & Mixed Forests,manure,Straw mulch-4year,0,10,,,cropland,,,,bulk soil,,,,,,8714.88,,,,,,,11.9984,12,,,,21,66,13
895,97,,41.53,122.38,,,8.55,653.51,snow,Temperate Broadleaf & Mixed Forests,manure,Straw mulch-5year,0,10,,,cropland,,,,bulk soil,,,,,,8436.12,,,,,,,12.107,12.11,,,,21,66,13
896,97,,41.53,122.38,,,8.55,653.51,snow,Temperate Broadleaf & Mixed Forests,manure,Straw mulch-6year,0,10,,,cropland,,,,bulk soil,,,,,,8665.18,,,,,,,12.1209,12.12,,,,21,66,13
897,97,,41.53,122.38,,,8.55,653.51,snow,Temperate Broadleaf & Mixed Forests,manure,Straw mulch-7year,0,10,,,cropland,,,,bulk soil,,,,,,9155.61,,,,,,,12.0875,12.09,,,,21,66,13
898,97,,41.53,122.38,,,8.55,653.51,snow,Temperate Broadleaf & Mixed Forests,manure,Straw mulch-8year,0,10,,,cropland,,,,bulk soil,,,,,,9538.45,,,,,,,12.5902,12.59,,,,21,66,13
899,97,,41.53,122.38,,,8.55,653.51,snow,Temperate Broadleaf & Mixed Forests,manure,CT-0year,10,20,,,cropland,,,,bulk soil,,,,,,6238.03,,,,,,,10.2053,10.21,,,,21,66,13
900,97,,41.53,122.38,,,8.55,653.51,snow,Temperate Broadleaf & Mixed Forests,manure,CT-1year,10,20,,,cropland,,,,bulk soil,,,,,,6456.31,,,,,,,10.2842,10.28,,,,21,66,13
901,97,,41.53,122.38,,,8.55,653.51,snow,Temperate Broadleaf & Mixed Forests,manure,CT-2year,10,20,,,cropland,,,,bulk soil,,,,,,6674.64,,,,,,,10.3,10.3,,,,21,66,13
902,97,,41.53,122.38,,,8.55,653.51,snow,Temperate Broadleaf & Mixed Forests,manure,CT-3year,10,20,,,cropland,,,,bulk soil,,,,,,6877.52,,,,,,,10.3158,10.32,,,,21,66,13
903,97,,41.53,122.38,,,8.55,653.51,snow,Temperate Broadleaf & Mixed Forests,manure,CT-4year,10,20,,,cropland,,,,bulk soil,,,,,,6801.98,,,,,,,10.2684,10.27,,,,21,66,13
904,97,,41.53,122.38,,,8.55,653.51,snow,Temperate Broadleaf & Mixed Forests,manure,CT-5year,10,20,,,cropland,,,,bulk soil,,,,,,6819.28,,,,,,,10.2368,10.24,,,,21,66,13
905,97,,41.53,122.38,,,8.55,653.51,snow,Temperate Broadleaf & Mixed Forests,manure,CT-6year,10,20,,,cropland,,,,bulk soil,,,,,,6697.41,,,,,,,10.2526,10.25,,,,21,66,13
906,97,,41.53,122.38,,,8.55,653.51,snow,Temperate Broadleaf & Mixed Forests,manure,CT-7year,10,20,,,cropland,,,,bulk soil,,,,,,6884.82,,,,,,,10.2211,10.22,,,,21,66,13
907,97,,41.53,122.38,,,8.55,653.51,snow,Temperate Broadleaf & Mixed Forests,manure,CT-8year,10,20,,,cropland,,,,bulk soil,,,,,,6855.67,,,,,,,10.2368,10.24,,,,21,66,13
908,97,,41.53,122.38,,,8.55,653.51,snow,Temperate Broadleaf & Mixed Forests,manure,Straw mulch-0year,10,20,,,cropland,,,,bulk soil,,,,,,6268.96,,,,,,,10.1263,10.13,,,,21,66,13
909,97,,41.53,122.38,,,8.55,653.51,snow,Temperate Broadleaf & Mixed Forests,manure,Straw mulch-1year,10,20,,,cropland,,,,bulk soil,,,,,,6409.92,,,,,,,10.3158,10.32,,,,21,66,13
910,97,,41.53,122.38,,,8.55,653.51,snow,Temperate Broadleaf & Mixed Forests,manure,Straw mulch-2year,10,20,,,cropland,,,,bulk soil,,,,,,6767.43,,,,,,,10.3474,10.35,,,,21,66,13
911,97,,41.53,122.38,,,8.55,653.51,snow,Temperate Broadleaf & Mixed Forests,manure,Straw mulch-3year,10,20,,,cropland,,,,bulk soil,,,,,,7016.69,,,,,,,10.3474,10.35,,,,21,66,13
912,97,,41.53,122.38,,,8.55,653.51,snow,Temperate Broadleaf & Mixed Forests,manure,Straw mulch-4year,10,20,,,cropland,,,,bulk soil,,,,,,6956.67,,,,,,,10.2842,10.28,,,,21,66,13
913,97,,41.53,122.38,,,8.55,653.51,snow,Temperate Broadleaf & Mixed Forests,manure,Straw mulch-5year,10,20,,,cropland,,,,bulk soil,,,,,,6881.08,,,,,,,10.3158,10.32,,,,21,66,13
914,97,,41.53,122.38,,,8.55,653.51,snow,Temperate Broadleaf & Mixed Forests,manure,Straw mulch-6year,10,20,,,cropland,,,,bulk soil,,,,,,6805.66,,,,,,,10.3474,10.35,,,,21,66,13
915,97,,41.53,122.38,,,8.55,653.51,snow,Temperate Broadleaf & Mixed Forests,manure,Straw mulch-7year,10,20,,,cropland,,,,bulk soil,,,,,,6900.22,,,,,,,10.5053,10.51,,,,21,66,13
916,97,,41.53,122.38,,,8.55,653.51,snow,Temperate Broadleaf & Mixed Forests,manure,Straw mulch-8year,10,20,,,cropland,,,,bulk soil,,,,,,6886.6,,,,,,,10.3632,10.36,,,,21,66,13
917,96,,39.96,115.43,,1400,7.21,545.44,snow,Temperate Broadleaf & Mixed Forests,species,Betula platyphylla,0,10,,Alfisol,forest,,,,bulk soil,,2874.56,114.443,,,29551.86088,24401.92588,5149.935,,,,,,67.2,5.18,7.64,,31,30,39
918,96,,39.96,115.43,,1400,7.21,545.44,snow,Temperate Broadleaf & Mixed Forests,species,Betula platyphylla,0,10,,Alfisol,forest,,,,bulk soil,,3607.92,202.4,,,38981.05469,29873.05469,9108,,,,,,77.8,6.5,7.08,,5,46,49
919,96,,39.96,115.43,,1250,7.21,545.44,snow,Temperate Broadleaf & Mixed Forests,species,Quercus wutaishanica,0,10,,Alfisol,forest,,,,bulk soil,,1971.02,84.3384,,,20451.74908,16656.52108,3795.228,,,,,,42.1,2.98,6.8,,5,46,49
920,96,,39.96,115.43,,1250,7.21,545.44,snow,Temperate Broadleaf & Mixed Forests,species,Quercus wutaishanica,0,10,,Alfisol,forest,,,,bulk soil,,2142.91,92.7028,,,22267.7826,18096.1566,4171.626,,,,,,37.8,3.32,6.53,,6,42,52
921,95,,26.25,105.24,,1420,15.53,1253.71,temperate,Tropical & Subtropical Moist Broadleaf Forests,,,0,10,,Mollic Inceptisols,cropland,,,,bulk soil,,266.96,48.44,,,3960.611769,1780.811769,2179.8,,,,,,24.7,2.5,,,,,
922,95,,26.25,105.24,,1420,15.53,1253.71,temperate,Tropical & Subtropical Moist Broadleaf Forests,,,10,30,,Mollic Inceptisols,cropland,,,,bulk soil,,160.55,30.33,,,2420.451316,1055.601316,1364.85,,,,,,21,2.1,6.8,,,,
923,94,,30,117,"21°N–40°N, range given in text. Longitude guessed based on map given in supplemental data.",,17.22,1637.48,temperate,Temperate Broadleaf & Mixed Forests,,,0,5,,,wetland,,,,bulk soil,,,,,,676.168,574.401,101.767,,,,,,,,,,,,
924,94,,30,117,"21°N–40°N, range given in text. Longitude guessed based on map given in supplemental data.",,17.22,1637.48,temperate,Temperate Broadleaf & Mixed Forests,,,0,5,,,wetland,,,,bulk soil,,,,,,992.662,814.57,178.092,,,,,,,,,,,,
925,94,,30,117,"21°N–40°N, range given in text. Longitude guessed based on map given in supplemental data.",,17.22,1637.48,temperate,Temperate Broadleaf & Mixed Forests,,,0,5,,,wetland,,,,bulk soil,,,,,,433.817,374.453,59.364,,,,,,,,,,,,
926,94,,30,117,"21°N–40°N, range given in text. Longitude guessed based on map given in supplemental data.",,17.22,1637.48,temperate,Temperate Broadleaf & Mixed Forests,,,0,5,,,wetland,,,,bulk soil,,,,,,1591.274,1464.066,127.208,,,,,,,,,,,,
927,94,,30,117,"21°N–40°N, range given in text. Longitude guessed based on map given in supplemental data.",,17.22,1637.48,temperate,Temperate Broadleaf & Mixed Forests,,,0,5,,,wetland,,,,bulk soil,,,,,,1930.211,1788.868,141.343,,,,,,,,,,,,
928,94,,30,117,"21°N–40°N, range given in text. Longitude guessed based on map given in supplemental data.",,17.22,1637.48,temperate,Temperate Broadleaf & Mixed Forests,,,0,5,,,wetland,,,,bulk soil,,,,,,1736.583,1631.989,104.594,,,,,,,,,,,,
929,94,,30,117,"21°N–40°N, range given in text. Longitude guessed based on map given in supplemental data.",,17.22,1637.48,temperate,Temperate Broadleaf & Mixed Forests,,,0,5,,,wetland,,,,bulk soil,,,,,,2016.034,1857.73,158.304,,,,,,,,,,,,
930,94,,30,117,"21°N–40°N, range given in text. Longitude guessed based on map given in supplemental data.",,17.22,1637.48,temperate,Temperate Broadleaf & Mixed Forests,,,0,5,,,wetland,,,,bulk soil,,,,,,2811.43,2463.727,347.703,,,,,,,,,,,,
931,94,,30,117,"21°N–40°N, range given in text. Longitude guessed based on map given in supplemental data.",,17.22,1637.48,temperate,Temperate Broadleaf & Mixed Forests,,,0,5,,,wetland,,,,bulk soil,,,,,,2227.917,2066.786,161.131,,,,,,,,,,,,
932,94,,30,117,"21°N–40°N, range given in text. Longitude guessed based on map given in supplemental data.",,17.22,1637.48,temperate,Temperate Broadleaf & Mixed Forests,,,0,5,,,wetland,,,,bulk soil,,,,,,1509.058,1356.408,152.65,,,,,,,,,,,,
933,94,,30,117,"21°N–40°N, range given in text. Longitude guessed based on map given in supplemental data.",,17.22,1637.48,temperate,Temperate Broadleaf & Mixed Forests,,,0,5,,,wetland,,,,bulk soil,,,,,,1576.014,1369.654,206.36,,,,,,,,,,,,
934,94,,30,117,"21°N–40°N, range given in text. Longitude guessed based on map given in supplemental data.",,17.22,1637.48,temperate,Temperate Broadleaf & Mixed Forests,,,0,5,,,wetland,,,,bulk soil,,,,,,1464.696,1340.314,124.382,,,,,,,,,,,,
935,94,,30,117,"21°N–40°N, range given in text. Longitude guessed based on map given in supplemental data.",,17.22,1637.48,temperate,Temperate Broadleaf & Mixed Forests,,,0,5,,,wetland,,,,bulk soil,,,,,,1552.449,1439.375,113.074,,,,,,,,,,,,
936,94,,30,117,"21°N–40°N, range given in text. Longitude guessed based on map given in supplemental data.",,17.22,1637.48,temperate,Temperate Broadleaf & Mixed Forests,,,0,5,,,wetland,,,,bulk soil,,,,,,1517.456,1410.036,107.42,,,,,,,,,,,,
937,94,,30,117,"21°N–40°N, range given in text. Longitude guessed based on map given in supplemental data.",,17.22,1637.48,temperate,Temperate Broadleaf & Mixed Forests,,,0,5,,,wetland,,,,bulk soil,,,,,,1090.262,943.266,146.996,,,,,,,,,,,,
938,94,,30,117,"21°N–40°N, range given in text. Longitude guessed based on map given in supplemental data.",,17.22,1637.48,temperate,Temperate Broadleaf & Mixed Forests,,,0,5,,,wetland,,,,bulk soil,,,,,,1924.338,1737.766,186.572,,,,,,,,,,,,
939,94,,30,117,"21°N–40°N, range given in text. Longitude guessed based on map given in supplemental data.",,17.22,1637.48,temperate,Temperate Broadleaf & Mixed Forests,,,0,5,,,wetland,,,,bulk soil,,,,,,2682.191,2416.467,265.724,,,,,,,,,,,,
940,94,,30,117,"21°N–40°N, range given in text. Longitude guessed based on map given in supplemental data.",,17.22,1637.48,temperate,Temperate Broadleaf & Mixed Forests,,,0,5,,,wetland,,,,bulk soil,,,,,,2592.863,2245.16,347.703,,,,,,,,,,,,
941,94,,30,117,"21°N–40°N, range given in text. Longitude guessed based on map given in supplemental data.",,17.22,1637.48,temperate,Temperate Broadleaf & Mixed Forests,,,0,5,,,wetland,,,,bulk soil,,,,,,3036.926,2598.763,438.163,,,,,,,,,,,,
942,94,,30,117,"21°N–40°N, range given in text. Longitude guessed based on map given in supplemental data.",,17.22,1637.48,temperate,Temperate Broadleaf & Mixed Forests,,,0,5,,,wetland,,,,bulk soil,,,,,,3213.092,2540.3,672.792,,,,,,,,,,,,
943,94,,30,117,"21°N–40°N, range given in text. Longitude guessed based on map given in supplemental data.",,17.22,1637.48,temperate,Temperate Broadleaf & Mixed Forests,,,0,5,,,wetland,,,,bulk soil,,,,,,3490.742,2882.968,607.774,,,,,,,,,,,,
944,94,,30,117,"21°N–40°N, range given in text. Longitude guessed based on map given in supplemental data.",,17.22,1637.48,temperate,Temperate Broadleaf & Mixed Forests,,,0,5,,,wetland,,,,bulk soil,,,,,,3591.507,3096.807,494.7,,,,,,,,,,,,
945,94,,30,117,"21°N–40°N, range given in text. Longitude guessed based on map given in supplemental data.",,17.22,1637.48,temperate,Temperate Broadleaf & Mixed Forests,,,0,5,,,wetland,,,,bulk soil,,,,,,3595.034,3281.253,313.781,,,,,,,,,,,,
946,94,,30,117,"21°N–40°N, range given in text. Longitude guessed based on map given in supplemental data.",,17.22,1637.48,temperate,Temperate Broadleaf & Mixed Forests,,,0,5,,,wetland,,,,bulk soil,,,,,,3777.003,3491.491,285.512,,,,,,,,,,,,
947,94,,30,117,"21°N–40°N, range given in text. Longitude guessed based on map given in supplemental data.",,17.22,1637.48,temperate,Temperate Broadleaf & Mixed Forests,,,0,5,,,wetland,,,,bulk soil,,,,,,4046.74,3860.168,186.572,,,,,,,,,,,,
948,94,,30,117,"21°N–40°N, range given in text. Longitude guessed based on map given in supplemental data.",,17.22,1637.48,temperate,Temperate Broadleaf & Mixed Forests,,,0,5,,,wetland,,,,bulk soil,,,,,,3857.938,3660.058,197.88,,,,,,,,,,,,
949,94,,30,117,"21°N–40°N, range given in text. Longitude guessed based on map given in supplemental data.",,17.22,1637.48,temperate,Temperate Broadleaf & Mixed Forests,,,0,5,,,wetland,,,,bulk soil,,,,,,3289.178,3065.856,223.322,,,,,,,,,,,,
950,94,,30,117,"21°N–40°N, range given in text. Longitude guessed based on map given in supplemental data.",,17.22,1637.48,temperate,Temperate Broadleaf & Mixed Forests,,,0,5,,,wetland,,,,bulk soil,,,,,,3905.779,3699.419,206.36,,,,,,,,,,,,
951,94,,30,117,"21°N–40°N, range given in text. Longitude guessed based on map given in supplemental data.",,17.22,1637.48,temperate,Temperate Broadleaf & Mixed Forests,,,0,5,,,wetland,,,,bulk soil,,,,,,4106.194,3908.314,197.88,,,,,,,,,,,,
952,94,,30,117,"21°N–40°N, range given in text. Longitude guessed based on map given in supplemental data.",,17.22,1637.48,temperate,Temperate Broadleaf & Mixed Forests,,,0,5,,,wetland,,,,bulk soil,,,,,,4538.756,4224.975,313.781,,,,,,,,,,,,
953,94,,30,117,"21°N–40°N, range given in text. Longitude guessed based on map given in supplemental data.",,17.22,1637.48,temperate,Temperate Broadleaf & Mixed Forests,,,0,5,,,wetland,,,,bulk soil,,,,,,5139.158,4723.61,415.548,,,,,,,,,,,,
954,94,,30,117,"21°N–40°N, range given in text. Longitude guessed based on map given in supplemental data.",,17.22,1637.48,temperate,Temperate Broadleaf & Mixed Forests,,,0,5,,,wetland,,,,bulk soil,,,,,,5636.278,5172.674,463.604,,,,,,,,,,,,
955,94,,30,117,"21°N–40°N, range given in text. Longitude guessed based on map given in supplemental data.",,17.22,1637.48,temperate,Temperate Broadleaf & Mixed Forests,,,0,5,,,wetland,,,,bulk soil,,,,,,6143.1,5696.457,446.643,,,,,,,,,,,,
956,94,,30,117,"21°N–40°N, range given in text. Longitude guessed based on map given in supplemental data.",,17.22,1637.48,temperate,Temperate Broadleaf & Mixed Forests,,,0,5,,,wetland,,,,bulk soil,,,,,,6013.622,5595.247,418.375,,,,,,,,,,,,
957,94,,30,117,"21°N–40°N, range given in text. Longitude guessed based on map given in supplemental data.",,17.22,1637.48,temperate,Temperate Broadleaf & Mixed Forests,,,0,5,,,wetland,,,,bulk soil,,,,,,6547.442,5976.417,571.025,,,,,,,,,,,,
958,94,,30,117,"21°N–40°N, range given in text. Longitude guessed based on map given in supplemental data.",,17.22,1637.48,temperate,Temperate Broadleaf & Mixed Forests,,,0,5,,,wetland,,,,bulk soil,,,,,,6824.736,6216.962,607.774,,,,,,,,,,,,
959,94,,30,117,"21°N–40°N, range given in text. Longitude guessed based on map given in supplemental data.",,17.22,1637.48,temperate,Temperate Broadleaf & Mixed Forests,,,0,5,,,wetland,,,,bulk soil,,,,,,6967.927,6300.789,667.138,,,,,,,,,,,,
960,94,,30,117,"21°N–40°N, range given in text. Longitude guessed based on map given in supplemental data.",,17.22,1637.48,temperate,Temperate Broadleaf & Mixed Forests,,,0,5,,,wetland,,,,bulk soil,,,,,,6953.313,6272.041,681.272,,,,,,,,,,,,
961,94,,30,117,"21°N–40°N, range given in text. Longitude guessed based on map given in supplemental data.",,17.22,1637.48,temperate,Temperate Broadleaf & Mixed Forests,,,0,5,,,wetland,,,,bulk soil,,,,,,6830.022,6739.563,90.459,,,,,,,,,,,,
962,94,,30,117,"21°N–40°N, range given in text. Longitude guessed based on map given in supplemental data.",,17.22,1637.48,temperate,Temperate Broadleaf & Mixed Forests,,,0,5,,,wetland,,,,bulk soil,,,,,,8611.741,7560.151,1051.59,,,,,,,,,,,,
963,94,,30,117,"21°N–40°N, range given in text. Longitude guessed based on map given in supplemental data.",,17.22,1637.48,temperate,Temperate Broadleaf & Mixed Forests,,,0,5,,,wetland,,,,bulk soil,,,,,,7943.533,7530.812,412.721,,,,,,,,,,,,
964,94,,30,117,"21°N–40°N, range given in text. Longitude guessed based on map given in supplemental data.",,17.22,1637.48,temperate,Temperate Broadleaf & Mixed Forests,,,0,5,,,wetland,,,,bulk soil,,,,,,551.417,254.597,296.82,,,,,,,,,,,,
965,94,,30,117,"21°N–40°N, range given in text. Longitude guessed based on map given in supplemental data.",,17.22,1637.48,temperate,Temperate Broadleaf & Mixed Forests,,,0,5,,,wetland,,,,bulk soil,,,,,,300.111,181.383,118.728,,,,,,,,,,,,
966,94,,30,117,"21°N–40°N, range given in text. Longitude guessed based on map given in supplemental data.",,17.22,1637.48,temperate,Temperate Broadleaf & Mixed Forests,,,0,5,,,wetland,,,,bulk soil,,,,,,507.501,349.197,158.304,,,,,,,,,,,,
967,94,,30,117,"21°N–40°N, range given in text. Longitude guessed based on map given in supplemental data.",,17.22,1637.48,temperate,Temperate Broadleaf & Mixed Forests,,,0,5,,,wetland,,,,bulk soil,,,,,,308.801,65.691,243.11,,,,,,,,,,,,
968,94,,30,117,"21°N–40°N, range given in text. Longitude guessed based on map given in supplemental data.",,17.22,1637.48,temperate,Temperate Broadleaf & Mixed Forests,,,0,5,,,wetland,,,,bulk soil,,,,,,383.474,162.979,220.495,,,,,,,,,,,,
969,94,,30,117,"21°N–40°N, range given in text. Longitude guessed based on map given in supplemental data.",,17.22,1637.48,temperate,Temperate Broadleaf & Mixed Forests,,,0,5,,,wetland,,,,bulk soil,,,,,,366.867,160.507,206.36,,,,,,,,,,,,
970,94,,30,117,"21°N–40°N, range given in text. Longitude guessed based on map given in supplemental data.",,17.22,1637.48,temperate,Temperate Broadleaf & Mixed Forests,,,0,5,,,wetland,,,,bulk soil,,,,,,1178.868,941.412,237.456,,,,,,,,,,,,
971,94,,30,117,"21°N–40°N, range given in text. Longitude guessed based on map given in supplemental data.",,17.22,1637.48,temperate,Temperate Broadleaf & Mixed Forests,,,0,5,,,wetland,,,,bulk soil,,,,,,1656.294,1291.63,364.664,,,,,,,,,,,,
972,94,,30,117,"21°N–40°N, range given in text. Longitude guessed based on map given in supplemental data.",,17.22,1637.48,temperate,Temperate Broadleaf & Mixed Forests,,,0,5,,,wetland,,,,bulk soil,,,,,,2057.779,1758.132,299.647,,,,,,,,,,,,
973,94,,30,117,"21°N–40°N, range given in text. Longitude guessed based on map given in supplemental data.",,17.22,1637.48,temperate,Temperate Broadleaf & Mixed Forests,,,0,5,,,wetland,,,,bulk soil,,,,,,1038.399,724.618,313.781,,,,,,,,,,,,
974,94,,30,117,"21°N–40°N, range given in text. Longitude guessed based on map given in supplemental data.",,17.22,1637.48,temperate,Temperate Broadleaf & Mixed Forests,,,0,5,,,wetland,,,,bulk soil,,,,,,1400.827,1160.544,240.283,,,,,,,,,,,,
975,94,,30,117,"21°N–40°N, range given in text. Longitude guessed based on map given in supplemental data.",,17.22,1637.48,temperate,Temperate Broadleaf & Mixed Forests,,,0,5,,,wetland,,,,bulk soil,,,,,,1328.828,1046.142,282.686,,,,,,,,,,,,
976,94,,30,117,"21°N–40°N, range given in text. Longitude guessed based on map given in supplemental data.",,17.22,1637.48,temperate,Temperate Broadleaf & Mixed Forests,,,0,5,,,wetland,,,,bulk soil,,,,,,784.372,546.916,237.456,,,,,,,,,,,,
977,94,,30,117,"21°N–40°N, range given in text. Longitude guessed based on map given in supplemental data.",,17.22,1637.48,temperate,Temperate Broadleaf & Mixed Forests,,,0,5,,,wetland,,,,bulk soil,,,,,,1360.728,1126.099,234.629,,,,,,,,,,,,
978,94,,30,117,"21°N–40°N, range given in text. Longitude guessed based on map given in supplemental data.",,17.22,1637.48,temperate,Temperate Broadleaf & Mixed Forests,,,0,5,,,wetland,,,,bulk soil,,,,,,1666.756,1508.452,158.304,,,,,,,,,,,,
979,94,,30,117,"21°N–40°N, range given in text. Longitude guessed based on map given in supplemental data.",,17.22,1637.48,temperate,Temperate Broadleaf & Mixed Forests,,,0,5,,,wetland,,,,bulk soil,,,,,,1791.448,1593.568,197.88,,,,,,,,,,,,
980,94,,30,117,"21°N–40°N, range given in text. Longitude guessed based on map given in supplemental data.",,17.22,1637.48,temperate,Temperate Broadleaf & Mixed Forests,,,0,5,,,wetland,,,,bulk soil,,,,,,1785.017,1539.081,245.936,,,,,,,,,,,,
981,94,,30,117,"21°N–40°N, range given in text. Longitude guessed based on map given in supplemental data.",,17.22,1637.48,temperate,Temperate Broadleaf & Mixed Forests,,,0,5,,,wetland,,,,bulk soil,,,,,,1754.922,1497.678,257.244,,,,,,,,,,,,
982,94,,30,117,"21°N–40°N, range given in text. Longitude guessed based on map given in supplemental data.",,17.22,1637.48,temperate,Temperate Broadleaf & Mixed Forests,,,0,5,,,wetland,,,,bulk soil,,,,,,1786.46,1597.061,189.399,,,,,,,,,,,,
983,94,,30,117,"21°N–40°N, range given in text. Longitude guessed based on map given in supplemental data.",,17.22,1637.48,temperate,Temperate Broadleaf & Mixed Forests,,,0,5,,,wetland,,,,bulk soil,,,,,,1663.276,1485.184,178.092,,,,,,,,,,,,
984,94,,30,117,"21°N–40°N, range given in text. Longitude guessed based on map given in supplemental data.",,17.22,1637.48,temperate,Temperate Broadleaf & Mixed Forests,,,0,5,,,wetland,,,,bulk soil,,,,,,2159.649,1865.656,293.993,,,,,,,,,,,,
985,94,,30,117,"21°N–40°N, range given in text. Longitude guessed based on map given in supplemental data.",,17.22,1637.48,temperate,Temperate Broadleaf & Mixed Forests,,,0,5,,,wetland,,,,bulk soil,,,,,,2771.889,2248.921,522.968,,,,,,,,,,,,
986,94,,30,117,"21°N–40°N, range given in text. Longitude guessed based on map given in supplemental data.",,17.22,1637.48,temperate,Temperate Broadleaf & Mixed Forests,,,0,5,,,wetland,,,,bulk soil,,,,,,3091.195,2602.149,489.046,,,,,,,,,,,,
987,94,,30,117,"21°N–40°N, range given in text. Longitude guessed based on map given in supplemental data.",,17.22,1637.48,temperate,Temperate Broadleaf & Mixed Forests,,,0,5,,,wetland,,,,bulk soil,,,,,,2374.132,1691.446,682.686,,,,,,,,,,,,
988,94,,30,117,"21°N–40°N, range given in text. Longitude guessed based on map given in supplemental data.",,17.22,1637.48,temperate,Temperate Broadleaf & Mixed Forests,,,0,5,,,wetland,,,,bulk soil,,,,,,2322.282,1762.565,559.717,,,,,,,,,,,,
989,94,,30,117,"21°N–40°N, range given in text. Longitude guessed based on map given in supplemental data.",,17.22,1637.48,temperate,Temperate Broadleaf & Mixed Forests,,,0,5,,,wetland,,,,bulk soil,,,,,,3058.004,2243.87,814.134,,,,,,,,,,,,
990,94,,30,117,"21°N–40°N, range given in text. Longitude guessed based on map given in supplemental data.",,17.22,1637.48,temperate,Temperate Broadleaf & Mixed Forests,,,0,5,,,wetland,,,,bulk soil,,,,,,1627.646,1121.639,506.007,,,,,,,,,,,,
991,94,,30,117,"21°N–40°N, range given in text. Longitude guessed based on map given in supplemental data.",,17.22,1637.48,temperate,Temperate Broadleaf & Mixed Forests,,,0,5,,,wetland,,,,bulk soil,,,,,,1758.015,1432.927,325.088,,,,,,,,,,,,
992,94,,30,117,"21°N–40°N, range given in text. Longitude guessed based on map given in supplemental data.",,17.22,1637.48,temperate,Temperate Broadleaf & Mixed Forests,,,0,5,,,wetland,,,,bulk soil,,,,,,2389.723,1999.617,390.106,,,,,,,,,,,,
993,94,,30,117,"21°N–40°N, range given in text. Longitude guessed based on map given in supplemental data.",,17.22,1637.48,temperate,Temperate Broadleaf & Mixed Forests,,,0,5,,,wetland,,,,bulk soil,,,,,,2461.747,2128.178,333.569,,,,,,,,,,,,
994,94,,30,117,"21°N–40°N, range given in text. Longitude guessed based on map given in supplemental data.",,17.22,1637.48,temperate,Temperate Broadleaf & Mixed Forests,,,0,5,,,wetland,,,,bulk soil,,,,,,2957.492,2539.117,418.375,,,,,,,,,,,,
995,94,,30,117,"21°N–40°N, range given in text. Longitude guessed based on map given in supplemental data.",,17.22,1637.48,temperate,Temperate Broadleaf & Mixed Forests,,,0,5,,,wetland,,,,bulk soil,,,,,,3364.397,2934.715,429.682,,,,,,,,,,,,
996,94,,30,117,"21°N–40°N, range given in text. Longitude guessed based on map given in supplemental data.",,17.22,1637.48,temperate,Temperate Broadleaf & Mixed Forests,,,0,5,,,wetland,,,,bulk soil,,,,,,3133.271,2748.819,384.452,,,,,,,,,,,,
997,94,,30,117,"21°N–40°N, range given in text. Longitude guessed based on map given in supplemental data.",,17.22,1637.48,temperate,Temperate Broadleaf & Mixed Forests,,,0,5,,,wetland,,,,bulk soil,,,,,,3849.681,3287.137,562.544,,,,,,,,,,,,
998,94,,30,117,"21°N–40°N, range given in text. Longitude guessed based on map given in supplemental data.",,17.22,1637.48,temperate,Temperate Broadleaf & Mixed Forests,,,0,5,,,wetland,,,,bulk soil,,,,,,3855.74,3273.408,582.332,,,,,,,,,,,,
999,94,,30,117,"21°N–40°N, range given in text. Longitude guessed based on map given in supplemental data.",,17.22,1637.48,temperate,Temperate Broadleaf & Mixed Forests,,,0,5,,,wetland,,,,bulk soil,,,,,,4470.769,3939.32,531.449,,,,,,,,,,,,
1000,94,,30,117,"21°N–40°N, range given in text. Longitude guessed based on map given in supplemental data.",,17.22,1637.48,temperate,Temperate Broadleaf & Mixed Forests,,,0,5,,,wetland,,,,bulk soil,,,,,,4682.478,4009.686,672.792,,,,,,,,,,,,
1001,94,,30,117,"21°N–40°N, range given in text. Longitude guessed based on map given in supplemental data.",,17.22,1637.48,temperate,Temperate Broadleaf & Mixed Forests,,,0,5,,,wetland,,,,bulk soil,,,,,,4701.696,4051.519,650.177,,,,,,,,,,,,
1002,94,,30,117,"21°N–40°N, range given in text. Longitude guessed based on map given in supplemental data.",,17.22,1637.48,temperate,Temperate Broadleaf & Mixed Forests,,,0,5,,,wetland,,,,bulk soil,,,,,,6040.215,4530.674,1509.541,,,,,,,,,,,,
1003,94,,30,117,"21°N–40°N, range given in text. Longitude guessed based on map given in supplemental data.",,17.22,1637.48,temperate,Temperate Broadleaf & Mixed Forests,,,0,5,,,wetland,,,,bulk soil,,,,,,5419.432,5179.149,240.283,,,,,,,,,,,,
1004,93,,42.38,123.93,,65,7.57,754.89,snow,Temperate Broadleaf & Mixed Forests,cover crop,control,0,10,,Acrisol,cropland,,,,bulk soil,,2036.1,99.45,,,21523.50224,17048.25224,4475.25,,,,,8.6,,0.05,6.3,,,,
1005,93,,42.38,123.93,,65,7.57,754.89,snow,Temperate Broadleaf & Mixed Forests,cover crop,control,0,10,,Acrisol,cropland,,,,bulk soil,,1526,86.05,,,16501.61913,12629.36913,3872.25,,,,,8.6,,0.05,6.3,,,,
1006,93,,42.38,123.93,,65,7.57,754.89,snow,Temperate Broadleaf & Mixed Forests,cover crop,control,0,10,,Acrisol,cropland,,,,bulk soil,,1692.18,84.13,,,17935.48633,14149.63633,3785.85,,,,,8.6,,0.05,6.3,,,,
1007,93,,42.38,123.93,,65,7.57,754.89,snow,Temperate Broadleaf & Mixed Forests,cover crop,NMS,0,10,,Acrisol,cropland,,,,bulk soil,,1323.59,118.89,,,15736.15937,10386.10937,5350.05,,,,,,,,,,,,
1008,93,,42.38,123.93,,65,7.57,754.89,snow,Temperate Broadleaf & Mixed Forests,cover crop,RCS,0,10,,Acrisol,cropland,,,,bulk soil,,2413.45,210.2,,,28481.69546,19022.69546,9459,,,,,,,,,,,,
1009,93,,42.38,123.93,,65,7.57,754.89,snow,Temperate Broadleaf & Mixed Forests,cover crop,RES,0,10,,Acrisol,cropland,,,,bulk soil,,1796.15,98.96,,,19348.19241,14894.99241,4453.2,,,,,,,,,,,,
1010,92,,46.49,-106.14,,825,7.86,346.53,arid,"Temperate Grasslands, Savannas & Shrublands",,,0,10,,Haplic Yertisols,grassland,,,,bulk soil,,402,85,211,,6351.848068,2526.848068,3825,,,498.49,,,25.8,3.1,,,45.2,32.2,22.8
1011,92,,-3.05,-60.36,,175,26.9,2225.79,equatorial,Tropical & Subtropical Moist Broadleaf Forests,,,0,10,,Xanthic Ferralsols,forest,,,,bulk soil,,190,63,127,,3736.263862,901.2638618,2835,,,151.96,,,13,0.9,,,10.4,1.3,85
1012,92,,-3.05,-60.36,,175,26.9,2225.79,equatorial,Tropical & Subtropical Moist Broadleaf Forests,,,0,10,,Fimic Anthrosols,forest,,,,bulk soil,,1522,85,845,,16431.84807,12606.84807,3825,,,205.55,,,36.2,2.8,,,5,6,87.9
1013,92,,49.58,51.18,,520,7.2,217.59,arid,"Temperate Grasslands, Savannas & Shrublands",,,0,10,,Aric Anthrosols,forest,,,,bulk soil,,951,63,507,,10585.26386,7750.263862,2835,,,825.5,,,49.4,4,,,15.8,23.7,57.2
1014,92,,40.02,72.39,,2900,10.92,236.51,arid,Montane Grasslands & Shrublands,,,0,10,,Haplic Phaeozem,grassland,,,,bulk soil,,7109,504,4417,,80191.11089,57511.11089,22680,,,360.28,,,80.8,8.3,,,19.9,45.3,27.5
1015,91,,51.21,11.06,,132,8.18,509.17,temperate,Temperate Broadleaf & Mixed Forests,,,0,10,,Orthic Luvisols,grassland,,,,bulk soil,,550,41,,,6268.679656,4423.679656,1845,,,430,66,,12.3,1.4,7.4,,17,80,3
1016,91,,51.21,11.06,,132,8.18,509.17,temperate,Temperate Broadleaf & Mixed Forests,,,0,10,,Orthic Luvisols,grassland,,,,bulk soil,,530,41,,,6088.679656,4243.679656,1845,,,580,84,,12.3,1.4,7.4,,17,80,3
1017,91,,51.21,11.06,,132,8.18,509.17,temperate,Temperate Broadleaf & Mixed Forests,,,0,10,,Orthic Luvisols,grassland,,,,bulk soil,,570,47,,,6641.657167,4526.657167,2115,,,500,56,,12.3,1.4,7.4,,17,80,3
1018,91,,51.21,11.06,,132,8.18,509.17,temperate,Temperate Broadleaf & Mixed Forests,,,0,10,,Orthic Luvisols,grassland,,,,bulk soil,,470,34,,,5323.539227,3793.539227,1530,,,400,44,,12.3,1.4,7.4,,17,80,3
1019,91,,51.21,11.06,,132,8.18,509.17,temperate,Temperate Broadleaf & Mixed Forests,,,0,10,,Orthic Luvisols,grassland,,,,bulk soil,,540,43,,,6243.005493,4308.005493,1935,,,380,38,,12.3,1.4,7.4,,17,80,3
1020,91,,51.21,11.06,,132,8.18,509.17,temperate,Temperate Broadleaf & Mixed Forests,,,0,10,,Orthic Luvisols,grassland,,,,bulk soil,,530,48,,,6313.820085,4153.820085,2160,,,590,96,,12.3,1.4,7.4,,17,80,3
1021,91,,51.21,11.06,,132,8.18,509.17,temperate,Temperate Broadleaf & Mixed Forests,,,0,10,,Orthic Luvisols,grassland,,,,bulk soil,,530,41,,,6088.679656,4243.679656,1845,,,470,75,,12.3,1.4,7.4,,17,80,3
1022,91,,51.21,11.06,,132,8.18,509.17,temperate,Temperate Broadleaf & Mixed Forests,,,0,10,,Orthic Luvisols,grassland,,,,bulk soil,,590,45,,,6757.33133,4732.33133,2025,,,640,47,,12.3,1.4,7.4,,17,80,3
1023,91,,51.21,11.06,,132,8.18,509.17,temperate,Temperate Broadleaf & Mixed Forests,,,0,10,,Orthic Luvisols,grassland,,,,bulk soil,,530,35,,,5895.702145,4320.702145,1575,,,310,50,,12.3,1.4,7.4,,17,80,3
1024,91,,51.21,11.06,,132,8.18,509.17,temperate,Temperate Broadleaf & Mixed Forests,,,0,10,,Orthic Luvisols,grassland,,,,bulk soil,,550,36,,,6107.865064,4487.865064,1620,,,300,43,,12.3,1.4,7.4,,17,80,3
1025,91,,51.21,11.06,,132,8.18,509.17,temperate,Temperate Broadleaf & Mixed Forests,,,0,10,,Orthic Luvisols,grassland,,,,bulk soil,,560,39,,,6294.353819,4539.353819,1755,,,260,31,,12.3,1.4,7.4,,17,80,3
1026,91,,51.21,11.06,,132,8.18,509.17,temperate,Temperate Broadleaf & Mixed Forests,,,0,10,,Orthic Luvisols,grassland,,,,bulk soil,,530,38,,,5992.190901,4282.190901,1710,,,300,48,,12.3,1.4,7.4,,17,80,3
1027,91,,51.21,11.06,,132,8.18,509.17,temperate,Temperate Broadleaf & Mixed Forests,,,0,10,,Orthic Luvisols,grassland,,,,bulk soil,,550,39,,,6204.353819,4449.353819,1755,,,350,54,,12.3,1.4,7.4,,17,80,3
1028,91,,51.21,11.06,,132,8.18,509.17,temperate,Temperate Broadleaf & Mixed Forests,,,0,10,,Orthic Luvisols,grassland,,,,bulk soil,,540,37,,,6050.027982,4385.027982,1665,,,350,38,,12.3,1.4,7.4,,17,80,3
1029,91,,51.21,11.06,,132,8.18,509.17,temperate,Temperate Broadleaf & Mixed Forests,,,0,10,,Orthic Luvisols,grassland,,,,bulk soil,,520,36,,,5837.865064,4217.865064,1620,,,350,52,,12.3,1.4,7.4,,17,80,3
1030,91,,51.21,11.06,,132,8.18,509.17,temperate,Temperate Broadleaf & Mixed Forests,,,0,10,,Orthic Luvisols,grassland,,,,bulk soil,,540,40,,,6146.516738,4346.516738,1800,,,210,32,,12.3,1.4,7.4,,17,80,3
1031,91,,51.21,11.06,,132,8.18,509.17,temperate,Temperate Broadleaf & Mixed Forests,,,0,10,,Orthic Luvisols,grassland,,,,bulk soil,,530,41,,,6088.679656,4243.679656,1845,,,460,,,12.3,1.4,7.4,,17,80,3
1032,91,,51.21,11.06,,132,8.18,509.17,temperate,Temperate Broadleaf & Mixed Forests,,,0,10,,Orthic Luvisols,grassland,,,,bulk soil,,550,45,,,6397.33133,4372.33133,2025,,,570,,,12.3,1.4,7.4,,17,80,3
1033,91,,51.21,11.06,,132,8.18,509.17,temperate,Temperate Broadleaf & Mixed Forests,,,0,10,,Orthic Luvisols,grassland,,,,bulk soil,,540,35,,,5985.702145,4410.702145,1575,,,300,,,12.3,1.4,7.4,,17,80,3
1034,90,,50.4,8.35,,167,8.91,735.67,temperate,Temperate Broadleaf & Mixed Forests,,,140,160,,Haplic Luvisols,cropland,,,,bulk soil,,140,8,,,1517.303348,1157.303348,360,,,22,3,,3.6,0.4,8.4,,24,73,3
1035,90,,51.32,9.56,,470,7.08,684.49,temperate,Temperate Broadleaf & Mixed Forests,,,0,10,,Haplic Luvisols,cropland,,,,bulk soil,,620,50,,,7188.145922,4938.145922,2250,,,316,47.8,,12.7,1.3,7.7,,18,79,3
1036,90,,51.32,9.56,,470,7.08,684.49,temperate,Temperate Broadleaf & Mixed Forests,,,0,10,,Haplic Luvisols,grassland,,,,bulk soil,,860,64,,,9798.42678,6918.42678,2880,,,325,47,,16.3,1.7,6.9,,17,77,6
1037,90,,51.32,9.56,,470,7.08,684.49,temperate,Temperate Broadleaf & Mixed Forests,,,0,10,,Luvic Phaeozem,cropland,,,,bulk soil,,800,77,,,9676.54472,6211.54472,3465,,,394,52.5,,17.8,1.8,7,,22,72,6
1038,90,,51.32,9.56,,470,7.08,684.49,temperate,Temperate Broadleaf & Mixed Forests,,,0,10,,Luvic Phaeozem,grassland,,,,bulk soil,,1060,89,,,12402.49974,8397.499741,4005,,,522,57.8,,22.3,2.2,7.5,,23,71,6
1039,90,,51.32,9.56,,470,7.08,684.49,temperate,Temperate Broadleaf & Mixed Forests,,,0,10,,Gleyic Chernozem,cropland,,,,bulk soil,,1130,117,,,13933.06146,8668.061458,5265,,,482,60,,28.9,3.1,8,,25,69,6
1040,90,,51.32,9.56,,470,7.08,684.49,temperate,Temperate Broadleaf & Mixed Forests,,,0,10,,Gleyic Chernozem,grassland,,,,bulk soil,,1620,148,,,19340.11193,12680.11193,6660,,,834,119.1,,40.7,4.1,8.1,,21,68,11
1041,90,,50.4,8.35,,167,8.91,735.67,temperate,Temperate Broadleaf & Mixed Forests,,,140,160,,Haplic Luvisols,cropland,,,,bulk soil,,130,7,,,1395.140429,1080.140429,315,,,28,3.1,,3.6,0.4,8.4,,24,73,3
1042,90,,51.32,9.56,,470,7.08,684.49,temperate,Temperate Broadleaf & Mixed Forests,,,0,10,,Haplic Luvisols,cropland,,,,bulk soil,,550,45,,,6397.33133,4372.33133,2025,,,320,47.2,,12.7,1.3,7.7,,18,79,3
1043,90,,51.32,9.56,,470,7.08,684.49,temperate,Temperate Broadleaf & Mixed Forests,,,0,10,,Haplic Luvisols,grassland,,,,bulk soil,,750,57,,,8583.286351,6018.286351,2565,,,380,51,,16.3,1.7,6.9,,17,77,6
1044,90,,51.32,9.56,,470,7.08,684.49,temperate,Temperate Broadleaf & Mixed Forests,,,0,10,,Luvic Phaeozem,cropland,,,,bulk soil,,670,64,,,8088.42678,5208.42678,2880,,,441,57,,17.8,1.8,7,,22,72,6
1045,90,,51.32,9.56,,470,7.08,684.49,temperate,Temperate Broadleaf & Mixed Forests,,,0,10,,Luvic Phaeozem,grassland,,,,bulk soil,,950,79,,,11090.87056,7535.870557,3555,,,654,82.4,,22.3,2.2,7.5,,23,71,6
1046,90,,51.32,9.56,,470,7.08,684.49,temperate,Temperate Broadleaf & Mixed Forests,,,0,10,,Gleyic Chernozem,cropland,,,,bulk soil,,1150,118,,,14145.22438,8835.224376,5310,,,571,76.5,,28.9,3.1,8,,25,69,6
1047,90,,51.32,9.56,,470,7.08,684.49,temperate,Temperate Broadleaf & Mixed Forests,,,0,10,,Gleyic Chernozem,grassland,,,,bulk soil,,1530,138,,,18208.48274,11998.48274,6210,,,868,119.7,,40.7,4.1,8.1,,21,68,11
1048,89,,44.483,0.783,,55-105,12.1,690.84,temperate,Temperate Broadleaf & Mixed Forests,,,0,25,,,forest,,Mature forest,,bulk soil,,677.2,14.4,,,6557.946026,5909.946026,648,,,,,,33.5,,4.3,,,,
1049,89,,44.483,0.783,,55-105,12.1,690.84,temperate,Temperate Broadleaf & Mixed Forests,,,0,25,,,forest,,Mature forest,,bulk soil,,486.3,14.8,,,4852.711193,4186.711193,666,,,,,,29.6,,3.5,,,,
1050,89,,44.483,0.783,,55-105,12.1,690.84,temperate,Temperate Broadleaf & Mixed Forests,,,0,25,,,,,,,bulk soil,,310.6,9.6,,,3104.164017,2672.164017,432,,,,,,21.7,,4.5,,,,
1051,89,,44.483,0.783,,55-105,12.1,690.84,temperate,Temperate Broadleaf & Mixed Forests,,,0,25,,,,,,,bulk soil,,292.6,9.8,,,2948.596601,2507.596601,441,,,,,,22.6,,5.6,,,,
1052,89,,44.483,0.783,,55-105,12.1,690.84,temperate,Temperate Broadleaf & Mixed Forests,,,0,25,,,,,,,bulk soil,,268.3,9.3,,,2713.815142,2295.315142,418.5,,,,,,20,,5.6,,,,
1053,89,,44.483,0.783,,55-105,12.1,690.84,temperate,Temperate Broadleaf & Mixed Forests,,,0,25,,,,,,,bulk soil,,291.2,13.5,,,3054.999399,2447.499399,607.5,,,,,,18,,6,,,,
1054,88,,11.59,0.19,,268,18.6,878.95,equatorial,"Tropical & Subtropical Grasslands, Savannas & Shrublands",,,0,20,,,cropland,,,,bulk soil,,383,26,,,4283.235879,3113.235879,1170,,,64,6.8,,5.2,2.9,6.4,,15,,
1055,88,,11.59,0.19,,268,18.6,878.95,equatorial,"Tropical & Subtropical Grasslands, Savannas & Shrublands",,,0,20,,,cropland,,,,bulk soil,,404,31,,,4633.050472,3238.050472,1395,,,112,10.6,,5.2,4.7,6.4,,15,,
1056,88,,10.17,0.23,,178,28.05,992.22,equatorial,"Tropical & Subtropical Grasslands, Savannas & Shrublands",,,0,20,,,cropland,,,,bulk soil,,248,13,,,2650.11794,2065.11794,585,,,47,4.5,,3.7,2.9,6.2,,5,,
1057,88,,10.17,0.23,,178,28.05,992.22,equatorial,"Tropical & Subtropical Grasslands, Savannas & Shrublands",,,0,20,,,cropland,,,,bulk soil,,290,16,,,3124.606695,2404.606695,720,,,45,4.4,,3.7,4.2,6.2,,5,,
1058,87,,47.27,8.57,,614,9.66,1385.05,temperate,Temperate Broadleaf & Mixed Forests,,,0,10,,Typic Hapludolls,grassland,,,,bulk soil,,1498,145,878,,18145.62317,11620.62317,6525,,,,,,573.67,,7.05,,28,33,36
1059,87,,47.27,8.57,,614,9.66,1385.05,temperate,Temperate Broadleaf & Mixed Forests,,,0,10,,Typic Hapludolls,grassland,,,,bulk soil,,1826,124,974,,20422.20189,14842.20189,5580,,,,,,539.08,,7.05,,28,33,36
1060,87,,40.06,-88.13,,209,11,978.8,snow,"Temperate Grasslands, Savannas & Shrublands",,,0,10,,Alfisols,forest,,,,bulk soil,,560,48,273,,6583.820085,4423.820085,2160,,,,,,213.05,,,,3.1,13.1,83.8
1061,87,,45.38,-89.24,,78,6.3,744.73,snow,Temperate Broadleaf & Mixed Forests,,,0,20,,Typic Hapludolls,cropland,,,,bulk soil,,1922,96,893,,20385.64017,16065.64017,4320,,,,,,534.08,,,,,,
1062,86,,51.19,9.3,,167,8.27,715.06,temperate,Temperate Broadleaf & Mixed Forests,,,0,20,,Haplic Luvisols,cropland,,,,bulk soil,,590,45,,,6757.33133,4732.33133,2025,,,,,,12.5,1.2,7.4,,17,80,3
1063,86,,51.19,9.3,,167,8.27,715.06,temperate,Temperate Broadleaf & Mixed Forests,,,0,20,,Haplic Luvisols,cropland,,,,bulk soil,,540,47,,,6371.657167,4256.657167,2115,,,,,,12.5,1.2,7.4,,17,80,3
1064,86,,51.19,9.3,,167,8.27,715.06,temperate,Temperate Broadleaf & Mixed Forests,,,0,20,,Haplic Luvisols,cropland,,,,bulk soil,,652,49,232,,7443.983004,5238.983004,2205,,,99.56,18.03,,12.46,1.24,7.4,,17,80,3
1065,86,,51.19,9.3,,167,8.27,715.06,temperate,Temperate Broadleaf & Mixed Forests,,,0,20,,Haplic Luvisols,cropland,,,,bulk soil,,575,46,202,,6654.494248,4584.494248,2070,,,71.04,16.04,,12.66,1.28,7.4,,17,80,3
1066,86,,51.19,9.3,,167,8.27,715.06,temperate,Temperate Broadleaf & Mixed Forests,,,0,20,,Haplic Luvisols,cropland,,,,bulk soil,,555,43,188,,6378.005493,4443.005493,1935,,,134.3,13.9,,12.56,1.27,7.4,,17,80,3
1067,86,,51.19,9.3,,167,8.27,715.06,temperate,Temperate Broadleaf & Mixed Forests,,,0,20,,Haplic Luvisols,cropland,,,,bulk soil,,539,40,177,,6137.516738,4337.516738,1800,,,136.37,15.66,,12.68,1.21,7.4,,17,80,3
1068,86,,51.19,9.3,,167,8.27,715.06,temperate,Temperate Broadleaf & Mixed Forests,,,0,20,,Haplic Luvisols,cropland,,,,bulk soil,,525,42,152,,6075.842575,4185.842575,1890,,,137.41,12.3,,12.59,1.13,7.4,,17,80,3
1069,86,,51.19,9.3,,167,8.27,715.06,temperate,Temperate Broadleaf & Mixed Forests,,,0,20,,Haplic Luvisols,cropland,,,,bulk soil,,539,40,174,,6137.516738,4337.516738,1800,,,179.93,10.85,,12.48,1.26,7.4,,17,80,3
1070,85,,46.467,-90.083,,,4.2,824.45,snow,Temperate Broadleaf & Mixed Forests,canopy trees,BA,0,15,,,forest,,,,bulk soil,,579.19,96.07,,,8302.601575,3979.451575,4323.15,4323.15,3979.25,,,31.03,,2.31,,,,,
1071,85,,46.467,-90.083,,,4.2,824.45,snow,Temperate Broadleaf & Mixed Forests,canopy trees,SM,0,15,,,forest,,,,bulk soil,,540.36,61,,,6825.178025,4080.178025,2745,2745,4080.05,,,27.96,,1.89,4.36,,,,
1072,85,,46.467,-90.083,,,4.2,824.45,snow,Temperate Broadleaf & Mixed Forests,canopy trees,HL,0,15,,,forest,,,,bulk soil,,494.01,39.81,,,5726.495783,3935.045783,1791.45,1791.45,3934.96,,,29.14,,1.75,4.74,,,,
1073,84,,52.83,-6.93,,54,9.57,1209.19,temperate,Temperate Broadleaf & Mixed Forests,tillage,reduced tillage,0,5,,haplic luvisol,cropland,,,,bulk soil,,,,,,4.73684211,3.07017544,1.66666667,,,,,,22.28,2.28070175,6,,20,58,22
1074,84,,52.83,-6.93,,54,9.57,1209.19,temperate,Temperate Broadleaf & Mixed Forests,tillage,conventional tillage,0,5,,haplic luvisol,cropland,,,,bulk soil,,,,,,3.60655738,2.54098361,1.06557377,,,,,,17.95,1.96721311,6,,5,23,72
1075,84,,52.83,-6.93,,54,9.57,1209.19,temperate,Temperate Broadleaf & Mixed Forests,tillage,reduced tillage,5,20,,haplic luvisol,cropland,,,,bulk soil,,,,,,3.57142857,2.46031746,1.11111111,,,,,,18.02,1.9047619,6,,5,23,72
1076,84,,52.83,-6.93,,54,9.57,1209.19,temperate,Temperate Broadleaf & Mixed Forests,tillage,conventional tillage,5,20,,haplic luvisol,cropland,,,,bulk soil,,,,,,3.98373984,2.76422764,1.2195122,,,,,,17.89,1.95121951,6,,5,23,72
1077,83,,43.3,124.48,,65,7.05,614.81,snow,Temperate Broadleaf & Mixed Forests,,,0,20,,Typic Hapludolls,cropland,,,,bulk soil,,712,45,251,,7855.33133,5830.33133,2025,,,,,,17.4,1.65,6.3,,27,50,23
1078,82,,43.36,124.4,,65,7.05,614.81,snow,Temperate Broadleaf & Mixed Forests,,,0,20,,Typic Hapludolls,cropland,,,,bulk soil,,31,9,23,,568.466266,163.466266,405,,,,,,22.8,1.5,6.1,,27,50,23
1079,82,,43.36,124.4,,65,7.05,614.81,snow,Temperate Broadleaf & Mixed Forests,,,0,20,,Typic Hapludolls,cropland,,,,bulk soil,,39,9,26,,640.466266,235.466266,405,,,,,,22.52,1.5,6.1,,27,50,23
1080,82,,43.36,124.4,,65,7.05,614.81,snow,Temperate Broadleaf & Mixed Forests,,,0,20,,Typic Hapludolls,cropland,,,,bulk soil,,70,13,26,,1048.11794,463.1179397,585,,,,,,21.21,1.5,6.1,,27,50,23
1081,82,,43.36,124.4,,65,7.05,614.81,snow,Temperate Broadleaf & Mixed Forests,,,0,20,,Typic Hapludolls,cropland,,,,bulk soil,,91,12,26,,1204.955021,664.9550213,540,,,,,,20.34,1.5,6.1,,27,50,23
1082,82,,43.36,124.4,,65,7.05,614.81,snow,Temperate Broadleaf & Mixed Forests,,,0,20,,Typic Hapludolls,cropland,,,,bulk soil,,69,11,39,,974.7921029,479.7921029,495,,,,,,20,1.5,6.1,,27,50,23
1083,82,,43.36,124.4,,65,7.05,614.81,snow,Temperate Broadleaf & Mixed Forests,,,0,20,,Typic Hapludolls,cropland,,,,bulk soil,,47,10,52,,744.6291844,294.6291844,450,,,,,,19.87,1.5,6.1,,27,50,23
1084,82,,43.36,124.4,,65,7.05,614.81,snow,Temperate Broadleaf & Mixed Forests,,,0,20,,Typic Hapludolls,cropland,,,,bulk soil,,45,9,55,,694.466266,289.466266,405,,,,,,19.49,1.5,6.1,,27,50,23
1085,82,,43.36,124.4,,65,7.05,614.81,snow,Temperate Broadleaf & Mixed Forests,,,0,20,,Typic Hapludolls,cropland,,,,bulk soil,,47,6,52,,615.9775106,345.9775106,270,,,,,,18.88,1.5,6.1,,27,50,23
1086,81,,-21.23,-48.28,,550,21.85,1262.51,equatorial,"Tropical & Subtropical Grasslands, Savannas & Shrublands",rotation,Soybean-corn rotation,0,5,,Oxisol,cropland,,,,bulk soil,,190.252,11.1138,,,2069.720243,1569.599243,500.121,,,,,,17.65,1.42994,6,,,,
1087,81,,-21.23,-48.28,,550,21.85,1262.51,equatorial,"Tropical & Subtropical Grasslands, Savannas & Shrublands",rotation,Continuous corn,0,5,,Oxisol,cropland,,,,bulk soil,,188.679,11.3149,,,2062.031206,1552.860706,509.1705,,,,,,17.57,1.31647,,,55.6,6.3,38.13
1088,81,,-21.23,-48.28,,550,21.85,1262.51,equatorial,"Tropical & Subtropical Grasslands, Savannas & Shrublands",rotation,Corn,0,5,,Oxisol,cropland,,,,bulk soil,,168.239,9.81834,,,1829.937469,1388.112169,441.8253,,,,,,16.19,1.22916,,,55.6,6.3,38.13
1089,81,,-21.23,-48.28,,550,21.85,1262.51,equatorial,"Tropical & Subtropical Grasslands, Savannas & Shrublands",rotation,Millet,0,5,,Oxisol,cropland,,,,bulk soil,,194.969,11.6308,,,2128.801472,1605.415472,523.386,,,,,,18.2,1.42873,,,55.6,6.3,38.13
1090,81,,-21.23,-48.28,,550,21.85,1262.51,equatorial,"Tropical & Subtropical Grasslands, Savannas & Shrublands",rotation,Sorghum,0,5,,Oxisol,cropland,,,,bulk soil,,179.245,11.0699,,,1969.245291,1471.099791,498.1455,,,,,,17.72,1.37273,,,55.6,6.3,38.13
1091,81,,-21.23,-48.28,,550,21.85,1262.51,equatorial,"Tropical & Subtropical Grasslands, Savannas & Shrublands",rotation,Pigeon pea,0,5,,Oxisol,cropland,,,,bulk soil,,238.994,13.6412,,,2589.686803,1975.832803,613.854,,,,,,19.46,1.52576,,,55.6,6.3,38.13
1092,81,,-21.23,-48.28,,550,21.85,1262.51,equatorial,"Tropical & Subtropical Grasslands, Savannas & Shrublands",rotation,Sunn hemp,0,5,,Oxisol,cropland,,,,bulk soil,,194.969,12.7958,,,2166.271272,1590.460272,575.811,,,,,,18.03,1.37695,,,55.6,6.3,38.13
1093,81,,-21.23,-48.28,,550,21.85,1262.51,equatorial,"Tropical & Subtropical Grasslands, Savannas & Shrublands",rotation,Sunflower,0,5,,Oxisol,cropland,,,,bulk soil,,172.956,9.67122,,,1867.65866,1432.45376,435.2049,,,,,,16.47,1.32095,,,55.6,6.3,38.13
1094,81,,-21.23,-48.28,,550,21.85,1262.51,equatorial,"Tropical & Subtropical Grasslands, Savannas & Shrublands",rotation,Oilseed radish,0,5,,Oxisol,cropland,,,,bulk soil,,166.667,10.1546,,,1826.604572,1369.647572,456.957,,,,,,17.17,1.42761,,,55.6,6.3,38.13
1095,80,,50.617,3.567,,,10.09,760.28,temperate,Temperate Broadleaf & Mixed Forests,tillage,no till,0,10,,,cropland,,,,bulk soil,,677.56,165.06,,,11406.85132,3979.151318,7427.7,7427.61,3978.82,,,14.9,,1.52,,,7.7,,
1096,80,,50.617,3.567,,,10.09,760.28,temperate,Temperate Broadleaf & Mixed Forests,tillage,Conventional till,0,10,,,cropland,,,,bulk soil,,534.91,131.14,,,9032.035124,3130.735124,5901.3,5901.3,3130.45,,,11.1,,1.2,,,15.4,,
1097,79,,42.683,-88.067,,,8.61,831.47,snow,Temperate Broadleaf & Mixed Forests,,,0,10,,,cropland,,,,bulk soil,,621.6,30.2,,,6565.720137,5206.720137,1359,1359,5206.66,,,23.3,,2.3,3.73,,,,
1098,79,,42.683,-88.067,,,8.61,831.47,snow,Temperate Broadleaf & Mixed Forests,,,0,10,,,grassland,,,,bulk soil,,523.5,28.7,,,5634.575759,4343.075759,1291.5,1291.5,4343.01,,,14.9,,1.4,6.76,,16.8,,
1099,79,,42.683,-88.067,,,8.61,831.47,snow,Temperate Broadleaf & Mixed Forests,,,0,10,,,grassland,,,,bulk soil,,506.3,31.7,,,5576.264515,4149.764515,1426.5,1426.5,4149.7,,,20.3,,1.9,6.41,,18.2,,
1100,78,,44.09,7.55,,1609,9.42,883.45,temperate,"Mediterranean Forests, Woodlands & Scrub",,,0,10,,,forest,,,,bulk soil,,781,69,347,18,9248.241372,6143.241372,3105,,,1613.63,114.61,11.31,11.31,,,,29.3,,
1101,78,,44.09,7.55,,1312,9.42,883.45,temperate,"Mediterranean Forests, Woodlands & Scrub",,,0,10,,,forest,,,,bulk soil,,968,114,553,41,12378.5727,7248.572702,5130,,,1173.93,79.87,8.23,8.23,,,,,,
1102,78,,44.09,7.55,,1321,9.42,883.45,temperate,"Mediterranean Forests, Woodlands & Scrub",,,0,10,,,forest,,,,bulk soil,,918,105,315,27,11639.10644,6914.106436,4725,,,1143.76,93.2,8.02,8.02,,,,,,
1103,78,,44.09,7.55,,1609,9.42,883.45,temperate,"Mediterranean Forests, Woodlands & Scrub",,,0,10,,,forest,,,,bulk soil,,511,27,146,14,5467.398798,4252.398798,1215,,,2258.57,121.63,15.83,15.83,,,,,,
1104,78,,44.09,7.55,,1321,9.42,883.45,temperate,"Mediterranean Forests, Woodlands & Scrub",,,0,10,,,forest,,,,bulk soil,,703,46,256,18,7806.494248,5736.494248,2070,,,2886.78,153.34,20.23,20.23,,,,,,
1105,78,,44.09,7.55,,1609,9.42,883.45,temperate,"Mediterranean Forests, Woodlands & Scrub",,,0,10,,,forest,,,,bulk soil,,872,110,283,27,11385.92103,6435.921029,4950,,,1989.61,99.88,13.94,13.94,,,,,,
1106,78,,44.09,7.55,,1312,9.42,883.45,temperate,"Mediterranean Forests, Woodlands & Scrub",,,0,10,,,forest,,,,bulk soil,,963,96,260,23,11754.64017,7434.64017,4320,,,1716.13,74.93,12.03,12.03,,,,,,
1107,78,,44.09,7.55,,1321,9.42,883.45,temperate,"Mediterranean Forests, Woodlands & Scrub",,,0,10,,,forest,,,,bulk soil,,767,46,247,18,8382.494248,6312.494248,2070,,,1371.44,318.82,9.61,9.61,,,,,,
1108,78,,44.09,7.55,,1312,9.42,883.45,temperate,"Mediterranean Forests, Woodlands & Scrub",,,0,10,,,forest,,,,bulk soil,,781,46,178,18,8508.494248,6438.494248,2070,,,373.02,28.25,26.14,26.14,,,,,,
1109,78,,44.09,7.55,,1321,9.42,883.45,temperate,"Mediterranean Forests, Woodlands & Scrub",,,0,10,,,forest,,,,bulk soil,,904,132,260,32,12381.50523,6441.505234,5940,,,283.56,25.55,19.87,19.87,,,,,,
1110,78,,44.09,7.55,,1609,9.42,883.45,temperate,"Mediterranean Forests, Woodlands & Scrub",,,0,10,,,forest,,,,bulk soil,,502,110,164,23,8055.921029,3105.921029,4950,,,1208.37,144.79,8.47,8.47,,,,,,
1111,78,,44.09,7.55,,1312,9.42,883.45,temperate,"Mediterranean Forests, Woodlands & Scrub",,,0,10,,,forest,,,,bulk soil,,708,46,174,9,7851.494248,5781.494248,2070,,,1285.08,134.38,9.01,9.01,,,,,,
1112,77,"aggregates as density fractions, not size",49.52,10.27,,390,9.68,659.91,temperate,Temperate Broadleaf & Mixed Forests,substrate,Control-bulk soil,0,2.5,,Cambisols,forest,,,,bulk soil,,274,32.8,,,3520.943725,2044.943725,1476,,,,,,27.2,,7.58696,,5,9,86
1113,77,"aggregates as density fractions, not size",49.52,10.27,,390,9.68,659.91,temperate,Temperate Broadleaf & Mixed Forests,substrate,Control-Siol density fractions-1.65,0,2.5,,Cambisols,forest,,,,aggregate,<1.65g/cm3,54,3.5,,,598.5702145,441.0702145,157.5,,,,,,8.6,,3.9,,7,13,80
1114,77,"aggregates as density fractions, not size",49.52,10.27,,390,9.68,659.91,temperate,Temperate Broadleaf & Mixed Forests,substrate,Control-Siol density fractions-1 .65-1.85,0,2.5,,Cambisols,forest,,,,aggregate,1.65-1.85g/cm3,34,1.9,,,367.109545,281.609545,85.5,,,,,,4.9,,3.9,,7,13,80
1115,77,"aggregates as density fractions, not size",49.52,10.27,,390,9.68,659.91,temperate,Temperate Broadleaf & Mixed Forests,substrate,Control-Siol density fractions-1.85-2.4,0,2.5,,Cambisols,forest,,,,aggregate,1.85-2.40g/cm3,83,7.8,,,997.8707638,646.8707638,351,,,,,,9,,3.9,,7,13,80
1116,77,"aggregates as density fractions, not size",49.52,10.27,,390,9.68,659.91,temperate,Temperate Broadleaf & Mixed Forests,substrate,Control-Siol density fractions-2.4-2.65,0,2.5,,Cambisols,forest,,,,aggregate,2.40-2.65g/cm3,39,6.2,,,550.4100943,271.4100943,279,,,,,,2.5,,3.9,,7,13,80
1117,77,"aggregates as density fractions, not size",49.52,10.27,,390,9.68,659.91,temperate,Temperate Broadleaf & Mixed Forests,substrate,Beech leavesl-bulk soil,0,2.5,,Cambisols,forest,,,,bulk soil,,280,38.4,,,3755.056068,2027.056068,1728,,,,,,27.2,,3.9,,7,13,80
1118,77,"aggregates as density fractions, not size",49.52,10.27,,390,9.68,659.91,temperate,Temperate Broadleaf & Mixed Forests,substrate,Beech leaves-Siol density fractions-1.65,0,2.5,,Cambisols,forest,,,,aggregate,<1.65g/cm3,55,4.3,,,633.3005493,439.8005493,193.5,,,,,,8.6,,3.9,,7,13,80
1119,77,"aggregates as density fractions, not size",49.52,10.27,,390,9.68,659.91,temperate,Temperate Broadleaf & Mixed Forests,substrate,Beech leaves-Siol density fractions-1 .65-1.85,0,2.5,,Cambisols,forest,,,,aggregate,1.65-1.85g/cm3,43,3.7,,,506.0027982,339.5027982,166.5,,,,,,4.9,,3.9,,7,13,80
1120,77,"aggregates as density fractions, not size",49.52,10.27,,390,9.68,659.91,temperate,Temperate Broadleaf & Mixed Forests,substrate,Beech leaves-Siol density fractions-1.85-2.4,0,2.5,,Cambisols,forest,,,,aggregate,1.85-2.40g/cm3,75,6.8,,,893.7078454,587.7078454,306,,,,,,9,,3.9,,7,13,80
1121,77,"aggregates as density fractions, not size",49.52,10.27,,390,9.68,659.91,temperate,Temperate Broadleaf & Mixed Forests,substrate,Beech leaves-Siol density fractions-2.4-2.65,0,2.5,,Cambisols,forest,,,,aggregate,2.40-2.65g/cm3,36,4.9,,,481.5983004,261.0983004,220.5,,,,,,2.5,,3.9,,7,13,80
1122,77,"aggregates as density fractions, not size",49.52,10.27,,390,9.68,659.91,temperate,Temperate Broadleaf & Mixed Forests,substrate,Glycine-bulk soil,0,2.5,,Cambisols,forest,,,,bulk soil,,243,29,,,3119.724635,1814.724635,1305,,,,,,27.2,,3.9,,7,13,80
1123,77,"aggregates as density fractions, not size",49.52,10.27,,390,9.68,659.91,temperate,Temperate Broadleaf & Mixed Forests,substrate,Glycine-Siol density fractions-1.65,0,2.5,,Cambisols,forest,,,,aggregate,<1.65g/cm3,46,2.6,,,497.6235879,380.6235879,117,,,,,,8.6,,3.9,,7,13,80
1124,77,"aggregates as density fractions, not size",49.52,10.27,,390,9.68,659.91,temperate,Temperate Broadleaf & Mixed Forests,substrate,Glycine-Siol density fractions-1 .65-1.85,0,2.5,,Cambisols,forest,,,,aggregate,1.65-1.85g/cm3,37,3,,,429.4887553,294.4887553,135,,,,,,4.9,,3.9,,7,13,80
1125,77,"aggregates as density fractions, not size",49.52,10.27,,390,9.68,659.91,temperate,Temperate Broadleaf & Mixed Forests,substrate,Glycine-Siol density fractions-1.85-2.4,0,2.5,,Cambisols,forest,,,,aggregate,1.85-2.40g/cm3,67,6.4,,,808.842678,520.842678,288,,,,,,9,,3.9,,7,13,80
1126,77,"aggregates as density fractions, not size",49.52,10.27,,390,9.68,659.91,temperate,Temperate Broadleaf & Mixed Forests,substrate,Glycine-Siol density fractions-2.4-2.65,0,2.5,,Cambisols,forest,,,,aggregate,2.40-2.65g/cm3,37,5.5,,,509.8960514,262.3960514,247.5,,,,,,2.5,,3.9,,7,13,80
1127,77,"aggregates as density fractions, not size",49.52,10.27,,390,9.68,659.91,temperate,Temperate Broadleaf & Mixed Forests,substrate,Glycine-bulk soil,0,2.5,,Cambisols,forest,,,,bulk soil,,271,35.1,,,3567.918437,1988.418437,1579.5,,,,,,27.2,,3.9,,7,13,80
1128,77,"aggregates as density fractions, not size",49.52,10.27,,390,9.68,659.91,temperate,Temperate Broadleaf & Mixed Forests,substrate,Glycine-Siol density fractions-1.66,0,2.5,,Cambisols,forest,,,,aggregate,<1.65g/cm3,44,4.3,,,534.3005493,340.8005493,193.5,,,,,,8.6,,3.9,,7,13,80
1129,77,"aggregates as density fractions, not size",49.52,10.27,,390,9.68,659.91,temperate,Temperate Broadleaf & Mixed Forests,substrate,Glycine-Siol density fractions-1 .65-1.86,0,2.5,,Cambisols,forest,,,,aggregate,1.65-1.85g/cm3,33,3.2,,,399.921339,255.921339,144,,,,,,4.9,,3.9,,7,13,80
1130,77,"aggregates as density fractions, not size",49.52,10.27,,390,9.68,659.91,temperate,Temperate Broadleaf & Mixed Forests,substrate,Glycine-Siol density fractions-1.85-2.5,0,2.5,,Cambisols,forest,,,,aggregate,1.85-2.40g/cm3,87,8.1,,,1043.519639,679.0196394,364.5,,,,,,9,,3.9,,7,13,80
1131,77,"aggregates as density fractions, not size",49.52,10.27,,390,9.68,659.91,temperate,Temperate Broadleaf & Mixed Forests,substrate,Glycine-Siol density fractions-2.4-2.66,0,2.5,,Cambisols,forest,,,,aggregate,2.40-2.65g/cm3,34,5.5,,,482.8960514,235.3960514,247.5,,,,,,2.5,,3.9,,7,13,80
1132,76,,47.43,126.63,,,1.97,543.87,snow,Temperate Broadleaf & Mixed Forests,,,0,20,,Udolls,cropland,,,,aggregate,>2mm,1322.92,114.583,,,15591.60368,10435.36868,5156.235,,,,,,26.4,2.08,,,37,28,35
1133,76,,47.43,126.63,,,1.97,543.87,snow,Temperate Broadleaf & Mixed Forests,,,0,20,,Udolls,cropland,,,,aggregate,0.250-2mm,1437.5,125.694,,,16980.18587,11323.95587,5656.23,,,,,,26.4,2.08,5.84,,,,
1134,76,,47.43,126.63,,,1.97,543.87,snow,Temperate Broadleaf & Mixed Forests,,,0,20,,Udolls,cropland,,,,aggregate,0.053-0.250mm,1572.92,136.806,,,18556.36022,12400.09022,6156.27,,,,,,26.4,2.08,5.84,,,,
1135,76,,47.43,126.63,,,1.97,543.87,snow,Temperate Broadleaf & Mixed Forests,,,0,20,,Udolls,cropland,,,,aggregate,<0.053mm,1666.67,140.972,,,19534.10094,13190.36094,6343.74,,,,,,26.4,2.08,5.84,,,,
1136,76,,47.43,126.63,,,1.97,543.87,snow,Temperate Broadleaf & Mixed Forests,,,0,20,,Udolls,cropland,,,,aggregate,>2mm,1145.83,102.083,,,13595.7572,9002.022203,4593.735,,,,,,28.8,2.2,5.84,,,,
1137,76,,47.43,126.63,,,1.97,543.87,snow,Temperate Broadleaf & Mixed Forests,,,0,20,,Udolls,cropland,,,,aggregate,0.250-2mm,1250,115.278,,,14957.67691,9770.166912,5187.51,,,,,,28.8,2.2,5.94,,,,
1138,76,,47.43,126.63,,,1.97,543.87,snow,Temperate Broadleaf & Mixed Forests,,,0,20,,Udolls,cropland,,,,aggregate,0.053-0.250mm,1395.83,124.306,,,16560.51374,10966.74374,5593.77,,,,,,28.8,2.2,5.94,,,,
1139,76,,47.43,126.63,,,1.97,543.87,snow,Temperate Broadleaf & Mixed Forests,,,0,20,,Udolls,cropland,,,,aggregate,<0.053mm,1427.08,122.917,,,16797.08945,11265.82445,5531.265,,,,,,28.8,2.2,5.94,,,,
1140,76,,47.43,126.63,,,1.97,543.87,snow,Temperate Broadleaf & Mixed Forests,,,0,20,,Udolls,cropland,,,,aggregate,>2mm,1187.5,103.472,,,14015.4615,9359.221497,4656.24,,,,,,29.4,2.34,5.94,,,,
1141,76,,47.43,126.63,,,1.97,543.87,snow,Temperate Broadleaf & Mixed Forests,,,0,20,,Udolls,cropland,,,,aggregate,0.250-2mm,1281.25,113.194,,,15171.89939,10078.16939,5093.73,,,,,,29.4,2.34,6.03,,,,
1142,76,,47.43,126.63,,,1.97,543.87,snow,Temperate Broadleaf & Mixed Forests,,,0,20,,Udolls,cropland,,,,aggregate,0.053-0.250mm,1270.83,115.972,,,15167.46798,9948.727977,5218.74,,,,,,29.4,2.34,6.03,,,,
1143,76,,47.43,126.63,,,1.97,543.87,snow,Temperate Broadleaf & Mixed Forests,,,0,20,,Udolls,cropland,,,,aggregate,<0.053mm,1260.42,120.139,,,15207.80086,9801.545859,5406.255,,,,,,29.4,2.34,6.03,,,,
1144,76,,47.43,126.63,,,1.97,543.87,snow,Temperate Broadleaf & Mixed Forests,,,0,20,,Udolls,cropland,,,,aggregate,>2mm,802.083,84.7222,,,9943.660209,6131.161209,3812.499,,,,,,30.2,2.61,6.03,,,,
1145,76,,47.43,126.63,,,1.97,543.87,snow,Temperate Broadleaf & Mixed Forests,,,0,20,,Udolls,cropland,,,,aggregate,0.250-2mm,885.417,90.9722,,,10894.68445,6800.935449,4093.749,,,,,,30.2,2.61,6.13,,,,
1146,76,,47.43,126.63,,,1.97,543.87,snow,Temperate Broadleaf & Mixed Forests,,,0,20,,Udolls,cropland,,,,aggregate,0.053-0.250mm,864.583,80.5556,,,10372.15019,6747.148193,3625.002,,,,,,30.2,2.61,6.13,,,,
1147,76,,47.43,126.63,,,1.97,543.87,snow,Temperate Broadleaf & Mixed Forests,,,0,20,,Udolls,cropland,,,,aggregate,<0.053mm,843.75,81.9444,,,10229.32105,6541.823054,3687.498,,,,,,30.2,2.61,6.13,,,,
1148,75,,51.24,9.25,,132,8.27,715.06,temperate,Temperate Broadleaf & Mixed Forests,,,43961,,,Colluvic Cambisols,cropland,,,,bulk soil,,560,39,,,6294.353819,4539.353819,1755,,,207.5,59.1,,12.79,1.18,7.7,,19,79,2
1149,75,,51.24,9.25,,132,8.27,715.06,temperate,Temperate Broadleaf & Mixed Forests,,,40,50,,Colluvic Cambisols,cropland,,,,bulk soil,,625,44,,,7040.168411,5060.168411,1980,,,54.7,12.9,,7.95,0.71,7.9,,21,77,2
1150,75,,51.24,9.25,,132,8.27,715.06,temperate,Temperate Broadleaf & Mixed Forests,,,50,60,,Colluvic Cambisols,cropland,,,,bulk soil,,583,41,,,6565.679656,4720.679656,1845,,,56.7,10.8,,8.27,0.74,7.9,,23,76,1
1151,75,,51.24,9.25,,132,8.27,715.06,temperate,Temperate Broadleaf & Mixed Forests,,,75,85,,Colluvic Cambisols,cropland,,,,bulk soil,,494,34,,,5539.539227,4009.539227,1530,,,36.4,6.7,,10.11,0.71,7.9,,30,69,1
1152,75,,51.24,9.25,,132,8.27,715.06,temperate,Temperate Broadleaf & Mixed Forests,,,43961,,,Haplic Luvisols,cropland,,,,bulk soil,,417,29,,,4685.724635,3380.724635,1305,,,151.9,45.2,,11.52,1.09,7.4,,20,78,2
1153,75,,51.24,9.25,,132,8.27,715.06,temperate,Temperate Broadleaf & Mixed Forests,,,40,50,,Haplic Luvisols,cropland,,,,bulk soil,,338,24,,,3813.910043,2733.910043,1080,,,46.2,6.3,,4.24,0.37,7.4,,29,70,2
1154,75,,51.24,9.25,,132,8.27,715.06,temperate,Temperate Broadleaf & Mixed Forests,,,50,60,,Haplic Luvisols,cropland,,,,bulk soil,,287,20,,,3226.258369,2326.258369,900,,,34.4,4.6,,3.69,0.32,7.6,,28,70,2
1155,75,,51.24,9.25,,132,8.27,715.06,temperate,Temperate Broadleaf & Mixed Forests,,,75,85,,Haplic Luvisols,cropland,,,,bulk soil,,217,15,,,2435.443777,1760.443777,675,,,27.3,3.2,,2.84,0.25,7.6,,25,73,1
1156,74,,23.167,112.167,,,20.99,1653.52,temperate,Tropical & Subtropical Moist Broadleaf Forests,fertilizer,control,0,10,,oxisols,forest,,Evergreen broadleaved forest,,bulk soil,,1372.18,119.6,480.24,,16196.30505,10814.30505,5382,,,,,37.77,,2.54,3.91,,29.3,32.9,37.8
1157,74,,23.167,112.167,,,20.99,1653.52,temperate,Tropical & Subtropical Moist Broadleaf Forests,fertilizer,low-N,0,10,,oxisols,forest,,Evergreen broadleaved forest,,bulk soil,,1365.85,108.53,450.88,,15783.29154,10899.44154,4883.85,,,,,47.57,,3.21,3.81,,29.3,32.9,37.8
1158,74,,23.167,112.167,,,20.99,1653.52,temperate,Tropical & Subtropical Moist Broadleaf Forests,fertilizer,medium-N,0,10,,oxisols,forest,,Evergreen broadleaved forest,,bulk soil,,1411.9,128.69,526.36,,16846.14597,11055.09597,5791.05,,,,,47.38,,3.28,3.77,,29.3,32.9,37.8
1159,74,,23.167,112.167,,,20.99,1653.52,temperate,Tropical & Subtropical Moist Broadleaf Forests,fertilizer,high-N,0,10,,oxisols,forest,,Evergreen broadleaved forest,,bulk soil,,1040.69,130.67,462.94,,13568.93855,7688.788553,5880.15,,,,,47.92,,3.31,3.75,,29.3,32.9,37.8
1160,73,,55.41,12.16,,18,7.71,570.64,temperate,Temperate Broadleaf & Mixed Forests,,,0,20,,Luvisols,cropland,,,,bulk soil,,987,64,449,,10941.42678,8061.42678,2880,,,,,,15.4,1.6,,,12.6,14.3,69.8
1161,73,,55.41,12.16,,18,7.71,570.64,temperate,Temperate Broadleaf & Mixed Forests,,,0,20,,Luvisols,cropland,,,,bulk soil,,1127,83,490,,12812.52223,9077.522231,3735,,,,,,20.4,2.1,,,12.6,14.3,69.8
1162,73,,55.41,12.16,,18,7.71,570.64,temperate,Temperate Broadleaf & Mixed Forests,,,0,20,,Luvisols,cropland,,,,bulk soil,,1097,94,609,,12896.31433,8666.314333,4230,,,,,,24.8,2.5,,,12.6,14.3,69.8
1163,73,,55.41,12.16,,18,7.71,570.64,temperate,Temperate Broadleaf & Mixed Forests,,,0,20,,Luvisols,cropland,,,,bulk soil,,1250,93,658,,14241.15142,10056.15142,4185,,,,,,21.8,2.1,,,12.6,14.3,69.8
1164,72,,37.44,-119.34,,1200,5.66,799.29,temperate,Temperate Conifer Forests,,Pinus ponderosa-basalt,6,18.7,,Ultic Haploxeralfs,forest,,,,bulk soil,,1256.95,78.7,,,13843.77168,10302.27168,3541.5,,,,,,42.5,3.08,4.55,,9.9,80.2,9.9
1165,72,,37.44,-119.34,,1800,5.66,799.29,temperate,Temperate Conifer Forests,,Abies concolor-basalt,6,18.7,,Humic Dystroxerepts,forest,,,,bulk soil,,567.518,78.8201,,,7642.746448,4095.841948,3546.9045,,,,,,81.18,,,,29.3,33,37.8
1166,72,,37.44,-119.34,,2350,5.66,799.29,temperate,Temperate Conifer Forests,,Abies magnifica-basalt,6,18.7,,Dystric Xeropsamments,forest,,,,bulk soil,,343.02,76.3454,,,5542.670874,2107.127874,3435.543,,,,,,28.57,,6.2,,26.8,,
1167,72,,37.44,-119.34,,1200,5.66,799.29,temperate,Temperate Conifer Forests,,Pinus ponderosa-granite,6,18.7,,Ultic Haploxeralfs,forest,,,,bulk soil,,543.873,39.3202,,,6159.509386,4390.100386,1769.409,,,,,,41.25,,6.5,,6.3,,
1168,72,,37.44,-119.34,,1800,5.66,799.29,temperate,Temperate Conifer Forests,,Abies concolor-granite,6,18.7,,Humic Dystroxerepts,forest,,,,bulk soil,,821.045,57.9602,,,9253.574185,6645.365185,2608.209,,,,,,52.17,,5.8,,6.7,,
1169,72,,37.44,-119.34,,2350,5.66,799.29,temperate,Temperate Conifer Forests,,Abies magnifica-granite,6,18.7,,Dystric Xeropsamments,forest,,,,bulk soil,,413.251,59.1468,,,5621.592704,2959.986704,2661.606,,,,,,35.98,,5.4,,14,,
1170,72,,37.44,-119.34,,1200,5.66,799.29,temperate,Temperate Conifer Forests,,Pinus ponderosa-andesite,6,18.7,,Ultic Haploxeralfs,forest,,,,bulk soil,,378.975,37.9739,,,4632.126449,2923.300949,1708.8255,,,,,,24.52,,6,,7.7,,
1171,72,,37.44,-119.34,,1800,5.66,799.29,temperate,Temperate Conifer Forests,,Abies concolor-andesite,6,18.7,,Humic Dystroxerepts,forest,,,,bulk soil,,1136.83,103.362,,,13555.89358,8904.603576,4651.29,,,,,,120.33,,5.5,,8.7,,
1172,72,,37.44,-119.34,,2350,5.66,799.29,temperate,Temperate Conifer Forests,,Abies magnifica-andesite,6,18.7,,Dystric Xeropsamments,forest,,,,bulk soil,,1209.74,106.986,,,14328.64199,9514.271992,4814.37,,,,,,89.7,,6,,25.4,,
1173,72,,37.44,-119.34,,1200,5.66,799.29,temperate,Temperate Conifer Forests,,Pinus ponderosa-basalt,17,38,,Ultic Haploxeralfs,forest,,,,bulk soil,,732.786,57.3583,,,8439.884325,5858.760825,2581.1235,,,,,,66.83,,5.8,,9.4,,
1174,72,,37.44,-119.34,,1800,5.66,799.29,temperate,Temperate Conifer Forests,,Abies concolor-basalt,17,38,,Humic Dystroxerepts,forest,,,,bulk soil,,477.937,,,,,,,,,,,,14.53,,5.5,,7.7,,
1175,72,,37.44,-119.34,,2350,5.66,799.29,temperate,Temperate Conifer Forests,,Abies magnifica-basalt,17,38,,Dystric Xeropsamments,forest,,,,bulk soil,,591.404,69.2308,,,7549.300574,4433.914574,3115.386,,,,,,23.43,,6.2,,26.8,,
1176,72,,37.44,-119.34,,1200,5.66,799.29,temperate,Temperate Conifer Forests,,Pinus ponderosa-granite,17,38,,Ultic Haploxeralfs,forest,,,,bulk soil,,642.98,73.6842,,,8156.718915,4840.929915,3315.789,,,,,,18.28,,6.5,,6.3,,
1177,72,,37.44,-119.34,,1800,5.66,799.29,temperate,Temperate Conifer Forests,,Abies concolor-granite,17,38,,Humic Dystroxerepts,forest,,,,bulk soil,,75.6447,8.09717,,,941.2309183,576.8582683,364.37265,,,,,,49.48,,5.8,,6.7,,
1178,72,,37.44,-119.34,,2350,5.66,799.29,temperate,Temperate Conifer Forests,,Abies magnifica-granite,17,38,,Dystric Xeropsamments,forest,,,,bulk soil,,140.974,15.3846,,,1763.579635,1071.272635,692.307,,,,,,10.16,,5.4,,14,,
1179,72,,37.44,-119.34,,1200,5.66,799.29,temperate,Temperate Conifer Forests,,Pinus ponderosa-andesite,17,38,,Ultic Haploxeralfs,forest,,,,bulk soil,,110.029,10.1215,,,1315.797979,860.330479,455.4675,,,,,,10.2,,6,,7.7,,
1180,72,,37.44,-119.34,,1800,5.66,799.29,temperate,Temperate Conifer Forests,,Abies concolor-andesite,17,38,,Humic Dystroxerepts,forest,,,,bulk soil,,391.977,29.9595,,,4491.377955,3143.200455,1348.1775,,,,,,25.61,,5.5,,8.7,,
1181,72,,37.44,-119.34,,2350,5.66,799.29,temperate,Temperate Conifer Forests,,Abies magnifica-andesite,17,38,,Dystric Xeropsamments,forest,,,,bulk soil,,1103.72,79.3522,,,12485.67834,8914.829337,3570.849,,,,,,64.35,,6,,25.4,,
1182,71,"MNC is 0, but verified in primary literature",23.11,112.34,,125,20.99,1653.52,temperate,Tropical & Subtropical Moist Broadleaf Forests,,,,,O horizon,,forest,,,,bulk soil,,3900,0,290,,35100,35100,0,,,,,497.2,,,,,7.7,,
1183,71,,23.11,112.33,,125,20.99,1653.52,temperate,Tropical & Subtropical Moist Broadleaf Forests,,,,,O horizon,,forest,,,,bulk soil,,2800,7,160,,25425.14043,25110.14043,315,,,,,491.2,,,3.55,,29.3,,
1184,71,,23.11,112.33,,125,20.99,1653.52,temperate,Tropical & Subtropical Moist Broadleaf Forests,,,,,O horizon,,forest,,,,bulk soil,,2800,20,540,,25843.25837,24943.25837,900,,,,,173.9,,,3.55,,29.3,,
1185,71,,23.11,112.34,,125,20.99,1653.52,temperate,Tropical & Subtropical Moist Broadleaf Forests,,,0,10,,,forest,,,,bulk soil,,691,59,237,,8116.612188,5461.612188,2655,,,,,21.6,,,3.55,,29.3,,
1186,71,,23.11,112.33,,125,20.99,1653.52,temperate,Tropical & Subtropical Moist Broadleaf Forests,,,10,20,,,forest,,,,bulk soil,,266,34,103,,3487.539227,1957.539227,1530,,,,,7.4,,,,,29.3,,
1187,71,,23.11,112.33,,125,20.99,1653.52,temperate,Tropical & Subtropical Moist Broadleaf Forests,,,20,40,,,forest,,,,bulk soil,,198,24,84,,2553.910043,1473.910043,1080,,,,,5.8,,,,,29.3,,
1188,71,,23.11,112.34,,125,20.99,1653.52,temperate,Tropical & Subtropical Moist Broadleaf Forests,,,0,10,,,forest,,,,bulk soil,,1114,120,335,,13885.55021,8485.550213,5400,,,,,25,,,,,29.3,,
1189,71,,23.11,112.33,,125,20.99,1653.52,temperate,Tropical & Subtropical Moist Broadleaf Forests,,,10,20,,,forest,,,,bulk soil,,489,86,166,,7167.010986,3297.010986,3870,,,,,10,,,,,29.3,,
1190,71,,23.11,112.33,,125,20.99,1653.52,temperate,Tropical & Subtropical Moist Broadleaf Forests,,,20,40,,,forest,,,,bulk soil,,232,39,84,,3342.353819,1587.353819,1755,,,,,6.1,,,,,29.3,,
1191,71,,23.11,112.34,,125,20.99,1653.52,temperate,Tropical & Subtropical Moist Broadleaf Forests,,,0,10,,,forest,,,,bulk soil,,1457,215,508,,20028.02746,10353.02746,9675,,,,,39.1,,,,,29.3,,
1192,71,,23.11,112.33,,125,20.99,1653.52,temperate,Tropical & Subtropical Moist Broadleaf Forests,,,10,20,,,forest,,,,bulk soil,,679,162,222,,11321.39279,4031.392787,7290,,,,,15.2,,,,,29.3,,
1193,71,,23.11,112.33,,125,20.99,1653.52,temperate,Tropical & Subtropical Moist Broadleaf Forests,,,20,40,,,forest,,,,bulk soil,,471,127,170,,8323.690642,2608.690642,5715,,,,,13.3,,,,,29.3,,
1194,70,,34.66,102.52,,3009,0.55,565.14,snow,Montane Grasslands & Shrublands,,,0,20,,,grassland,,,,bulk soil,,1688,88,1191,,18022.33682,14062.33682,3960,,,,,,45.5,3.2,,,,,
1195,70,,34.66,102.52,,3009,0.55,565.14,snow,Montane Grasslands & Shrublands,,,0,20,,,cropland,,,,bulk soil,,1172,18,523,,11126.93253,10316.93253,810,,,,,,33.4,2.2,,,,,
1196,70,,34.66,102.52,,3009,0.55,565.14,snow,Montane Grasslands & Shrublands,,,0,20,,,cropland,,,,bulk soil,,1184,35,535,,11781.70215,10206.70215,1575,,,,,,33.1,2.2,,,,,
1197,70,,34.59,102.49,,2968,-1.03,575.89,snow,Montane Grasslands & Shrublands,,,0,20,,,grassland,,,,bulk soil,,1802,94,1128,,19241.31433,15011.31433,4230,,,,,,41.2,3.1,7.41,,,,
1198,70,,34.59,102.49,,2968,-1.03,575.89,snow,Montane Grasslands & Shrublands,,,0,20,,,cropland,,,,bulk soil,,1178,47,668,,12113.65717,9998.657167,2115,,,,,,28.7,2.1,8.09,,,,
1199,69,,43.317,144.6,,,6.18,946.33,snow,Temperate Conifer Forests,,,0,10,,,forest,,,,bulk soil,,4600,190,,,47510.9545,38960.9545,8550,8550,38960.55,,,106.2,,7.1,,,19,,
1200,69,,43.317,144.6,,,6.18,946.33,snow,Temperate Conifer Forests,,,0,10,,,forest,,,,bulk soil,,4100,190,,,43010.9545,34460.9545,8550,8550,34460.55,,,86.7,,6.3,,,,,
1201,69,,43.317,144.6,,,6.18,946.33,snow,Temperate Conifer Forests,,,0,10,,,forest,,,,bulk soil,,3500,200,,,37932.58369,28932.58369,9000,9000,28932.15,,,90.8,,6,,,,,
1202,68,converted from AS-C to AS,42.367,128,42°20'~42°24'N/127°55'~128°06'E,,3.37,795.21,snow,Temperate Broadleaf & Mixed Forests,stand age,20 years,0,15,,alfisols,forest,,,,bulk soil,,5395.76,223.59,,,55753.14693,45691.59693,10061.55,10061.42,45691.16,,,139.09,,7.49,,,17.3,,
1203,68,converted from AS-C to AS,42.367,128,42°20'~42°24'N/127°55'~128°06'E,,3.37,795.21,snow,Temperate Broadleaf & Mixed Forests,stand age,80 years,0,15,,alfisols,forest,,,,bulk soil,,6797.56,301.53,,,70876.1248,57307.2748,13568.85,13568.7,57306.7,,,167,,10.06,5.75,,,,
1204,68,converted from AS-C to AS,42.367,128,42°20'~42°24'N/127°55'~128°06'E,,3.37,795.21,snow,Temperate Broadleaf & Mixed Forests,stand age,120 years,0,15,,alfisols,forest,,,,bulk soil,,7334.95,308.61,,,75940.34826,62052.89826,13887.45,13887.48,62052.23,,,189.75,,11.01,5.66,,,,
1205,68,converted from AS-C to AS,42.367,128,42°20'~42°24'N/127°55'~128°06'E,,3.37,795.21,snow,Temperate Broadleaf & Mixed Forests,stand age,200 years,0,15,,alfisols,forest,,,,bulk soil,,7536.74,314.54,,,77947.18437,63792.88437,14154.3,14154.19,63792.27,,,190.39,,10.61,5.5,,,,
1206,68,converted from AS-C to AS,42.367,128,42°20'~42°24'N/127°55'~128°06'E,,3.37,795.21,snow,Temperate Broadleaf & Mixed Forests,stand age,300 years,0,15,,alfisols,forest,,,,bulk soil,,6337.8,285.34,,,66217.56715,53377.26715,12840.3,12840.24,53376.63,,,176.01,,10.23,5.61,,,,
1207,67,,28.26,116.93,,37,19.68,1752.22,temperate,Temperate Broadleaf & Mixed Forests,fertilizer,Control,0,20,,Typic Plinthudult,cropland,,,2014,bulk soil,,224,19.1,92.5,,2630.311742,1770.811742,859.5,,,56.8,,5.69,,0.59,4.96,water 1:5,41.2,33.2,25.6
1208,67,,28.26,116.93,,37,19.68,1752.22,temperate,Temperate Broadleaf & Mixed Forests,fertilizer,NPK,0,20,,Typic Plinthudult,cropland,,,2014,bulk soil,,263,20.5,106.8,,3026.339828,2103.839828,922.5,,,80.5,,6.44,,0.7,5.2,water 1:5,41.2,33.2,25.6
1209,67,,28.26,116.93,,37,19.68,1752.22,temperate,Temperate Broadleaf & Mixed Forests,fertilizer,NPK+Lime,0,20,,Typic Plinthudult,cropland,,,2014,bulk soil,,247.3,19.4,113.3,,2849.660618,1976.660618,873,,,83.2,,6.32,,0.72,6.59,water 1:5,41.2,33.2,25.6
1210,67,,28.26,116.93,,37,19.68,1752.22,temperate,Temperate Broadleaf & Mixed Forests,fertilizer,NPK+PeanutStraw,0,20,,Typic Plinthudult,cropland,,,2014,bulk soil,,275.9,22.7,127.5,,3213.198249,2191.698249,1021.5,,,115.4,,6.62,,0.78,5.13,water 1:5,41.2,33.2,25.6
1211,67,,28.26,116.93,,37,19.68,1752.22,temperate,Temperate Broadleaf & Mixed Forests,fertilizer,NPK+RiceStraw,0,20,,Typic Plinthudult,cropland,,,2014,bulk soil,,298.9,23.7,140.4,,3452.361167,2385.861167,1066.5,,,128.4,,7.13,,0.82,5.16,water 1:5,41.2,33.2,25.6
1212,67,,28.26,116.93,,37,19.68,1752.22,temperate,Temperate Broadleaf & Mixed Forests,fertilizer,NPK+RadishResidue,0,20,,Typic Plinthudult,cropland,,,2014,bulk soil,,286.3,23.6,133.1,,3335.744875,2273.744875,1062,,,132.1,,6.76,,0.82,5.17,water 1:5,41.2,33.2,25.6
1213,67,,28.26,116.93,,37,19.68,1752.22,temperate,Temperate Broadleaf & Mixed Forests,fertilizer,NPK+PigManure,0,20,,Typic Plinthudult,cropland,,,2014,bulk soil,,319.8,23,164,,3617.947124,2582.947124,1035,,,118.5,,8.21,,0.85,5.58,water 1:5,41.2,33.2,25.6
1214,66,,34.85,92.93,,,-4.73,282.44,polar,Montane Grasslands & Shrublands,warming,,0,10,,Gelic Arenosols,grassland,,,,bulk soil,,491.3,56.22,,,6229.899275,3699.999275,2529.9,,,,,16.5,,,,,,,
1215,66,,34.85,92.93,,,-4.73,282.44,polar,Montane Grasslands & Shrublands,warming,,10,20,,Gelic Arenosols,grassland,,,,bulk soil,,439.06,65.56,,,6060.140933,3109.940933,2950.2,,,,,13.5,,,,,,,
1216,66,,34.85,92.93,,,-4.73,282.44,polar,Montane Grasslands & Shrublands,warming,,20,30,,Gelic Arenosols,grassland,,,,bulk soil,,237.36,43.33,,,3529.859256,1580.009256,1949.85,,,,,9.93,,,,,,,
1217,66,,34.85,92.93,,,-4.73,282.44,polar,Montane Grasslands & Shrublands,warming,,30,40,,Gelic Arenosols,grassland,,,,bulk soil,,171.04,32.67,,,2590.122545,1119.972545,1470.15,,,,,7.43,,,,,,,
1218,66,,34.85,92.93,,,-4.73,282.44,polar,Montane Grasslands & Shrublands,warming,,40,50,,Gelic Arenosols,grassland,,,,bulk soil,,131.22,21.11,,,1859.939208,909.9892083,949.95,,,,,5.97,,,,,,,
1219,65,,35.62,-88.85,,109,15.28,1359.66,temperate,Temperate Broadleaf & Mixed Forests,cover crop/tillage,NCNT,0,7.5,,"fine-silty, mixed, thermic, Ultic Hapludalf",cropland,,,,bulk soil,,766.18,29.51,256.87,,7844.747723,6516.797723,1327.95,,,,,,,,5.5,,,,
1220,65,,35.62,-88.85,,109,15.28,1359.66,temperate,Temperate Broadleaf & Mixed Forests,cover crop/tillage,NCNT,0,7.5,,"fine-silty, mixed, thermic, Ultic Hapludalf",cropland,,,,bulk soil,,726.89,29.99,283.61,,7506.575924,6157.025924,1349.55,,,,,,,,5.5,,,,
1221,65,,35.62,-88.85,,109,15.28,1359.66,temperate,Temperate Broadleaf & Mixed Forests,cover crop/tillage,NCNT,0,7.5,,"fine-silty, mixed, thermic, Ultic Hapludalf",cropland,,,,bulk soil,,739.51,34.28,293.93,,7758.134844,6215.534844,1542.6,,,,,,,,5.5,,,,
1222,65,,35.62,-88.85,,109,15.28,1359.66,temperate,Temperate Broadleaf & Mixed Forests,cover crop/tillage,NCCT,0,7.5,,"fine-silty, mixed, thermic, Ultic Hapludalf",cropland,,,,bulk soil,,600.18,30.78,239.29,,6391.59463,5006.49463,1385.1,,,,,,,,5.5,,,,
1223,65,,35.62,-88.85,,109,15.28,1359.66,temperate,Temperate Broadleaf & Mixed Forests,cover crop/tillage,NCCT,0,7.5,,"fine-silty, mixed, thermic, Ultic Hapludalf",cropland,,,,bulk soil,,681.2,28.31,226.06,,7041.332221,5767.382221,1273.95,,,,,,,,5.5,,,,
1224,65,,35.62,-88.85,,109,15.28,1359.66,temperate,Temperate Broadleaf & Mixed Forests,cover crop/tillage,NCCT,0,7.5,,"fine-silty, mixed, thermic, Ultic Hapludalf",cropland,,,,bulk soil,,616.25,30.48,252.95,,6526.575754,5154.975754,1371.6,,,,,,,,5.5,,,,
1225,65,,35.62,-88.85,,109,15.28,1359.66,temperate,Temperate Broadleaf & Mixed Forests,cover crop/tillage,VCNT,0,7.5,,"fine-silty, mixed, thermic, Ultic Hapludalf",cropland,,,,bulk soil,,791.49,30.58,319.46,,8106.952046,6730.852046,1376.1,,,,,,,,5.5,,,,
1226,65,,35.62,-88.85,,109,15.28,1359.66,temperate,Temperate Broadleaf & Mixed Forests,cover crop/tillage,VCNT,0,7.5,,"fine-silty, mixed, thermic, Ultic Hapludalf",cropland,,,,bulk soil,,1202.77,44.55,540.65,,12257.78802,10253.03802,2004.75,,,,,,,,5.5,,,,
1227,65,,35.62,-88.85,,109,15.28,1359.66,temperate,Temperate Broadleaf & Mixed Forests,cover crop/tillage,VCNT,0,7.5,,"fine-silty, mixed, thermic, Ultic Hapludalf",cropland,,,,bulk soil,,869.52,39.37,302.63,,9091.934099,7320.284099,1771.65,,,,,,,,5.5,,,,
1228,65,,35.62,-88.85,,109,15.28,1359.66,temperate,Temperate Broadleaf & Mixed Forests,cover crop/tillage,VCCT,0,7.5,,"fine-silty, mixed, thermic, Ultic Hapludalf",cropland,,,,bulk soil,,879.1,30.01,331.52,,8877.109182,7526.659182,1350.45,,,,,,,,5.5,,,,
1229,65,,35.62,-88.85,,109,15.28,1359.66,temperate,Temperate Broadleaf & Mixed Forests,cover crop/tillage,VCCT,0,7.5,,"fine-silty, mixed, thermic, Ultic Hapludalf",cropland,,,,bulk soil,,866.61,41.59,347.2,,9137.145778,7265.595778,1871.55,,,,,,,,5.5,,,,
1230,65,,35.62,-88.85,,109,15.28,1359.66,temperate,Temperate Broadleaf & Mixed Forests,cover crop/tillage,VCCT,0,7.5,,"fine-silty, mixed, thermic, Ultic Hapludalf",cropland,,,,bulk soil,,917.32,39.87,342.32,,9538.215558,7744.065558,1794.15,,,,,,,,5.5,,,,
1231,65,,35.62,-88.85,,109,15.28,1359.66,temperate,Temperate Broadleaf & Mixed Forests,cover crop/tillage,WCNT,0,7.5,,"fine-silty, mixed, thermic, Ultic Hapludalf",cropland,,,,bulk soil,,761.71,26.14,315.1,,7696.128688,6519.828688,1176.3,,,,,,,,5.5,,,,
1232,65,,35.62,-88.85,,109,15.28,1359.66,temperate,Temperate Broadleaf & Mixed Forests,cover crop/tillage,WCNT,0,7.5,,"fine-silty, mixed, thermic, Ultic Hapludalf",cropland,,,,bulk soil,,783.18,30.84,306.38,,8040.524405,6652.724405,1387.8,,,,,,,,5.5,,,,
1233,65,,35.62,-88.85,,109,15.28,1359.66,temperate,Temperate Broadleaf & Mixed Forests,cover crop/tillage,WCNT,0,7.5,,"fine-silty, mixed, thermic, Ultic Hapludalf",cropland,,,,bulk soil,,783.53,28.6,301.05,,7971.629467,6684.629467,1287,,,,,,,,5.5,,,,
1234,65,,35.62,-88.85,,109,15.28,1359.66,temperate,Temperate Broadleaf & Mixed Forests,cover crop/tillage,WCCT,0,7.5,,"fine-silty, mixed, thermic, Ultic Hapludalf",cropland,,,,bulk soil,,584.57,25.8,196.03,,6090.933296,4929.933296,1161,,,,,,,,5.5,,,,
1235,65,,35.62,-88.85,,109,15.28,1359.66,temperate,Temperate Broadleaf & Mixed Forests,cover crop/tillage,WCCT,0,7.5,,"fine-silty, mixed, thermic, Ultic Hapludalf",cropland,,,,bulk soil,,812.66,29.1,294.5,,8249.880927,6940.380927,1309.5,,,,,,,,5.5,,,,
1236,65,,35.62,-88.85,,109,15.28,1359.66,temperate,Temperate Broadleaf & Mixed Forests,cover crop/tillage,WCCT,0,7.5,,"fine-silty, mixed, thermic, Ultic Hapludalf",cropland,,,,bulk soil,,637.85,29.63,195.54,,6693.637273,5360.287273,1333.35,,,,,,,,5.5,,,,
1237,65,,35.62,-88.85,,109,15.28,1359.66,temperate,Temperate Broadleaf & Mixed Forests,cover crop/tillage,NCNT,0,7.5,,"fine-silty, mixed, thermic, Ultic Hapludalf",cropland,,,,aggregate,2mm,747.1698113,30.46296,299.3421053,,7704.306,6333.4728,1370.8332,,,,,,,,,,,,
1238,65,,35.62,-88.85,,109,15.28,1359.66,temperate,Temperate Broadleaf & Mixed Forests,cover crop/tillage,NCNT,0,7.5,,"fine-silty, mixed, thermic, Ultic Hapludalf",cropland,,,,aggregate,1-2mm,716.2629758,29.50166,283.1125828,,7395.226267,6067.651567,1327.5747,,,,,,,,,,,,
1239,65,,35.62,-88.85,,109,15.28,1359.66,temperate,Temperate Broadleaf & Mixed Forests,cover crop/tillage,NCNT,0,7.5,,"fine-silty, mixed, thermic, Ultic Hapludalf",cropland,,,,aggregate,0.250-1mm,780.5642633,35.03106,267.3267327,,8151.779495,6575.381795,1576.3977,,,,,,,,,,,,
1240,65,,35.62,-88.85,,109,15.28,1359.66,temperate,Temperate Broadleaf & Mixed Forests,cover crop/tillage,NCNT,0,7.5,,"fine-silty, mixed, thermic, Ultic Hapludalf",cropland,,,,aggregate,<0.250mm,710.2040816,31.75385,221.3114754,,7413.133222,5984.209972,1428.92325,,,,,,,,,,,,
1241,65,,35.62,-88.85,,109,15.28,1359.66,temperate,Temperate Broadleaf & Mixed Forests,cover crop/tillage,NCCT,0,7.5,,"fine-silty, mixed, thermic, Ultic Hapludalf",cropland,,,,aggregate,2mm,694.3396226,30.24691358,250,,7221.885618,5860.774507,1361.111111,,,,,,,,,,,,
1242,65,,35.62,-88.85,,109,15.28,1359.66,temperate,Temperate Broadleaf & Mixed Forests,cover crop/tillage,NCCT,0,7.5,,"fine-silty, mixed, thermic, Ultic Hapludalf",cropland,,,,aggregate,1-2mm,588.2352941,22.92358804,200.3311258,,6031.407139,4999.845678,1031.561462,,,,,,,,,,,,
1243,65,,35.62,-88.85,,109,15.28,1359.66,temperate,Temperate Broadleaf & Mixed Forests,cover crop/tillage,NCCT,0,7.5,,"fine-silty, mixed, thermic, Ultic Hapludalf",cropland,,,,aggregate,0.250-1mm,427.8996865,28.13664596,227.7227723,,4756.053828,3489.90476,1266.149068,,,,,,,,,,,,
1244,65,,35.62,-88.85,,109,15.28,1359.66,temperate,Temperate Broadleaf & Mixed Forests,cover crop/tillage,NCCT,0,7.5,,"fine-silty, mixed, thermic, Ultic Hapludalf",cropland,,,,aggregate,<0.250mm,628.5714286,35.07692308,191.8032787,,6785.319074,5206.857535,1578.461539,,,,,,,,,,,,
1245,65,,35.62,-88.85,,109,15.28,1359.66,temperate,Temperate Broadleaf & Mixed Forests,cover crop/tillage,VCNT,0,7.5,,"fine-silty, mixed, thermic, Ultic Hapludalf",cropland,,,,aggregate,2mm,1011.320755,49.69135802,407.8947368,,10700.10589,8463.994779,2236.111111,,,,,,,,,,,,
1246,65,,35.62,-88.85,,109,15.28,1359.66,temperate,Temperate Broadleaf & Mixed Forests,cover crop/tillage,VCNT,0,7.5,,"fine-silty, mixed, thermic, Ultic Hapludalf",cropland,,,,aggregate,1-2mm,633.2179931,26.51162791,231.7880795,,6551.653264,5358.630008,1193.023256,,,,,,,,,,,,
1247,65,,35.62,-88.85,,109,15.28,1359.66,temperate,Temperate Broadleaf & Mixed Forests,cover crop/tillage,VCNT,0,7.5,,"fine-silty, mixed, thermic, Ultic Hapludalf",cropland,,,,aggregate,0.250-1mm,832.2884013,38.38509317,272.2772277,,8725.172233,6997.84304,1727.329193,,,,,,,,,,,,
1248,65,,35.62,-88.85,,109,15.28,1359.66,temperate,Temperate Broadleaf & Mixed Forests,cover crop/tillage,VCNT,0,7.5,,"fine-silty, mixed, thermic, Ultic Hapludalf",cropland,,,,aggregate,<0.250mm,1036.734694,45.04615385,367.2131148,,10779.42802,8752.351095,2027.076923,,,,,,,,,,,,
1249,65,,35.62,-88.85,,109,15.28,1359.66,temperate,Temperate Broadleaf & Mixed Forests,cover crop/tillage,VCCT,0,7.5,,"fine-silty, mixed, thermic, Ultic Hapludalf",cropland,,,,aggregate,2mm,894.3396226,35.86419753,363.4868421,,9202.553864,7588.664975,1613.888889,,,,,,,,,,,,
1250,65,,35.62,-88.85,,109,15.28,1359.66,temperate,Temperate Broadleaf & Mixed Forests,cover crop/tillage,VCCT,0,7.5,,"fine-silty, mixed, thermic, Ultic Hapludalf",cropland,,,,aggregate,1-2mm,712.8027682,43.8538206,215.2317881,,7825.691769,5852.269842,1973.421927,,,,,,,,,,,,
1251,65,,35.62,-88.85,,109,15.28,1359.66,temperate,Temperate Broadleaf & Mixed Forests,cover crop/tillage,VCCT,0,7.5,,"fine-silty, mixed, thermic, Ultic Hapludalf",cropland,,,,aggregate,0.250-1mm,841.69279,41.55279503,275.5775578,,8911.694268,7041.818491,1869.875776,,,,,,,,,,,,
1252,65,,35.62,-88.85,,109,15.28,1359.66,temperate,Temperate Broadleaf & Mixed Forests,cover crop/tillage,VCCT,0,7.5,,"fine-silty, mixed, thermic, Ultic Hapludalf",cropland,,,,aggregate,<0.250mm,930.6122449,47.44615385,293.442623,,9901.516981,7766.440057,2135.076923,,,,,,,,,,,,
1253,65,,35.62,-88.85,,109,15.28,1359.66,temperate,Temperate Broadleaf & Mixed Forests,cover crop/tillage,WCNT,0,7.5,,"fine-silty, mixed, thermic, Ultic Hapludalf",cropland,,,,aggregate,2mm,777.3584906,26.57407407,317.4342105,,7850.926192,6655.092859,1195.833333,,,,,,,,,,,,
1254,65,,35.62,-88.85,,109,15.28,1359.66,temperate,Temperate Broadleaf & Mixed Forests,cover crop/tillage,WCNT,0,7.5,,"fine-silty, mixed, thermic, Ultic Hapludalf",cropland,,,,aggregate,1-2mm,795.8477509,28.30564784,276.4900662,,8073.022001,6799.267848,1273.754153,,,,,,,,,,,,
1255,65,,35.62,-88.85,,109,15.28,1359.66,temperate,Temperate Broadleaf & Mixed Forests,cover crop/tillage,WCNT,0,7.5,,"fine-silty, mixed, thermic, Ultic Hapludalf",cropland,,,,aggregate,0.250-1mm,1090.909091,47.14285714,338.2838284,,11334.43369,9213.005117,2121.428571,,,,,,,,,,,,
1256,65,,35.62,-88.85,,109,15.28,1359.66,temperate,Temperate Broadleaf & Mixed Forests,cover crop/tillage,WCNT,0,7.5,,"fine-silty, mixed, thermic, Ultic Hapludalf",cropland,,,,aggregate,<0.250mm,734.6938776,34.70769231,255.7377049,,7728.545575,6166.699422,1561.846154,,,,,,,,,,,,
1257,65,,35.62,-88.85,,109,15.28,1359.66,temperate,Temperate Broadleaf & Mixed Forests,cover crop/tillage,WCCT,0,7.5,,"fine-silty, mixed, thermic, Ultic Hapludalf",cropland,,,,aggregate,2mm,554.7169811,21.17283951,175.9868421,,5673.43314,4720.655362,952.777778,,,,,,,,,,,,
1258,65,,35.62,-88.85,,109,15.28,1359.66,temperate,Temperate Broadleaf & Mixed Forests,cover crop/tillage,WCCT,0,7.5,,"fine-silty, mixed, thermic, Ultic Hapludalf",cropland,,,,aggregate,1-2mm,425.6055363,40.46511628,235.0993377,,5131.926061,3310.995829,1820.930233,,,,,,,,,,,,
1259,65,,35.62,-88.85,,109,15.28,1359.66,temperate,Temperate Broadleaf & Mixed Forests,cover crop/tillage,WCCT,0,7.5,,"fine-silty, mixed, thermic, Ultic Hapludalf",cropland,,,,aggregate,0.250-1mm,869.9059561,41.92546584,275.5775578,,9177.598943,7290.952981,1886.645963,,,,,,,,,,,,
1260,65,,35.62,-88.85,,109,15.28,1359.66,temperate,Temperate Broadleaf & Mixed Forests,cover crop/tillage,WCCT,0,7.5,,"fine-silty, mixed, thermic, Ultic Hapludalf",cropland,,,,aggregate,<0.250mm,714.2857143,30.83076923,216.3934426,,7420.178945,6032.79433,1387.384615,,,,,,,,,,,,
1261,64,,37.62,101.2,,3220,-2.35,467.23,polar,Montane Grasslands & Shrublands,fertilizer,Control,0,10,,Cambisol,grassland,,,,bulk soil,,3363,186,,,36249.30283,27879.30283,8370,,,,,,66.7,6.75,4.34,,,,
1262,64,,37.62,101.2,,3220,-2.35,467.23,polar,Montane Grasslands & Shrublands,fertilizer,N,0,10,,Cambisol,grassland,,,,bulk soil,,3742,174,,,39274.34781,31444.34781,7830,,,,,,59.9,6.08,7.21,,,,
1263,64,,37.62,101.2,,3220,-2.35,467.23,polar,Montane Grasslands & Shrublands,fertilizer,P,0,10,,Cambisol,grassland,,,,bulk soil,,3569,153,,,37041.92652,30156.92652,6885,,,,,,57.8,5.93,7.11,,,,
1264,64,,37.62,101.2,,3220,-2.35,467.23,polar,Montane Grasslands & Shrublands,fertilizer,NP,0,10,,Cambisol,grassland,,,,bulk soil,,4054,159,,,41599.90403,34444.90403,7155,,,,,,61.7,6.1,7.57,,,,
1265,63,,46.73,-71.52,,40,4.33,1127.82,snow,Temperate Broadleaf & Mixed Forests,tillage,Minimum,0,10,,"mixed, frigid Typic Dystrudept",cropland,,,2015,bulk soil,,142,13,,,1696.11794,1111.11794,585,302,,,,21,,,,,17,15,68
1266,63,,46.73,-71.52,,40,4.33,1127.82,snow,Temperate Broadleaf & Mixed Forests,tillage,Inversion,0,10,,"mixed, frigid Typic Dystrudept",cropland,,,2015,bulk soil,,113,10,,,1338.629184,888.6291844,450,196,,,,18,,,,,17,15,68
1267,63,,46.73,-71.52,,40,4.33,1127.82,snow,Temperate Broadleaf & Mixed Forests,Residues,Retained,0,10,,"mixed, frigid Typic Dystrudept",cropland,,,2015,bulk soil,,136,12,,,1609.955021,1069.955021,540,265,,,,20,,,,,17,15,68
1268,63,,46.73,-71.52,,40,4.33,1127.82,snow,Temperate Broadleaf & Mixed Forests,Residues,Harvested,0,10,,"mixed, frigid Typic Dystrudept",cropland,,,2015,bulk soil,,120,11,,,1433.792103,938.7921029,495,232,,,,19,,,,,17,15,68
1269,63,,46.73,-71.52,,40,4.33,1127.82,snow,Temperate Broadleaf & Mixed Forests,Fertilizer,Poultry,0,10,,"mixed, frigid Typic Dystrudept",cropland,,,2015,bulk soil,,128,12,,,1537.955021,997.9550213,540,263,,,,19,,,,,17,15,68
1270,63,,46.73,-71.52,,40,4.33,1127.82,snow,Temperate Broadleaf & Mixed Forests,Fertilizer,Liquid dairy,0,10,,"mixed, frigid Typic Dystrudept",cropland,,,2015,bulk soil,,125,11,,,1478.792103,983.7921029,495,276,,,,20,,,,,17,15,68
1271,63,,46.73,-71.52,,40,4.33,1127.82,snow,Temperate Broadleaf & Mixed Forests,Fertilizer,Liquid swine,0,10,,"mixed, frigid Typic Dystrudept",cropland,,,2015,bulk soil,,134,12,,,1591.955021,1051.955021,540,266,,,,20,,,,,17,15,68
1272,63,,46.73,-71.52,,40,4.33,1127.82,snow,Temperate Broadleaf & Mixed Forests,Fertilizer,NPK,0,10,,"mixed, frigid Typic Dystrudept",cropland,,,2015,bulk soil,,123,11,,,1460.792103,965.7921029,495,214,,,,19,,,,,17,15,68
1273,63,,46.73,-71.52,,40,4.33,1127.82,snow,Temperate Broadleaf & Mixed Forests,Fertilizer,PK,0,10,,"mixed, frigid Typic Dystrudept",cropland,,,2015,bulk soil,,128,12,,,1537.955021,997.9550213,540,225,,,,19,,,,,17,15,68
1274,63,,46.73,-71.52,,40,4.33,1127.82,snow,Temperate Broadleaf & Mixed Forests,tillage,Minimum,0,10,,"mixed, frigid Dystric Eutrudept",cropland,,,2015,bulk soil,,278,33,,,3563.376309,2078.376309,1485,630,,,,39,,,,,43.2,40.5,16.3
1275,63,,46.73,-71.52,,40,4.33,1127.82,snow,Temperate Broadleaf & Mixed Forests,tillage,Inversion,0,10,,"mixed, frigid Dystric Eutrudept",cropland,,,2015,bulk soil,,222,27,,,2866.398798,1651.398798,1215,442,,,,34,,,,,43.2,40.5,16.3
1276,63,,46.73,-71.52,,40,4.33,1127.82,snow,Temperate Broadleaf & Mixed Forests,Residues,Retained,0,10,,"mixed, frigid Dystric Eutrudept",cropland,,,2015,bulk soil,,267,31,,,3400.050472,2005.050472,1395,571,,,,38,,,,,43.2,40.5,16.3
1277,63,,46.73,-71.52,,40,4.33,1127.82,snow,Temperate Broadleaf & Mixed Forests,Residues,Harvested,0,10,,"mixed, frigid Dystric Eutrudept",cropland,,,2015,bulk soil,,233,29,,,3029.724635,1724.724635,1305,500,,,,35,,,,,43.2,40.5,16.3
1278,63,,46.73,-71.52,,40,4.33,1127.82,snow,Temperate Broadleaf & Mixed Forests,Fertilizer,Poultry,0,10,,"mixed, frigid Dystric Eutrudept",cropland,,,2015,bulk soil,,262,32,,,3387.21339,1947.21339,1440,567,,,,39,,,,,43.2,40.5,16.3
1279,63,,46.73,-71.52,,40,4.33,1127.82,snow,Temperate Broadleaf & Mixed Forests,Fertilizer,Liquid dairy,0,10,,"mixed, frigid Dystric Eutrudept",cropland,,,2015,bulk soil,,257,31,,,3310.050472,1915.050472,1395,596,,,,38,,,,,43.2,40.5,16.3
1280,63,,46.73,-71.52,,40,4.33,1127.82,snow,Temperate Broadleaf & Mixed Forests,Fertilizer,Liquid swine,0,10,,"mixed, frigid Dystric Eutrudept",cropland,,,2015,bulk soil,,249,30,,,3205.887553,1855.887553,1350,547,,,,35,,,,,43.2,40.5,16.3
1281,63,,46.73,-71.52,,40,4.33,1127.82,snow,Temperate Broadleaf & Mixed Forests,Fertilizer,NPK,0,10,,"mixed, frigid Dystric Eutrudept",cropland,,,2015,bulk soil,,249,29,,,3173.724635,1868.724635,1305,495,,,,36,,,,,43.2,40.5,16.3
1282,63,,46.73,-71.52,,40,4.33,1127.82,snow,Temperate Broadleaf & Mixed Forests,Fertilizer,PK,0,10,,"mixed, frigid Dystric Eutrudept",cropland,,,2015,bulk soil,,231,28,,,2979.561716,1719.561716,1260,474,,,,35,,,,,43.2,40.5,16.3
1283,62,,43.3,-89.39,,307,7.84,847.62,snow,Temperate Broadleaf & Mixed Forests,cover crop,NoCC,0,2,,,cropland,,,,bulk soil,,1330,83,442,,14639.52223,10904.52223,3735,,,,,21.7,21.7,1.9,7.68,,22.53,54.71,22.76
1284,62,,43.3,-89.39,,307,7.84,847.62,snow,Temperate Broadleaf & Mixed Forests,cover crop,RyeCC,0,2,,,cropland,,,,bulk soil,,1427,88,502,,15673.33682,11713.33682,3960,,,,,21.7,21.7,1.9,7,,,,
1285,62,,43.3,-89.39,,307,7.84,847.62,snow,Temperate Broadleaf & Mixed Forests,cover crop,RyeHarv,0,2,,,cropland,,,,bulk soil,,1467,92,468,,16161.9885,12021.9885,4140,,,,,21.7,21.7,1.9,7,,,,
1286,62,,43.3,-89.39,,307,7.84,847.62,snow,Temperate Broadleaf & Mixed Forests,cover crop,NoCC,14,16,,,cropland,,,,bulk soil,,1383,98,428,,15598.96601,11188.96601,4410,,,,,17.8,17.8,1.5,7,,,,
1287,62,,43.3,-89.39,,307,7.84,847.62,snow,Temperate Broadleaf & Mixed Forests,cover crop,RyeCC,14,16,,,cropland,,,,bulk soil,,1339,104,417,,15395.94352,10715.94352,4680,,,,,17.8,17.8,1.5,7,,,,
1288,62,,43.3,-89.39,,307,7.84,847.62,snow,Temperate Broadleaf & Mixed Forests,cover crop,RyeHarv,14,16,,,cropland,,,,bulk soil,,1356,89,421,,15066.49974,11061.49974,4005,,,,,17.8,17.8,1.5,7,,,,
1289,62,,43.3,-89.39,,307,7.84,847.62,snow,Temperate Broadleaf & Mixed Forests,cover crop,NoCC,26,28,,,cropland,,,,bulk soil,,903,84,258,,10828.68515,7048.685149,3780,,,,,8.8,8.8,1,7,,,,
1290,62,,43.3,-89.39,,307,7.84,847.62,snow,Temperate Broadleaf & Mixed Forests,cover crop,RyeCC,26,28,,,cropland,,,,bulk soil,,928,77,274,,10828.54472,7363.54472,3465,,,,,8.8,8.8,1,7,,,,
1291,62,,43.3,-89.39,,307,7.84,847.62,snow,Temperate Broadleaf & Mixed Forests,cover crop,RyeHarv,26,28,,,cropland,,,,bulk soil,,860,77,249,,10216.54472,6751.54472,3465,,,,,8.8,8.8,1,7,,,,
1292,62,,43.3,-89.39,,307,7.84,847.62,snow,Temperate Broadleaf & Mixed Forests,cover crop,NoCC,36,38,,,cropland,,,,bulk soil,,694,59,206,,8143.612188,5488.612188,2655,,,,,6.5,6.5,0.8,7,,,,
1293,62,,43.3,-89.39,,307,7.84,847.62,snow,Temperate Broadleaf & Mixed Forests,cover crop,RyeCC,36,38,,,cropland,,,,bulk soil,,786,55,246,,8842.960514,6367.960514,2475,,,,,6.5,6.5,0.8,7,,,,
1294,62,,43.3,-89.39,,307,7.84,847.62,snow,Temperate Broadleaf & Mixed Forests,cover crop,RyeHarv,36,38,,,cropland,,,,bulk soil,,724,66,213,,8638.752617,5668.752617,2970,,,,,6.5,6.5,0.8,7,,,,
1295,61,,33.483,102.017,"lat-lon of Maqu County, China",,1.11,738.8,snow,Montane Grasslands & Shrublands,,,0,20,,Borolls,grassland,,meadow,,bulk soil,,4867.1,202.3,3224.9,154.7,50310.4584,41206.9584,9103.5,,,,,119,,,,,,,
1296,61,,33.483,102.017,,,1.11,738.8,snow,Montane Grasslands & Shrublands,,,20,40,,Borolls,grassland,,meadow,,bulk soil,,2380,102,1985.6,122.4,24700.61768,20110.61768,4590,,,,,68,,,,,,,
1297,61,,33.483,102.017,,,1.11,738.8,snow,Montane Grasslands & Shrublands,,,40,60,,Borolls,grassland,,meadow,,bulk soil,,1440,55,1440,85,14728.96051,12253.96051,2475,,,,,50,,,,,,,
1298,61,,33.483,102.017,,,1.11,738.8,snow,Montane Grasslands & Shrublands,,,0,20,,,wetland,,,,bulk soil,,4315.2,279,2343.6,148.8,47810.25425,35255.25425,12555,,,,,186,,,,,,,
1299,61,,33.483,102.017,,,1.11,738.8,snow,Montane Grasslands & Shrublands,,,20,40,,,wetland,,,,bulk soil,,3412.2,479.4,1804.8,169.2,46128.7031,24555.7031,21573,,,,,282,,,,,,,
1300,61,,33.483,102.017,,,1.11,738.8,snow,Montane Grasslands & Shrublands,,,40,60,,,wetland,,,,bulk soil,,3559.5,339,2576.4,237.3,42938.72935,27683.72935,15255,,,,,339,,,,,,,
1301,61,,33.667,101.867,,,2.76,776.01,snow,Montane Grasslands & Shrublands,,,0,20,,Borolls,grassland,,meadow,,bulk soil,,3547.8,138.7,2211.9,146,36391.19679,30149.69679,6241.5,,,,,73,,,,,,,
1302,61,,33.667,101.867,,,2.76,776.01,snow,Montane Grasslands & Shrublands,,,20,40,,Borolls,grassland,,meadow,,bulk soil,,1084.8,48,871.2,60,11307.02009,9147.020085,2160,,,,,24,,,,,,,
1303,61,,33.667,101.867,,,2.76,776.01,snow,Montane Grasslands & Shrublands,,,40,60,,Borolls,grassland,,meadow,,bulk soil,,666.4,34,554.2,44.2,7091.139227,5561.139227,1530,,,,,17,,,,,,,
1304,61,,33.667,101.867,,,2.76,776.01,snow,Montane Grasslands & Shrublands,,,0,20,,,wetland,,,,bulk soil,,6489,339.9,4109.7,247.2,69333.17598,54037.67598,15295.5,,,,,309,,,,,,,
1305,61,,33.667,101.867,,,2.76,776.01,snow,Montane Grasslands & Shrublands,,,20,40,,,wetland,,,,bulk soil,,2898.5,224.4,2169.2,205.7,33303.8589,23205.8589,10098,,,,,187,,,,,,,
1306,61,,33.667,101.867,,,2.76,776.01,snow,Montane Grasslands & Shrublands,,,40,60,,,wetland,,,,bulk soil,,2740.6,289.5,2296.7,212.3,33976.56489,20949.06489,13027.5,,,,,193,,,,,,,
1307,60,,43.5,124.8,,205,5.62,637.32,snow,Temperate Broadleaf & Mixed Forests,fertilizer,control,0,20,,Typic Hapludoll,,,,,bulk soil,,512.568306,45.57377049,341.5300546,,6078.900217,4028.080545,2050.819672,,,36.2,,18.2,,1.42,7.73,,31,30,39
1308,60,,43.5,124.8,,205,5.62,637.32,snow,Temperate Broadleaf & Mixed Forests,fertilizer,NPK,0,20,,Typic Hapludoll,,,,,bulk soil,,608.1967213,63.27868852,393.442623,,7508.99779,4661.456806,2847.540983,,,94.4,,19.1,,1.53,7.61,,31,30,39
1309,60,,43.5,124.8,,205,5.62,637.32,snow,Temperate Broadleaf & Mixed Forests,fertilizer,M1,0,20,,Typic Hapludoll,,,,,bulk soil,,937.1584699,85.24590164,620.2185792,,11176.18321,7340.117637,3836.065574,,,136.5,,23.8,,1.93,7.56,,31,30,39
1310,60,,43.5,124.8,,205,5.62,637.32,snow,Temperate Broadleaf & Mixed Forests,fertilizer,M1NPK,0,20,,Typic Hapludoll,,,,,bulk soil,,998.3606557,99.01639344,636.6120219,,12169.90209,7714.164383,4455.737705,,,158.9,,25.6,,2.13,7.75,,31,30,39
1311,60,,43.5,124.8,,205,5.62,637.32,snow,Temperate Broadleaf & Mixed Forests,fertilizer,M2,0,20,,Typic Hapludoll,,,,,bulk soil,,1006.010929,88.85245902,566.9398907,,11911.85275,7913.492098,3998.360656,,,225.7,,29.5,,2.72,7.79,,31,30,39
1312,60,,43.5,124.8,,205,5.62,637.32,snow,Temperate Broadleaf & Mixed Forests,fertilizer,M2NPK,0,20,,Typic Hapludoll,,,,,bulk soil,,1074.863388,105.9016393,655.7377049,,13079.87628,8314.302511,4765.573769,,,233.7,,31.1,,2.94,7.64,,31,30,39
1313,59,,50.93,121.5,,825,-4.88,451.93,snow,Temperate Conifer Forests,,,0,10,,Alfisols,forest,,,,bulk soil,,6159.22,565.64,,,73625.61319,48171.81319,25453.8,,,,,,377.8,14.7,,,,,
1314,59,,48.17,129.18,,350,-0.62,624.36,snow,Temperate Broadleaf & Mixed Forests,,,0,10,,Alfisols,forest,,,,bulk soil,,3917.6,586.592,,,54124.91065,27728.27065,26396.64,,,,,,92.4,6.6,5.9,,2.81,,
1315,59,,48.18,129.19,,1300,-0.62,624.36,snow,Temperate Broadleaf & Mixed Forests,,,0,10,,Alfisols,forest,,,,bulk soil,,3938.55,565.64,,,53639.58319,28185.78319,25453.8,,,,,,41.2,3.4,5.5,,6.82,,
1316,59,,39.97,115.43,,1301,7.21,545.44,snow,Temperate Broadleaf & Mixed Forests,,,0,10,,Alfisols,forest,,,,bulk soil,,2283.52,502.793,,,36722.97025,14097.28525,22625.685,,,,,,65.7,5.17,6.53,,5,,
1317,59,,30.02,117.35,,375,16.81,1494.56,temperate,Temperate Broadleaf & Mixed Forests,,,0,10,,Alfisols,forest,,,,bulk soil,,1801.68,544.693,,,33734.03653,9222.851535,24511.185,,,,,,45.1,3.2,6.53,,5.47,,
1318,59,,27.65,117.95,,700,10.2,1991,temperate,Tropical & Subtropical Moist Broadleaf Forests,,,0,10,,Ultisols,forest,,,,bulk soil,,1759.78,502.793,,,32009.31025,9383.625252,22625.685,,,,,,32.5,2.2,4.53,,13.11,,
1319,59,,18.72,118.72,,870,,,,,,,0,10,,Inceptisols,forest,,,,bulk soil,,1655.03,460.894,,,29718.96613,8978.736132,20740.23,,,,,,21.5,1.7,4.62,,11.17,,
1320,59,,18.72,118.72,,871,,,,,,,0,10,,Inceptisols,forest,,,,bulk soil,,1822.63,460.894,,,31227.36613,10487.13613,20740.23,,,,,,25.9,2.1,4.49,,9.04,,
1321,58,,34.92,93.04,,4750,-3.19,277.15,polar,Montane Grasslands & Shrublands,,,0,5,,Gelisols,grassland,,,,bulk soil,,391.101425,75.5555556,,,5949.999998,2549.999996,3400.000002,,,185,47.7,,48.95,3.84,4.8,,,,
1322,58,,34.92,93.04,,4750,-3.19,277.15,polar,Montane Grasslands & Shrublands,,,0,5,,Gelisols,grassland,,,,bulk soil,,312.88114,60.4444444,,,4759.999995,2039.999997,2719.999998,,,185,47.7,,34.18,2.54,8.4,,,,
1323,58,,34.92,93.04,,4750,-3.19,277.15,polar,Montane Grasslands & Shrublands,,,0,5,,Gelisols,grassland,,,,bulk soil,,275.437664,52.8888889,,,4179.999996,1799.999996,2380.000001,,,185,47.7,,22.37,1.94,8.4,,,,
1324,58,,34.92,93.04,,4750,-3.19,277.15,polar,Montane Grasslands & Shrublands,,,0,5,,Gelisols,grassland,,,,bulk soil,,474.665039,114.666667,,,7960.00001,2799.999995,5160.000015,,,225,50.1,,50.49,3.86,8.4,,,,
1325,58,,34.92,93.04,,4750,-3.19,277.15,polar,Montane Grasslands & Shrublands,,,0,5,,Gelisols,grassland,,,,bulk soil,,470.227529,111.555556,,,7820.00001,2799.99999,5020.00002,,,225,50.1,,35.72,2.45,7.4,,,,
1326,58,,34.92,93.04,,4750,-3.19,277.15,polar,Montane Grasslands & Shrublands,,,0,5,,Gelisols,grassland,,,,aggregate,0.053-8mm,439.164962,89.7777778,,,6840.000003,2800.000002,4040.000001,,,225,50.1,,22.3,1.58,7.4,,,,
1327,58,,34.92,93.04,,4750,-3.19,277.15,polar,Montane Grasslands & Shrublands,,,0,5,,Gelisols,grassland,,,,aggregate,0.053-8mm,386.772121,95.1111111,,,6539.999998,2259.999999,4280,,,665,121.9,,56.17,3.21,7.4,,,,
1328,58,,34.92,93.04,,4750,-3.19,277.15,polar,Montane Grasslands & Shrublands,,,0,5,,Gelisols,grassland,,,,aggregate,0.053-8mm,365.998779,86,,,6059.999997,2189.999997,3870,,,665,121.9,,35.51,2.23,8.1,,,,
1329,58,,34.92,93.04,,4750,-3.19,277.15,polar,Montane Grasslands & Shrublands,,,0,5,,Gelisols,grassland,,,,aggregate,0.053-8mm,336.820665,73.3333333,,,5390.000003,2090.000004,3299.999999,,,665,121.9,,27.45,2.07,8.1,,,,
1330,58,,34.92,93.04,,4750,-3.19,277.15,polar,Montane Grasslands & Shrublands,,,0,5,,Gelisols,grassland,,,,aggregate,0.053-8mm,451.67641,102.444444,,,7359.999987,2750.000007,4609.99998,,,169,30.6,,61.21,4.43,8.1,,,,
1331,58,,34.92,93.04,,4750,-3.19,277.15,polar,Montane Grasslands & Shrublands,,,0,5,,Gelisols,grassland,,,,aggregate,<0.053mm,413.445723,92,,,6680.000004,2540.000004,4140,,,169,30.6,,54.77,3.68,8,,,,
1332,58,,34.92,93.04,,4750,-3.19,277.15,polar,Montane Grasslands & Shrublands,,,0,5,,Gelisols,grassland,,,,aggregate,<0.053mm,388.071188,82,,,6130.000004,2440.000004,3690,,,169,30.6,,48.59,3.36,8,,,,
1333,58,,34.92,93.04,,4750,-3.19,277.15,polar,Montane Grasslands & Shrublands,,,0,5,,Gelisols,grassland,,,,aggregate,<0.053mm,524.94733,130.444444,,,8919.999983,3050.000003,5869.99998,,,371.6,45.9,,59.91,3.63,8,,,,
1334,58,,34.92,93.04,,4750,-3.19,277.15,polar,Montane Grasslands & Shrublands,,,0,5,,Gelisols,grassland,,,,aggregate,<0.053mm,455.173427,100.222222,,,7319.999995,2810.000005,4509.99999,,,371.6,45.9,,56.69,3.53,7.9,,,,
1335,58,,34.92,93.04,,4750,-3.19,277.15,polar,Montane Grasslands & Shrublands,,,0,5,,Gelisols,grassland,,,,aggregate,<0.053mm,438.673911,96.4444444,,,7049.999998,2710,4339.999998,,,371.6,45.9,,41.39,2.88,7.9,,,,
1336,57,,21.9,101.25,,,19.46,1557.01,temperate,Tropical & Subtropical Moist Broadleaf Forests,,,0,10,,latosols,forest,,,,bulk soil,,1296.62231,91.1111111,,,14600.00003,10500.00003,4100,,,617,,,21.2,1.7,,,,,
1337,57,,21.9,101.25,,,19.46,1557.01,temperate,Tropical & Subtropical Moist Broadleaf Forests,,,0,10,,latosols,forest,,,,bulk soil,,2042.53022,146.666667,,,23100.00003,16500.00001,6600.000015,,,947,,,29.3,2.7,4.5,,,,
1338,56,,34.6,-82.87,,,15.76,1234.3,temperate,Temperate Broadleaf & Mixed Forests,,,0,15,,Cambic Umbrisols,grassland,,,,bulk soil,,284.5986,25.3162,,,3375.630276,2236.401276,1139.229,,,,,,13.91,1.49,9.48,,,,
1339,56,,34.6,-82.88,,,15.76,1234.3,temperate,Temperate Broadleaf & Mixed Forests,,,0,15,,Cambic Umbrisols,grassland,,,,bulk soil,,323.0634,28.7378,,,3831.862118,2538.661118,1293.201,,,,,,15.79,1.59,5.8,,,,
1340,56,,34.6,-82.89,,,15.76,1234.3,temperate,Temperate Broadleaf & Mixed Forests,,,0,15,,Cambic Umbrisols,grassland,,,,bulk soil,,376.8732,33.5244,,,4470.101343,2961.503343,1508.598,,,,,,18.42,1.9,6.1,,,,
1341,55,,32.46,80.95,,,2.48,125.07,polar,Montane Grasslands & Shrublands,,,0,10,,,grassland,,,,bulk soil,,86,42.9,,,2153.789201,223.2892011,1930.5,,,143.823,,,5.7,0.5962539,7.1,,,,
1342,55,,32.08,81.83,,,-0.08,118.97,polar,Montane Grasslands & Shrublands,,,0,10,,,grassland,,,,bulk soil,,137.5,29.8,,,2195.95497,854.9549695,1341,,,130.8399,,,5.2,0.656962,8.62,,,,
1343,55,,31.98,85.08,,,-2.77,468.26,polar,Montane Grasslands & Shrublands,,,0,10,,,grassland,,,,bulk soil,,150.3,35,,,2478.402145,903.4021454,1575,,,192.759,,,8.2,0.5879828,8.66,,,,
1344,55,,31.75,86.8,,,-0.01,591.86,polar,Montane Grasslands & Shrublands,,,0,10,,,grassland,,,,bulk soil,,423,49.6,,,5402.280755,3170.280755,2232,,,266.1077,,,12.2,1.2541152,8.56,,,,
1345,55,,31.51,89.15,,,1.22,330.44,snow,Montane Grasslands & Shrublands,,,0,10,,,grassland,,,,bulk soil,,125.6,75.8,,,3568.349218,157.3492178,3411,,,198.8635,,,8.7,0.8530572,8.22,,,,
1346,55,,36.32,100.89,,,5.29,356.49,snow,Montane Grasslands & Shrublands,,,0,10,,,grassland,,,,bulk soil,,741.5,4.9,,,6831.0983,6610.5983,220.5,,,1378.674,,,32.7,3.8480565,8.33,,,,
1347,55,,34.88,98.25,,,-3.15,330.45,polar,Montane Grasslands & Shrublands,,,0,10,,,grassland,,,,bulk soil,,259.7,17.1,,,2887.285905,2117.785905,769.5,,,490.1232,,,10.1,1.0501044,8.6,,,,
1348,55,,36.86,101.02,,,0.65,412.05,snow,Montane Grasslands & Shrublands,,,0,10,,,grassland,,,,bulk soil,,483.7,5.2,,,4520.547176,4286.547176,234,,,944.9957,,,23.9,1.6995739,8.32,,,,
1349,55,,36.98,100.92,,,1.71,391.5,snow,Montane Grasslands & Shrublands,,,0,10,,,grassland,,,,bulk soil,,2439.1,92.5,,,24926.96996,20764.46996,4162.5,,,1008.5824,,,38.3,4.2389381,8.32,,,,
1350,55,,37.14,99.57,,,0.64,386.95,arid,Montane Grasslands & Shrublands,,,0,10,,,grassland,,,,bulk soil,,394.2,28.9,,,4477.308343,3176.808343,1300.5,,,458.4048,,,23.5,1.75,8.04,,,,
1351,55,,36.94,98.91,,,0.38,377.99,arid,Deserts & Xeric Shrublands,,,0,10,,,grassland,,,,bulk soil,,358.1,10.8,,,3570.259519,3084.259519,486,,,658.3261,,,16.6,1.2007246,8.54,,,,
1352,55,,35.71,94.28,,,5.81,79.42,polar,Montane Grasslands & Shrublands,,,0,10,,,grassland,,,,bulk soil,,1213.4,224.7,,,18147.60777,8036.107774,10111.5,,,783.9292,,,31.9,2.6195563,8.2,,,,
1353,55,,33.73,92.1,,,-3.7,320.24,polar,Montane Grasslands & Shrublands,,,0,10,,,grassland,,,,bulk soil,,320.1,32.8,,,3935.843725,2459.843725,1476,,,589.9856,,,9.8,2.0982906,7.98,,,,
1354,55,,32.19,91.68,,,-1.25,448.25,polar,Montane Grasslands & Shrublands,,,0,10,,,grassland,,,,bulk soil,,334.3,18.4,,,3600.497699,2772.497699,828,,,163.3918,,,3.9,0.3995943,8.2,,,,
1355,55,,31.58,91.86,,,-2.17,444.27,polar,Montane Grasslands & Shrublands,,,0,10,,,grassland,,,,bulk soil,,1318,9.2,,,12157.89885,11743.89885,414,,,900.1344,,,42.2,3.2,8.36,,,,
1356,55,,31.07,91.69,,,0.04,445.71,polar,Montane Grasslands & Shrublands,,,0,10,,,grassland,,,,bulk soil,,435.1,2.2,,,3986.658421,3887.658421,99,,,190.6157,,,16.4,1.9488704,6.97,,,,
1357,55,,30.62,91.54,,,-2.69,459.31,polar,Montane Grasslands & Shrublands,,,0,10,,,grassland,,,,bulk soil,,2379.7,61.9,,,23408.18465,20622.68465,2785.5,,,737.907,,,66.2,4.880531,7.11,,,,
1358,55,,37.41,100.11,,,0.97,395.34,snow,Montane Grasslands & Shrublands,,,0,10,,,grassland,,,,bulk soil,,5731.9,67.4,,,53754.8807,50721.8807,3033,,,1439.7323,,,88.5,7.4423886,5.81,,,,
1359,55,,29.28,90.64,,,7.61,438.44,snow,Montane Grasslands & Shrublands,,,0,10,,,grassland,,,,bulk soil,,269.9,6.6,,,2641.375262,2344.375262,297,,,261.2842,,,11,1.3604938,7.1,,,,
1360,55,,29.2,90.62,,,7.61,438.44,snow,Montane Grasslands & Shrublands,,,0,10,,,grassland,,,,bulk soil,,1103,22.4,,,10647.44937,9639.449373,1008,,,975.855,,,58.3,4.2401747,7.72,,,,
1361,55,,29.21,90.64,,,7.61,438.44,snow,Montane Grasslands & Shrublands,,,0,10,,,grassland,,,,bulk soil,,795.8,158.6,,,12263.23886,5126.238865,7137,,,1008.0378,,,62.3,5.4020797,6.51,,,,
1362,55,,29.23,90.63,,,7.61,438.44,snow,Montane Grasslands & Shrublands,,,0,10,,,grassland,,,,bulk soil,,903,296.5,,,17663.30532,4320.805318,13342.5,,,1213.7616,,,54.4,4.0192166,6.66,,,,
1363,55,,28.89,90.3,,,-0.43,425.18,polar,Montane Grasslands & Shrublands,,,0,10,,,grassland,,,,bulk soil,,335.8,1.6,,,3073.66067,3001.66067,72,,,533.2901,,,27.8,2.6798457,6.93,,,,
1364,55,"FNC is negative, but AS values are correct (as reported in the text)",28.31,89.47,,,0.95,937.42,polar,Montane Grasslands & Shrublands,,,0,10,,,grassland,,,,bulk soil,,88.9,98.4,,,4428,0,4428,,,704.4045,,,24.5,2.1409807,7.9,,,,
1365,55,,28.56,87.79,,,-0.24,870.43,polar,Montane Grasslands & Shrublands,,,0,10,,,grassland,,,,bulk soil,,29.4,0.6,,,283.8977511,256.8977511,27,,,76.5302,,,2.6,0.4395973,8.09,,,,
1366,55,,28.94,87.44,,,1.62,300.05,polar,Montane Grasslands & Shrublands,,,0,10,,,grassland,,,,bulk soil,,567.9,3.7,,,5230.102798,5063.602798,166.5,,,1075.0817,,,33.1,2.6009427,8.38,,,,
1367,55,,29.9,90.13,,,0.07,467.58,snow,Montane Grasslands & Shrublands,,,0,10,,,grassland,,,,bulk soil,,1050.8,4.7,,,9608.365717,9396.865717,211.5,,,1034.4708,,,66.4,4.2589744,6.27,,,,
1368,55,,29.87,90.12,,,0.07,467.58,snow,Montane Grasslands & Shrublands,,,0,10,,,grassland,,,,bulk soil,,1075.5,5.8,,,9866.044927,9605.044927,261,,,1099.869,,,70.1,3.960452,6.76,,,,
1369,55,,49.33,119.97,,,-0.84,379.38,snow,"Temperate Grasslands, Savannas & Shrublands",,,0,10,,,grassland,,,,bulk soil,,1301.7,194.7,,,17977.42022,9215.920221,8761.5,,,632.7627,,,35.8,3.5004888,6.29,,,,
1370,55,,49.05,119.54,,,-0.84,379.38,snow,"Temperate Grasslands, Savannas & Shrublands",,,0,10,,,grassland,,,,bulk soil,,623.7,116.9,,,9373.145166,4112.645166,5260.5,,,377.856,,,19.2,2.0020855,7.7,,,,
1371,55,,48.48,119.65,,,-1.87,354.03,snow,"Temperate Grasslands, Savannas & Shrublands",,,0,10,,,grassland,,,,bulk soil,,1237,219.1,,,18179.89543,8320.39543,9859.5,,,637.875,,,36.5,3.6559679,7.73,,,,
1372,55,,49.49,118.4,,,-0.94,313.06,snow,"Temperate Grasslands, Savannas & Shrublands",,,0,10,,,grassland,,,,bulk soil,,465.6,89.8,,,7078.630076,3037.630076,4041,,,284.08,,,13.3,1.4496718,8.3,,,,
1373,55,,48.81,116.79,,,0.96,244.8,arid,"Temperate Grasslands, Savannas & Shrublands",,,0,10,,,grassland,,,,bulk soil,,376.6,64.1,,,5451.043072,2566.543072,2884.5,,,284.2918,,,12.9,1.4111232,8.33,,,,
1374,55,,48.76,118.7,,,-1.21,330.88,snow,"Temperate Grasslands, Savannas & Shrublands",,,0,10,,,grassland,,,,bulk soil,,749.4,147,,,11472.54901,4857.549011,6615,,,461.3154,,,24.1,2.5818182,9.7,,,,
1375,55,,49.62,119.79,,,-2.28,359.45,snow,"Temperate Grasslands, Savannas & Shrublands",,,0,10,,,grassland,,,,bulk soil,,1443,74.3,,,15376.70484,12033.20484,3343.5,,,778.5687,,,46.9,4.3941948,8.41,,,,
1376,55,,43.58,116.69,,,1.93,314.92,snow,"Temperate Grasslands, Savannas & Shrublands",,,0,10,,,grassland,,,,bulk soil,,379.8,101.6,,,6685.952514,2113.952514,4572,,,258.0144,,,11.8,1.4202899,7.84,,,,
1377,55,,43.83,116.48,,,2.31,287.11,arid,"Temperate Grasslands, Savannas & Shrublands",,,0,10,,,grassland,,,,bulk soil,,629.8,118.3,,,9473.073252,4149.573252,5323.5,,,448.47,,,22.7,2.7060932,8.73,,,,
1378,55,,44.64,117.76,,,1.37,323.46,snow,"Temperate Grasslands, Savannas & Shrublands",,,0,10,,,grassland,,,,bulk soil,,646.1,116.2,,,9552.231123,4323.231123,5229,,,469.8624,,,24.3,2.7730901,8.14,,,,
1379,55,,43.93,116.29,,,2.31,287.11,arid,"Temperate Grasslands, Savannas & Shrublands",,,0,10,,,grassland,,,,bulk soil,,471.9,104.2,,,7598.476102,2909.476102,4689,,,321.468,,,15.1,1.7622951,8.87,,,,
1380,55,,43.74,116.11,,,2.31,287.11,arid,"Temperate Grasslands, Savannas & Shrublands",,,0,10,,,grassland,,,,bulk soil,,297.6,69,,,4897.641372,1792.641372,3105,,,265.8201,,,11.8,1.4270205,8.23,,,,
1381,55,,44.42,116.96,,,1.1,297.69,snow,"Temperate Grasslands, Savannas & Shrublands",,,0,10,,,grassland,,,,bulk soil,,301,37.6,,,3918.325733,2226.325733,1692,,,350.2278,,,16.6,1.9518779,9.24,,,,
1382,55,,45.59,117.04,,,0.7,255.72,snow,"Temperate Grasslands, Savannas & Shrublands",,,0,10,,,grassland,,,,bulk soil,,257.8,69.4,,,4552.30654,1429.30654,3123,,,292.4858,,,13.5,1.5191874,8.97,,,,
1383,55,,47.65,119.3,,,-0.97,317.96,snow,"Temperate Grasslands, Savannas & Shrublands",,,0,10,,,grassland,,,,bulk soil,,1015.6,164.9,,,14444.06525,7023.565251,7420.5,,,524.2792,,,28.9,2.9044266,7.76,,,,
1384,55,,48.6,116.63,,,0.96,244.8,arid,"Temperate Grasslands, Savannas & Shrublands",,,0,10,,,grassland,,,,bulk soil,,401.2,108.6,,,7103.692943,2216.692943,4887,,,323.0876,,,15.1,1.8110048,9.22,,,,
1385,55,,48.49,117.14,,,0.78,250.23,arid,"Temperate Grasslands, Savannas & Shrublands",,,0,10,,,grassland,,,,bulk soil,,206.6,56.4,,,3673.3886,1135.3886,2538,,,185.5026,,,7.7,0.8954704,8.85,,,,
1386,55,,46.6,119.5,,,-1.63,394.25,snow,"Temperate Grasslands, Savannas & Shrublands",,,0,10,,,grassland,,,,bulk soil,,520.6,81.8,,,7316.326728,3635.326728,3681,,,315.7672,,,15.8,1.4447489,9.06,,,,
1387,55,,46.27,118.54,,,-0.28,353.32,snow,"Temperate Grasslands, Savannas & Shrublands",,,0,10,,,grassland,,,,bulk soil,,390.5,65.8,,,5630.820033,2669.820033,2961,,,247.696,,,11.3,1.207265,8.34,,,,
1388,55,,45.41,116.91,,,0.46,255.78,arid,"Temperate Grasslands, Savannas & Shrublands",,,0,10,,,grassland,,,,bulk soil,,223.4,54.2,,,3753.83018,1314.83018,2439,,,171.01,,,7,0.8849558,7.71,,,,
1389,55,,44.08,115.91,,,2.01,274.54,arid,"Temperate Grasslands, Savannas & Shrublands",,,0,10,,,grassland,,,,bulk soil,,292.3,64.3,,,4698.775656,1805.275656,2893.5,,,235.6536,,,10.1,1.2396088,8.96,,,,
1390,55,,43.86,114.16,,,2.31,224.07,arid,"Temperate Grasslands, Savannas & Shrublands",,,0,10,,,grassland,,,,bulk soil,,169.1,63.9,,,3577.110488,701.6104884,2875.5,,,160.1733,,,6.2,0.8373656,9.09,,,,
1391,55,,41.52,110.69,,,3.69,272.89,arid,Deserts & Xeric Shrublands,,,0,10,,,grassland,,,,bulk soil,,272.2,49.1,,,4028.999295,1819.499295,2209.5,,,263.6785,,,11.4,1.5166445,8.03,,,,
1392,55,,41.5,108.83,,,6.55,222.97,arid,Deserts & Xeric Shrublands,,,0,10,,,grassland,,,,bulk soil,,130,38.6,,,2411.488652,674.4886518,1737,,,186.807,,,7.3,0.8721625,9.02,,,,
1393,55,,41.82,108.54,,,3.6,206.5,arid,Deserts & Xeric Shrublands,,,0,10,,,grassland,,,,bulk soil,,120.1,22.5,,,1804.565665,792.0656649,1012.5,,,145.5948,,,5.5,0.5263663,9.2,,,,
1394,55,,39.76,108.64,,,6.15,326.76,arid,Montane Grasslands & Shrublands,,,0,10,,,grassland,,,,bulk soil,,120.5,38.5,,,2322.77236,590.27236,1732.5,,,139.1544,,,5,0.5947867,9.25,,,,
1395,55,,39.15,107.93,,,7.61,268.07,arid,Montane Grasslands & Shrublands,,,0,10,,,grassland,,,,bulk soil,,110.9,39.6,,,2271.75157,489.7515703,1782,,,145.856,,,5.3,0.6324582,9.36,,,,
1396,55,,41.74,111.79,,,4.18,315.28,arid,"Temperate Grasslands, Savannas & Shrublands",,,0,10,,,grassland,,,,bulk soil,,273,58.9,,,4351.395896,1700.895896,2650.5,,,245.7807,,,10.5,1.2918719,9.56,,,,
1397,55,,42.09,112.16,,,4.26,221.56,arid,Deserts & Xeric Shrublands,,,0,10,,,grassland,,,,bulk soil,,168,32.7,,,2563.727433,1092.227433,1471.5,,,190.3872,,,7.7,0.9088757,9.26,,,,
1398,55,,43.3,112.26,,,4.71,155.65,arid,Deserts & Xeric Shrublands,,,0,10,,,grassland,,,,bulk soil,,126.7,36.6,,,2317.462815,670.462815,1647,,,112.4373,,,3.9,0.4949622,9.29,,,,
1399,55,,42.96,112.74,,,5.41,208.69,arid,Deserts & Xeric Shrublands,,,0,10,,,grassland,,,,bulk soil,,147.6,56.6,,,3148.821184,601.8211838,2547,,,147.2476,,,5.5,0.7070968,9.85,,,,
1400,55,,43.33,113.07,,,4.88,188.57,arid,Deserts & Xeric Shrublands,,,0,10,,,grassland,,,,bulk soil,,191.2,22.2,,,2434.816789,1435.816789,999,,,179.9444,,,7,0.977591,9.49,,,,
1401,21,Converted from AS-C to AS,41.52,123.4,,31,8.39,695.67,snow,Temperate Broadleaf & Mixed Forests,biochar,CK,0,20,,luvisol,cropland,,,,bulk soil,,1253.563562,106.9749401,,,14722.69833,9908.826027,4813.872305,,,8.80196,,,12.47,,,,,,
1402,21,Converted from AS-C to AS,41.52,123.4,,31,8.39,695.67,snow,Temperate Broadleaf & Mixed Forests,biochar,D1,0,20,,luvisol,cropland,,,,bulk soil,,1348.68282,106.7451738,,,15571.3817,10767.84888,4803.532821,,,15.0367,,,14.2,,,,,,
1403,21,Converted from AS-C to AS,41.52,123.4,,31,8.39,695.67,snow,Temperate Broadleaf & Mixed Forests,biochar,D2,0,20,,luvisol,cropland,,,,bulk soil,,1457.721971,121.2383015,,,17018.87534,11563.15177,5455.723568,,,33.7408,,,18.21,,,,,,
1404,21,Converted from AS-C to AS,41.52,123.4,,31,8.39,695.67,snow,Temperate Broadleaf & Mixed Forests,biochar,D3,0,20,,luvisol,cropland,,,,bulk soil,,1378.842585,118.2475532,,,16212.76967,10891.62978,5321.139894,,,45.8435,,,21.98,,,,,,
1405,21,Converted from AS-C to AS,41.52,123.4,,31,8.39,695.67,snow,Temperate Broadleaf & Mixed Forests,biochar,CK,0,20,,luvisol,cropland,,,,bulk soil,,1374.202622,132.050841,,,16614.96403,10672.67618,5942.287845,,,45.8435,,,12.84,,,,,,
1406,21,Converted from AS-C to AS,41.52,123.4,,31,8.39,695.67,snow,Temperate Broadleaf & Mixed Forests,biochar,D1,0,20,,luvisol,cropland,,,,bulk soil,,1622.440687,131.8210744,,,18841.71665,12909.7683,5931.948348,,,93.8875,,,15.86,,,,,,
1407,21,Converted from AS-C to AS,41.52,123.4,,31,8.39,695.67,snow,Temperate Broadleaf & Mixed Forests,biochar,D2,0,20,,luvisol,cropland,,,,bulk soil,,1436.842134,126.0693441,,,16986.33724,11313.21675,5673.120485,,,98.2885,,,19.75,,,,,,
1408,21,Converted from AS-C to AS,41.52,123.4,,31,8.39,695.67,snow,Temperate Broadleaf & Mixed Forests,biochar,D3,0,20,,luvisol,cropland,,,,bulk soil,,1402.042405,117.0976396,,,16384.58348,11115.1897,5269.393782,,,117.726,,,23.58,,,,,,
1409,21,Converted from AS-C to AS,41.52,123.4,,31,8.39,695.67,snow,Temperate Broadleaf & Mixed Forests,biochar,CK,0,20,,luvisol,cropland,,,,bulk soil,,1555.161212,123.3089028,,,17962.42509,12413.52447,5548.900626,,,59.4132,,,13.46,,,,,,
1410,21,Converted from AS-C to AS,41.52,123.4,,31,8.39,695.67,snow,Temperate Broadleaf & Mixed Forests,biochar,D1,0,20,,luvisol,cropland,,,,bulk soil,,1638.680561,116.4072591,,,18492.12223,13253.79557,5238.32666,,,84.3521,,,15.93,,,,,,
1411,21,Converted from AS-C to AS,41.52,123.4,,31,8.39,695.67,snow,Temperate Broadleaf & Mixed Forests,biochar,D2,0,20,,luvisol,cropland,,,,bulk soil,,1555.161212,112.2665969,,,17607.27231,12555.27545,5051.996861,,,94.9878,,,19.75,,,,,,
1412,21,Converted from AS-C to AS,41.52,123.4,,31,8.39,695.67,snow,Temperate Broadleaf & Mixed Forests,biochar,D3,0,20,,luvisol,cropland,,,,bulk soil,,1381.162568,99.38345623,,,15626.92511,11154.66958,4472.25553,,,84.3521,,,24.01,,,,,,
1413,21,Converted from AS-C to AS,41.52,123.4,,31,8.39,695.67,snow,Temperate Broadleaf & Mixed Forests,biochar,CK,0,20,,luvisol,cropland,,,,bulk soil,,1462.361934,99.38345623,,,16357.7194,11885.46387,4472.25553,,,64.5477,,,12.65,,,,,,
1414,21,Converted from AS-C to AS,41.52,123.4,,31,8.39,695.67,snow,Temperate Broadleaf & Mixed Forests,biochar,D1,0,20,,luvisol,cropland,,,,bulk soil,,1513.401537,114.3366577,,,17298.01443,12152.86483,5145.149597,,,122.861,,,15.31,,,,,,
1415,21,Converted from AS-C to AS,41.52,123.4,,31,8.39,695.67,snow,Temperate Broadleaf & Mixed Forests,biochar,D2,0,20,,luvisol,cropland,,,,bulk soil,,1518.0415,115.2568048,,,17369.36871,12182.8125,5186.556216,,,92.0538,,,19.88,,,,,,
1416,21,Converted from AS-C to AS,41.52,123.4,,31,8.39,695.67,snow,Temperate Broadleaf & Mixed Forests,biochar,D3,0,20,,luvisol,cropland,,,,bulk soil,,1467.001897,100.5333699,,,16436.46365,11912.462,4524.001646,,,103.423,,,24.38,,,,,,
1417,21,Converted from AS-C to AS,41.52,123.4,,31,8.39,695.67,snow,Temperate Broadleaf & Mixed Forests,biochar,CK,0,20,,luvisol,cropland,,,,bulk soil,,1469.32188,131.3610009,,,17448.85008,11537.60504,5911.245041,,,28.6064,,,12.9,,,,,,
1418,21,Converted from AS-C to AS,41.52,123.4,,31,8.39,695.67,snow,Temperate Broadleaf & Mixed Forests,biochar,D1,0,20,,luvisol,cropland,,,,bulk soil,,1515.721518,135.2718964,,,17992.23263,11904.9973,6087.235338,,,41.0758,,,16.11,,,,,,
1419,21,Converted from AS-C to AS,41.52,123.4,,31,8.39,695.67,snow,Temperate Broadleaf & Mixed Forests,biochar,D2,0,20,,luvisol,cropland,,,,bulk soil,,1457.721971,134.8118229,,,17455.4394,11388.90737,6066.532031,,,62.3472,,,19.51,,,,,,
1420,21,Converted from AS-C to AS,41.52,123.4,,31,8.39,695.67,snow,Temperate Broadleaf & Mixed Forests,biochar,D3,0,20,,luvisol,cropland,,,,bulk soil,,1376.522603,126.990032,,,16473.07347,10758.52203,5714.55144,,,77.7506,,,23.77,,,,,,
1421,54,,37.92,117.88,,2,14.03,515.97,snow,Temperate Broadleaf & Mixed Forests,,,0,20,,,cropland,,,,bulk soil,,223.37,106.63,,,5439.861993,641.5119934,4798.35,,,,,,10.07,1.08,5.17,,,,
1422,54,,37.92,117.88,,2,14.03,515.97,snow,Temperate Broadleaf & Mixed Forests,,,0,20,,,cropland,,,,bulk soil,,337.57,98.5,,,6206.177466,1773.677466,4432.5,,,,,,13.17,1.28,8.1,,,,
1423,54,,37.92,117.88,,3,14.03,515.97,snow,Temperate Broadleaf & Mixed Forests,,,0,20,,,cropland,,,,bulk soil,,314.17,62.53,,,4838.67729,2024.82729,2813.85,,,,,,12.51,1.27,8.16,,,,
1424,53,Converted from AS-C to AS,28.55,113.33,,88,17.25,1414.62,temperate,Tropical & Subtropical Moist Broadleaf Forests,fertilized; eCO2,N0 aCO2 Tillering,0,20,,Stagnic Anthrosol,cropland,,,,bulk soil,,876.2226136,62.79657885,,,9905.724766,7079.878718,2825.846048,,,,,,,,,,,,
1425,53,Converted from AS-C to AS,28.55,113.33,,88,17.25,1414.62,temperate,Tropical & Subtropical Moist Broadleaf Forests,fertilized; eCO3,N0 eCO2 Tillering,0,20,,Stagnic Anthrosol,cropland,,,,bulk soil,,1022.259716,80.81646671,,,11799.63087,8162.88987,3636.741002,,,,,,,,,,,,
1426,53,Converted from AS-C to AS,28.55,113.33,,88,17.25,1414.62,temperate,Tropical & Subtropical Moist Broadleaf Forests,fertilized; eCO4,N100 aCO2 Tillering,0,20,,Stagnic Anthrosol,cropland,,,,bulk soil,,864.5396453,63.88869327,,,9835.703639,6960.712442,2874.991197,,,,,,,,,,,,
1427,53,Converted from AS-C to AS,28.55,113.33,,88,17.25,1414.62,temperate,Tropical & Subtropical Moist Broadleaf Forests,fertilized; eCO5,N100 eCO2 Tillering,0,20,,Stagnic Anthrosol,cropland,,,,bulk soil,,928.7959702,64.98080768,,,10449.13615,7524.999804,2924.136346,,,,,,,,,,,,
1428,53,Converted from AS-C to AS,28.55,113.33,,88,17.25,1414.62,temperate,Tropical & Subtropical Moist Broadleaf Forests,fertilized; eCO6,N0 aCO2 Booting,0,20,,Stagnic Anthrosol,cropland,,,,bulk soil,,1156.61385,86.27703878,,,13184.44601,9301.979267,3882.466745,,,,,,,,,,,,
1429,53,Converted from AS-C to AS,28.55,113.33,,88,17.25,1414.62,temperate,Tropical & Subtropical Moist Broadleaf Forests,fertilized; eCO7,N0 eCO2 Booting,0,20,,Stagnic Anthrosol,cropland,,,,bulk soil,,917.113002,70.44137976,,,10519.61737,7349.755281,3169.862089,,,,,,,,,,,,
1430,53,Converted from AS-C to AS,28.55,113.33,,88,17.25,1414.62,temperate,Tropical & Subtropical Moist Broadleaf Forests,fertilized; eCO8,N100 aCO2 Booting,0,20,,Stagnic Anthrosol,cropland,,,,bulk soil,,946.3204224,72.07955138,,,10835.17253,7591.592722,3243.579812,,,,,,,,,,,,
1431,53,Converted from AS-C to AS,28.55,113.33,,88,17.25,1414.62,temperate,Tropical & Subtropical Moist Broadleaf Forests,fertilized; eCO9,N100 eCO2 Booting,0,20,,Stagnic Anthrosol,cropland,,,,bulk soil,,940.4789384,63.88869327,,,10519.15728,7644.166079,2874.991197,,,,,,,,,,,,
1432,52,,37.88,114.68,,,14.03,486.89,arid,Temperate Broadleaf & Mixed Forests,fertilizer,N,0,10,,Argic Rusty Ustic Cambisol,cropland,,,2017,bulk soil,,171.1,10.4,,,1874.394352,1406.394352,468,,,,,10.2,,,,,,,
1433,52,,37.88,114.68,,,14.03,486.89,arid,Temperate Broadleaf & Mixed Forests,fertilizer,N,10,20,,Argic Rusty Ustic Cambisol,cropland,,,2017,bulk soil,,176.4,9.5,,,1893.147725,1465.647725,427.5,,,,,9.2,,,,,,,
1434,51,,27.42,100.25,,,13.54,943.97,temperate,Temperate Conifer Forests,fertilizer,N,0,10,,Luvisols,forest,,,2020,bulk soil,,1901.38,55.86,,,18909.04062,16395.34062,2513.7,,,,,,,,,,,,
1435,51,,27.42,100.25,,,13.54,943.97,temperate,Temperate Conifer Forests,fertilizer,N,0,10,,Luvisols,forest,,,2020,bulk soil,,564.41,38.13,,,6306.06208,4590.21208,1715.85,,,,,,,,,,,,
1436,50,,37.62,101.2,,,-2.35,467.23,polar,Montane Grasslands & Shrublands,warming,,,,,,grassland,,,,bulk soil,,4909,193,,,50388.44326,41703.44326,8685,,,,,76.96,,,,,,,
1437,49,,42.2,125.55,,488,4.47,794.85,snow,Temperate Broadleaf & Mixed Forests,tillage,control,0,5,,Typic Hapludoll,cropland,,,2007,bulk soil,,426.2,88.6,149.7,22.9,6685.434574,2698.434574,3987,,,,,16.5,,1.39,6.48,,36,24,40
1438,49,,42.2,125.55,,488,4.47,794.85,snow,Temperate Broadleaf & Mixed Forests,tillage,"no tillage, corn and soybean",0,5,,Typic Hapludoll,cropland,,,2007,bulk soil,,713.6,122.3,262.3,13.8,10355.92493,4852.424925,5503.5,,,,,16.5,,1.39,6.48,,36,24,40
1439,49,,42.2,125.55,,488,4.47,794.85,snow,Temperate Broadleaf & Mixed Forests,tillage,"no tillage, corn monoculture",0,5,,Typic Hapludoll,cropland,,,2007,bulk soil,,876.5,119.8,301.6,18.9,11741.61763,6350.617629,5391,,,,,16.5,,1.39,6.48,,36,24,40
1440,49,,42.2,125.55,,488,4.47,794.85,snow,Temperate Broadleaf & Mixed Forests,tillage,control,5,10,,Typic Hapludoll,cropland,,,2007,bulk soil,,444.4,73.1,171.6,6,6350.709338,3061.209338,3289.5,,,,,16.3,,1.39,6.45,,35.8,23.7,40.4
1441,49,,42.2,125.55,,488,4.47,794.85,snow,Temperate Broadleaf & Mixed Forests,tillage,"no tillage, corn and soybean",5,10,,Typic Hapludoll,cropland,,,2007,bulk soil,,590,109.2,229.1,12.3,8822.190694,3908.190694,4914,,,,,16.3,,1.39,6.45,,35.8,23.7,40.4
1442,49,,42.2,125.55,,488,4.47,794.85,snow,Temperate Broadleaf & Mixed Forests,tillage,"no tillage, corn monoculture",5,10,,Typic Hapludoll,cropland,,,2007,bulk soil,,721.4,119,281.2,14.8,10319.98729,4964.987295,5355,,,,,16.3,,1.39,6.45,,35.8,23.7,40.4
1443,49,,42.2,125.55,,488,4.47,794.85,snow,Temperate Broadleaf & Mixed Forests,tillage,control,10,20,,Typic Hapludoll,cropland,,,2007,bulk soil,,396.2,76.9,168.8,6.8,6039.128428,2578.628428,3460.5,,,,,16.3,,1.39,6.51,,35.6,24.3,40
1444,49,,42.2,125.55,,488,4.47,794.85,snow,Temperate Broadleaf & Mixed Forests,tillage,"no tillage, corn and soybean",10,20,,Typic Hapludoll,cropland,,,2007,bulk soil,,585.9,107.9,238.5,10.8,8743.4789,3887.9789,4855.5,,,,,16.3,,1.39,6.51,,35.6,24.3,40
1445,49,,42.2,125.55,,488,4.47,794.85,snow,Temperate Broadleaf & Mixed Forests,tillage,"no tillage, corn monoculture",10,20,,Typic Hapludoll,cropland,,,2007,bulk soil,,651.7,108.2,268.8,12.9,9345.327775,4476.327775,4869,,,,,16.3,,1.39,6.51,,35.6,24.3,40
1446,48,,47.26,126.38,,158,2.06,509.46,snow,Temperate Broadleaf & Mixed Forests,,,0,20,,Udolls,cropland,,,,bulk soil,,843,78,,,10095.70764,6585.707638,3510,,,118,,,24.2,1.84,6.13,,40.8,32.4,25.7
1447,48,,47.26,126.38,,158,2.06,509.46,snow,Temperate Broadleaf & Mixed Forests,,,0,20,,Udolls,grassland,,,,bulk soil,,1251,86,,,14025.01099,10155.01099,3870,,,516,,,31.9,2.76,6.21,,40.8,32.4,25.7
1448,48,,47.26,126.38,,158,2.06,509.46,snow,Temperate Broadleaf & Mixed Forests,,,0,20,,Udolls,cropland,,,,bulk soil,,1054,88,,,12316.33682,8356.336823,3960,,,156,,,27.1,2.05,6.12,,40.8,32.4,25.7
1449,47,,42.13,-82.44,,188,9.21,841.26,snow,Temperate Broadleaf & Mixed Forests,tillage,Long-term no-tillage,0,10,,Typic Argiaquolls,cropland,,,,bulk soil,,958,161,,,13800.22987,6555.229869,7245,,,,,,23.16,,,,37,35,28
1450,47,,42.13,-82.44,,188,9.21,841.26,snow,Temperate Broadleaf & Mixed Forests,tillage,Long-term moldboard plow tillage,0,10,,Typic Argiaquolls,cropland,,,,bulk soil,,1080,142,,,14287.13442,7897.134419,6390,,,,,,23.16,,,,37,28,35
1451,47,,42.13,-82.44,,188,9.21,841.26,snow,Temperate Broadleaf & Mixed Forests,tillage,Long-term Kentucky bluegrass sod,0,10,,Typic Argiaquolls,cropland,,,,bulk soil,,1430,203,,,19399.07244,10264.07244,9135,,,,,,23.16,,,,37,28,35
1452,47,,42.13,-82.44,,188,9.21,841.26,snow,Temperate Broadleaf & Mixed Forests,tillage,Long-term no-tillage,10,20,,Typic Argiaquolls,cropland,,,,bulk soil,,1001,133,,,13286.66815,7301.668153,5985,,,,,,23.16,,,,37,28,35
1453,47,,42.13,-82.44,,188,9.21,841.26,snow,Temperate Broadleaf & Mixed Forests,tillage,Long-term moldboard plow tillage,10,20,,Typic Argiaquolls,cropland,,,,bulk soil,,918,133,,,12539.66815,6554.668153,5985,,,,,,23.16,,,,37,28,35
1454,47,,42.13,-82.44,,188,9.21,841.26,snow,Temperate Broadleaf & Mixed Forests,tillage,Long-term Kentucky bluegrass sod,10,20,,Typic Argiaquolls,cropland,,,,bulk soil,,1020,107,,,12621.43227,7806.432273,4815,,,,,,23.16,,,,37,28,35
1455,47,,42.13,-82.44,,188,9.21,841.26,snow,Temperate Broadleaf & Mixed Forests,tillage,Long-term moldboard plow tillage-14year,0,5,,Typic Argiaquolls,cropland,,,,bulk soil,,953.667,190.368,,,14705.79346,6139.233458,8566.56,,,,,,23.16,,,,37,28,35
1456,47,,42.13,-82.44,,188,9.21,841.26,snow,Temperate Broadleaf & Mixed Forests,tillage,Long-term moldboard plow tillage-19year,0,5,,Typic Argiaquolls,cropland,,,,bulk soil,,1013.69,156.278,,,14149.56657,7117.056568,7032.51,,,,,,23.16,,,,37,28,35
1457,47,,42.13,-82.44,,188,9.21,841.26,snow,Temperate Broadleaf & Mixed Forests,tillage,Long-term moldboard plow tillage-24year,0,5,,Typic Argiaquolls,cropland,,,,bulk soil,,1029.97,137.846,,,13703.25966,7500.189655,6203.07,,,,,,23.16,,,,37,28,35
1458,47,,42.13,-82.44,,188,9.21,841.26,snow,Temperate Broadleaf & Mixed Forests,tillage,Long-term moldboard plow tillage-29year,0,5,,Typic Argiaquolls,cropland,,,,bulk soil,,993.897,133.762,,,13247.2493,7227.959297,6019.29,,,,,,23.16,,,,37,28,35
1459,47,,42.13,-82.44,,188,9.21,841.26,snow,Temperate Broadleaf & Mixed Forests,tillage,Long-term no-tillage-14year,0,5,,Typic Argiaquolls,cropland,,,,bulk soil,,1364.16,138.19,,,16722.0337,10503.4837,6218.55,,,,,,23.16,,,,37,28,35
1460,47,,42.13,-82.44,,188,9.21,841.26,snow,Temperate Broadleaf & Mixed Forests,tillage,Long-term no-tillage-19year,0,5,,Typic Argiaquolls,cropland,,,,bulk soil,,1258.2,123.673,,,15301.48461,9736.199612,5565.285,,,,,,23.16,,,,37,28,35
1461,47,,42.13,-82.44,,188,9.21,841.26,snow,Temperate Broadleaf & Mixed Forests,tillage,Long-term no-tillage-24year,0,5,,Typic Argiaquolls,cropland,,,,bulk soil,,1187.21,100.02,,,13901.8251,9400.925102,4500.9,,,,,,23.16,,,,37,28,35
1462,47,,42.13,-82.44,,188,9.21,841.26,snow,Temperate Broadleaf & Mixed Forests,tillage,Long-term no-tillage-29year,0,5,,Typic Argiaquolls,cropland,,,,bulk soil,,1116.17,89.4121,,,12921.28408,8897.73958,4023.5445,,,,,,23.16,,,,37,28,35
1463,47,,42.13,-82.44,,188,9.21,841.26,snow,Temperate Broadleaf & Mixed Forests,tillage,Long-term Kentucky bluegrass sod-14year,0,5,,Typic Argiaquolls,cropland,,,,bulk soil,,1844.52,255.58,,,24820.8787,13319.7787,11501.1,,,,,,23.16,,,,37,28,35
1464,47,,42.13,-82.44,,188,9.21,841.26,snow,Temperate Broadleaf & Mixed Forests,tillage,Long-term Kentucky bluegrass sod-24year,0,5,,Typic Argiaquolls,cropland,,,,bulk soil,,2174.11,270.888,,,28279.53865,16089.57865,12189.96,,,,,,23.16,,,,37,28,35
1465,47,,42.13,-82.44,,188,9.21,841.26,snow,Temperate Broadleaf & Mixed Forests,tillage,Long-term Kentucky bluegrass sod-29year,0,5,,Typic Argiaquolls,cropland,,,,bulk soil,,2295.22,277.239,,,29573.79535,17098.04035,12475.755,,,,,,23.16,,,,37,28,35
1466,47,,42.13,-82.44,,188,9.21,841.26,snow,Temperate Broadleaf & Mixed Forests,tillage,Long-term moldboard plow tillage-14year,5,10,,Typic Argiaquolls,cropland,,,,bulk soil,,975.536,168.843,,,14210.30764,6612.372638,7597.935,,,,,,23.16,,,,37,28,35
1467,47,,42.13,-82.44,,188,9.21,841.26,snow,Temperate Broadleaf & Mixed Forests,tillage,Long-term moldboard plow tillage-19year,5,10,,Typic Argiaquolls,cropland,,,,bulk soil,,,124.322,,,,,5594.49,,,,,,23.16,,,,37,28,35
1468,47,,42.13,-82.44,,188,9.21,841.26,snow,Temperate Broadleaf & Mixed Forests,tillage,Long-term moldboard plow tillage-24year,5,10,,Typic Argiaquolls,cropland,,,,bulk soil,,955.758,90.2405,,,11504.21984,7443.397342,4060.8225,,,,,,23.16,,,,37,28,35
1469,47,,42.13,-82.44,,188,9.21,841.26,snow,Temperate Broadleaf & Mixed Forests,tillage,Long-term moldboard plow tillage-29year,5,10,,Typic Argiaquolls,cropland,,,,bulk soil,,989.564,87.4587,,,11719.00304,7783.361535,3935.6415,,,,,,23.16,,,,37,28,35
1470,47,,42.13,-82.44,,188,9.21,841.26,snow,Temperate Broadleaf & Mixed Forests,tillage,Long-term no-tillage-14year,5,10,,Typic Argiaquolls,cropland,,,,bulk soil,,992.989,163.628,,,14199.65502,6836.395019,7363.26,,,,,,23.16,,,,37,28,35
1471,47,,42.13,-82.44,,188,9.21,841.26,snow,Temperate Broadleaf & Mixed Forests,tillage,Long-term no-tillage-19year,5,10,,Typic Argiaquolls,cropland,,,,bulk soil,,956.913,130.844,,,12820.5419,6932.561901,5887.98,,,,,,23.16,,,,37,28,35
1472,47,,42.13,-82.44,,188,9.21,841.26,snow,Temperate Broadleaf & Mixed Forests,tillage,Long-term no-tillage-24year,5,10,,Typic Argiaquolls,cropland,,,,bulk soil,,850.954,105.886,,,11064.18878,6299.318782,4764.87,,,,,,23.16,,,,37,28,35
1473,47,,42.13,-82.44,,188,9.21,841.26,snow,Temperate Broadleaf & Mixed Forests,tillage,Long-term no-tillage-29year,5,10,,Typic Argiaquolls,cropland,,,,bulk soil,,884.72,99.1936,,,11152.83567,6689.123667,4463.712,,,,,,23.16,,,,37,28,35
1474,47,,42.13,-82.44,,188,9.21,841.26,snow,Temperate Broadleaf & Mixed Forests,tillage,Long-term Kentucky bluegrass sod-14year,5,10,,Typic Argiaquolls,cropland,,,,bulk soil,,1115.27,159.715,,,15174.33052,7987.155519,7187.175,,,,,,23.16,,,,37,28,35
1475,47,,42.13,-82.44,,188,9.21,841.26,snow,Temperate Broadleaf & Mixed Forests,tillage,Long-term Kentucky bluegrass sod-24year,5,10,,Typic Argiaquolls,cropland,,,,bulk soil,,1147.91,232.409,,,17806.14171,7347.736712,10458.405,,,,,,23.16,,,,37,28,35
1476,47,,42.13,-82.44,,188,9.21,841.26,snow,Temperate Broadleaf & Mixed Forests,tillage,Long-term Kentucky bluegrass sod-29year,5,10,,Typic Argiaquolls,cropland,,,,bulk soil,,1251.55,240.062,,,18985.04453,8182.254527,10802.79,,,,,,23.16,,,,37,28,35
1477,47,,42.13,-82.44,,188,9.21,841.26,snow,Temperate Broadleaf & Mixed Forests,tillage,Long-term moldboard plow tillage-14year,10,20,,Typic Argiaquolls,cropland,,,,bulk soil,,1032.31,147.322,,,14029.09547,7399.605471,6629.49,,,,,,23.16,,,,37,28,35
1478,47,,42.13,-82.44,,188,9.21,841.26,snow,Temperate Broadleaf & Mixed Forests,tillage,Long-term moldboard plow tillage-19year,10,20,,Typic Argiaquolls,cropland,,,,bulk soil,,935.1,113.234,,,12057.83591,6962.305907,5095.53,,,,,,23.16,,,,37,28,35
1479,47,,42.13,-82.44,,188,9.21,841.26,snow,Temperate Broadleaf & Mixed Forests,tillage,Long-term moldboard plow tillage-24year,10,20,,Typic Argiaquolls,cropland,,,,bulk soil,,881.556,83.0656,,,10605.63612,6867.684118,3737.952,,,,,,23.16,,,,37,28,35
1480,47,,42.13,-82.44,,188,9.21,841.26,snow,Temperate Broadleaf & Mixed Forests,tillage,Long-term moldboard plow tillage-29year,10,20,,Typic Argiaquolls,cropland,,,,bulk soil,,915.322,88.1078,,,11071.70199,7106.850985,3964.851,,,,,,23.16,,,,37,28,35
1481,47,,42.13,-82.44,,188,9.21,841.26,snow,Temperate Broadleaf & Mixed Forests,tillage,Long-term no-tillage-14year,10,20,,Typic Argiaquolls,cropland,,,,bulk soil,,936.227,135.581,,,12786.72365,6685.578645,6101.145,,,,,,23.16,,,,37,28,35
1482,47,,42.13,-82.44,,188,9.21,841.26,snow,Temperate Broadleaf & Mixed Forests,tillage,Long-term no-tillage-19year,10,20,,Typic Argiaquolls,cropland,,,,bulk soil,,873.964,104.104,,,11213.96446,6529.284461,4684.68,,,,,,23.16,,,,37,28,35
1483,47,,42.13,-82.44,,188,9.21,841.26,snow,Temperate Broadleaf & Mixed Forests,tillage,Long-term no-tillage-24year,10,20,,Typic Argiaquolls,cropland,,,,bulk soil,,898.982,81.7551,,,10720.32061,7041.341113,3678.9795,,,,,,23.16,,,,37,28,35
1484,47,,42.13,-82.44,,188,9.21,841.26,snow,Temperate Broadleaf & Mixed Forests,tillage,Long-term no-tillage-29year,10,20,,Typic Argiaquolls,cropland,,,,bulk soil,,906.602,81.5861,,,10783.46508,7112.09058,3671.3745,,,,,,23.16,,,,37,28,35
1485,47,,42.13,-82.44,,188,9.21,841.26,snow,Temperate Broadleaf & Mixed Forests,tillage,Long-term Kentucky bluegrass sod-14year,10,20,,Typic Argiaquolls,cropland,,,,bulk soil,,1075.99,108.19,,,13163.61615,8295.066146,4868.55,,,,,,23.16,,,,37,28,35
1486,47,,42.13,-82.44,,188,9.21,841.26,snow,Temperate Broadleaf & Mixed Forests,tillage,Long-term Kentucky bluegrass sod-24year,10,20,,Typic Argiaquolls,cropland,,,,bulk soil,,1195.95,204.369,,,17336.65348,8140.048479,9196.605,,,,,,23.16,,,,37,28,35
1487,47,,42.13,-82.44,,188,9.21,841.26,snow,Temperate Broadleaf & Mixed Forests,tillage,Long-term Kentucky bluegrass sod-29year,10,20,,Typic Argiaquolls,cropland,,,,bulk soil,,1194.81,221.15,,,17866.11941,7914.369413,9951.75,,,,,,23.16,,,,37,28,35
1488,47,,42.13,-82.44,,188,9.21,841.26,snow,Temperate Broadleaf & Mixed Forests,tillage,Long-term no-tillage (NT) to moldboard plowing-1year,0,5,,Typic Argiaquolls,cropland,,,,bulk soil,,881.815,129.607,,,12104.87437,6272.55937,5832.315,,,,,,23.16,,,,37,28,35
1489,47,,42.13,-82.44,,188,9.21,841.26,snow,Temperate Broadleaf & Mixed Forests,tillage,Long-term no-tillage (NT) to moldboard plowing-6year,0,5,,Typic Argiaquolls,cropland,,,,bulk soil,,921.862,118.889,,,12120.57521,6770.570211,5350.005,,,,,,23.16,,,,37,28,35
1490,47,,42.13,-82.44,,188,9.21,841.26,snow,Temperate Broadleaf & Mixed Forests,tillage,Long-term no-tillage (NT) to moldboard plowing-11year,0,5,,Typic Argiaquolls,cropland,,,,bulk soil,,935.6,108.189,,,11900.07398,7031.568983,4868.505,,,,,,23.16,,,,37,28,35
1491,47,,42.13,-82.44,,188,9.21,841.26,snow,Temperate Broadleaf & Mixed Forests,tillage,Long-term no-tillage (NT) to moldboard plowing-16year,0,5,,Typic Argiaquolls,cropland,,,,bulk soil,,929.594,105.332,,,11754.13053,7014.190525,4739.94,,,,,,23.16,,,,37,28,35
1492,47,,42.13,-82.44,,188,9.21,841.26,snow,Temperate Broadleaf & Mixed Forests,tillage,Long-term no-tillage (NT) to moldboard plowing-1year,5,10,,Typic Argiaquolls,cropland,,,,bulk soil,,857.687,130.043,,,11901.7454,6049.810403,5851.935,,,,,,23.16,,,,37,28,35
1493,47,,42.13,-82.44,,188,9.21,841.26,snow,Temperate Broadleaf & Mixed Forests,tillage,Long-term no-tillage (NT) to moldboard plowing-6year,5,10,,Typic Argiaquolls,cropland,,,,bulk soil,,897.734,108.846,,,11580.41102,6682.341021,4898.07,,,,,,23.16,,,,37,28,35
1494,47,,42.13,-82.44,,188,9.21,841.26,snow,Temperate Broadleaf & Mixed Forests,tillage,Long-term no-tillage (NT) to moldboard plowing-11year,5,10,,Typic Argiaquolls,cropland,,,,bulk soil,,950.94,108.615,,,12051.83539,7164.160386,4887.675,,,,,,23.16,,,,37,28,35
1495,47,,42.13,-82.44,,188,9.21,841.26,snow,Temperate Broadleaf & Mixed Forests,tillage,Long-term no-tillage (NT) to moldboard plowing-16year,5,10,,Typic Argiaquolls,cropland,,,,bulk soil,,931.789,104.45,,,11745.51783,7045.267831,4700.25,,,,,,23.16,,,,37,28,35
1496,47,,42.13,-82.44,,188,9.21,841.26,snow,Temperate Broadleaf & Mixed Forests,tillage,Long-term no-tillage (NT) to moldboard plowing-1year,10,20,,Typic Argiaquolls,cropland,,,,bulk soil,,938.824,142.267,,,13025.13792,6623.122918,6402.015,,,,,,23.16,,,,37,28,35
1497,47,,42.13,-82.44,,188,9.21,841.26,snow,Temperate Broadleaf & Mixed Forests,tillage,Long-term no-tillage (NT) to moldboard plowing-6year,10,20,,Typic Argiaquolls,cropland,,,,bulk soil,,840.711,121.073,,,11460.46002,6012.175024,5448.285,,,,,,23.16,,,,37,28,35
1498,47,,42.13,-82.44,,188,9.21,841.26,snow,Temperate Broadleaf & Mixed Forests,tillage,Long-term no-tillage (NT) to moldboard plowing-11year,10,20,,Typic Argiaquolls,cropland,,,,bulk soil,,880.758,88.0992,,,10760.34938,6795.885384,3964.464,,,,,,23.16,,,,37,28,35
1499,47,,42.13,-82.44,,188,9.21,841.26,snow,Temperate Broadleaf & Mixed Forests,tillage,Long-term no-tillage (NT) to moldboard plowing-16year,10,20,,Typic Argiaquolls,cropland,,,,bulk soil,,907.648,82.6194,,,10826.11302,7108.240024,3717.873,,,,,,23.16,,,,37,28,35
1500,47,,42.13,-82.44,,188,9.21,841.26,snow,Temperate Broadleaf & Mixed Forests,tillage,Long-term moldboard plowing (MP) to notillage (NT)-1year,0,5,,Typic Argiaquolls,cropland,,,,bulk soil,,885.965,98.2533,,,11133.79787,6712.399374,4421.3985,,,,,,23.16,,,,37,28,35
1501,47,,42.13,-82.44,,188,9.21,841.26,snow,Temperate Broadleaf & Mixed Forests,tillage,Long-term moldboard plowing (MP) to notillage (NT)-6year,0,5,,Typic Argiaquolls,cropland,,,,bulk soil,,1039.47,102.183,,,12641.7335,8043.498495,4598.235,,,,,,23.16,,,,37,28,35
1502,47,,42.13,-82.44,,188,9.21,841.26,snow,Temperate Broadleaf & Mixed Forests,tillage,Long-term moldboard plowing (MP) to notillage (NT)-11year,0,5,,Typic Argiaquolls,cropland,,,,bulk soil,,1070.18,116.594,,,13381.62331,8134.893313,5246.73,,,,,,23.16,,,,37,28,35
1503,47,,42.13,-82.44,,188,9.21,841.26,snow,Temperate Broadleaf & Mixed Forests,tillage,Long-term moldboard plowing (MP) to notillage (NT)-16year,0,5,,Typic Argiaquolls,cropland,,,,bulk soil,,1109.65,115.284,,,13694.71989,8506.93989,5187.78,,,,,,23.16,,,,37,28,35
1504,47,,42.13,-82.44,,188,9.21,841.26,snow,Temperate Broadleaf & Mixed Forests,tillage,Long-term moldboard plowing (MP) to notillage (NT)-1year,5,10,,Typic Argiaquolls,cropland,,,,bulk soil,,899.123,166.376,,,13443.24472,5956.324719,7486.92,,,,,,23.16,,,,37,28,35
1505,47,,42.13,-82.44,,188,9.21,841.26,snow,Temperate Broadleaf & Mixed Forests,tillage,Long-term moldboard plowing (MP) to notillage (NT)-6year,5,10,,Typic Argiaquolls,cropland,,,,bulk soil,,947.368,124.454,,,12529.11585,6928.685852,5600.43,,,,,,23.16,,,,37,28,35
1506,47,,42.13,-82.44,,188,9.21,841.26,snow,Temperate Broadleaf & Mixed Forests,tillage,Long-term moldboard plowing (MP) to notillage (NT)-11year,5,10,,Typic Argiaquolls,cropland,,,,bulk soil,,925.439,104.803,,,11699.72134,6983.586341,4716.135,,,,,,23.16,,,,37,28,35
1507,47,,42.13,-82.44,,188,9.21,841.26,snow,Temperate Broadleaf & Mixed Forests,tillage,Long-term moldboard plowing (MP) to notillage (NT)-16year,5,10,,Typic Argiaquolls,cropland,,,,bulk soil,,899.123,106.114,,,11505.04293,6729.912927,4775.13,,,,,,23.16,,,,37,28,35
1508,47,,42.13,-82.44,,188,9.21,841.26,snow,Temperate Broadleaf & Mixed Forests,tillage,Long-term moldboard plowing (MP) to notillage (NT)-1year,10,20,,Typic Argiaquolls,cropland,,,,bulk soil,,938.596,134.934,,,12787.23524,6715.205237,6072.03,,,,,,23.16,,,,37,28,35
1509,47,,42.13,-82.44,,188,9.21,841.26,snow,Temperate Broadleaf & Mixed Forests,tillage,Long-term moldboard plowing (MP) to notillage (NT)-6year,10,20,,Typic Argiaquolls,cropland,,,,bulk soil,,938.596,136.245,,,12829.40082,6698.375823,6131.025,,,,,,23.16,,,,37,28,35
1510,47,,42.13,-82.44,,188,9.21,841.26,snow,Temperate Broadleaf & Mixed Forests,tillage,Long-term moldboard plowing (MP) to notillage (NT)-11year,10,20,,Typic Argiaquolls,cropland,,,,bulk soil,,899.123,140.175,,,12600.54409,6292.669093,6307.875,,,,,,23.16,,,,37,28,35
1511,47,,42.13,-82.44,,188,9.21,841.26,snow,Temperate Broadleaf & Mixed Forests,tillage,Long-term moldboard plowing (MP) to notillage (NT)-16year,10,20,,Typic Argiaquolls,cropland,,,,bulk soil,,938.596,151.965,,,13335.0019,6496.576901,6838.425,,,,,,23.16,,,,37,28,35
1512,47,,42.13,-82.44,,188,9.21,841.26,snow,Temperate Broadleaf & Mixed Forests,tillage,Long-term bluegrass sod (BG) to moldboard plowing-1year,0,5,,Typic Argiaquolls,cropland,,,,bulk soil,,912.667,93.8813,,,11233.4996,7008.841095,4224.6585,,,,,,23.16,,,,37,28,35
1513,47,,42.13,-82.44,,188,9.21,841.26,snow,Temperate Broadleaf & Mixed Forests,tillage,Long-term bluegrass sod (BG) to moldboard plowing-11year,0,5,,Typic Argiaquolls,cropland,,,,bulk soil,,1084.69,140.05,,,14266.62673,7964.376728,6302.25,,,,,,23.16,,,,37,28,35
1514,47,,42.13,-82.44,,188,9.21,841.26,snow,Temperate Broadleaf & Mixed Forests,tillage,Long-term bluegrass sod (BG) to moldboard plowing-16year,0,5,,Typic Argiaquolls,cropland,,,,bulk soil,,1072.85,149.326,,,14458.40996,7738.739959,6719.67,,,,,,23.16,,,,37,28,35
1515,47,,42.13,-82.44,,188,9.21,841.26,snow,Temperate Broadleaf & Mixed Forests,tillage,Long-term bluegrass sod (BG) to moldboard plowing-1year,5,10,,Typic Argiaquolls,cropland,,,,bulk soil,,1169.93,143.201,,,15135.13208,8691.087084,6444.045,,,,,,23.16,,,,37,28,35
1516,47,,42.13,-82.44,,188,9.21,841.26,snow,Temperate Broadleaf & Mixed Forests,tillage,Long-term bluegrass sod (BG) to moldboard plowing-11year,5,10,,Typic Argiaquolls,cropland,,,,bulk soil,,1146.27,154.017,,,15270.06621,8339.30121,6930.765,,,,,,23.16,,,,37,28,35
1517,47,,42.13,-82.44,,188,9.21,841.26,snow,Temperate Broadleaf & Mixed Forests,tillage,Long-term bluegrass sod (BG) to moldboard plowing-16year,5,10,,Typic Argiaquolls,cropland,,,,bulk soil,,1058.31,159.391,,,14651.26973,7478.674733,7172.595,,,,,,23.16,,,,37,28,35
1518,47,,42.13,-82.44,,188,9.21,841.26,snow,Temperate Broadleaf & Mixed Forests,tillage,Long-term bluegrass sod (BG) to moldboard plowing-1year,10,20,,Typic Argiaquolls,cropland,,,,bulk soil,,1340.18,161.056,,,17241.65099,9994.130992,7247.52,,,,,,23.16,,,,37,28,35
1519,47,,42.13,-82.44,,188,9.21,841.26,snow,Temperate Broadleaf & Mixed Forests,tillage,Long-term bluegrass sod (BG) to moldboard plowing-11year,10,20,,Typic Argiaquolls,cropland,,,,bulk soil,,1175.21,166.633,,,15936.29359,8437.808589,7498.485,,,,,,23.16,,,,37,28,35
1520,47,,42.13,-82.44,,188,9.21,841.26,snow,Temperate Broadleaf & Mixed Forests,tillage,Long-term bluegrass sod (BG) to moldboard plowing-16year,10,20,,Typic Argiaquolls,cropland,,,,bulk soil,,1076.46,,,,,,,,,,,,23.16,,,,37,28,35
1521,46,,44.2,125.55,,201,5.05,554.17,snow,Temperate Broadleaf & Mixed Forests,tillage,NTCS,0,5,,,cropland,,,,bulk soil,,1046.6,54.1,271.2,,11159.41389,8724.913888,2434.5,,,,,16.5,,1.4,5.72,,36,24,40
1522,46,,44.2,125.55,,201,5.05,554.17,snow,Temperate Broadleaf & Mixed Forests,tillage,MPCS,0,5,,,cropland,,,,bulk soil,,642.8,40.9,232.2,,7100.663364,5260.163364,1840.5,,,,,16.5,,1.4,6.5,,,,
1523,46,,44.2,125.55,,201,5.05,554.17,snow,Temperate Broadleaf & Mixed Forests,tillage,NTCC,0,5,,,cropland,,,,bulk soil,,1011.7,61.5,269.3,,11083.31948,8315.819484,2767.5,,,,,16.3,,1.4,6.5,,,,
1524,46,,44.2,125.55,,201,5.05,554.17,snow,Temperate Broadleaf & Mixed Forests,tillage,MPCC,0,5,,,cropland,,,,bulk soil,,648.3,46.5,233,,7330.275708,5237.775708,2092.5,,,,,16.3,,1.4,6.5,,,,
1525,46,,44.2,125.55,,201,5.05,554.17,snow,Temperate Broadleaf & Mixed Forests,tillage,CTCC,0,5,,,cropland,,,,bulk soil,,630.1,41.3,230.3,,6999.228532,5140.728532,1858.5,,,,,16.1,,1.4,6.5,,,,
1526,46,,44.2,125.55,,201,5.05,554.17,snow,Temperate Broadleaf & Mixed Forests,tillage,NTCS,5,10,,,cropland,,,,bulk soil,,658,39.2,229.8,,7182.786403,5418.786403,1764,,,,,16.1,,1.4,6.5,,,,
1527,46,,44.2,125.55,,201,5.05,554.17,snow,Temperate Broadleaf & Mixed Forests,tillage,MPCS,5,10,,,cropland,,,,bulk soil,,647.1,40.1,235.3,,7113.633029,5309.133029,1804.5,,,,,,,,,,,,
1528,46,,44.2,125.55,,201,5.05,554.17,snow,Temperate Broadleaf & Mixed Forests,tillage,NTCC,5,10,,,cropland,,,,bulk soil,,800.2,56.9,265.8,,9031.870059,6471.370059,2560.5,,,,,,,,,,,,
1529,46,,44.2,125.55,,201,5.05,554.17,snow,Temperate Broadleaf & Mixed Forests,tillage,MPCC,5,10,,,cropland,,,,bulk soil,,659.8,45.8,236.5,,7411.261665,5350.261665,2061,,,,,,,,,,,,
1530,46,,44.2,125.55,,201,5.05,554.17,snow,Temperate Broadleaf & Mixed Forests,tillage,CTCC,5,10,,,cropland,,,,bulk soil,,622.5,39.7,227.4,,6879.367862,5092.867862,1786.5,,,,,,,,,,,,
1531,46,,44.2,125.55,,201,5.05,554.17,snow,Temperate Broadleaf & Mixed Forests,tillage,NTCS,10,20,,,cropland,,,,bulk soil,,525.9,32,215.9,,5762.31339,4322.31339,1440,,,,,,,,,,,,
1532,46,,44.2,125.55,,201,5.05,554.17,snow,Temperate Broadleaf & Mixed Forests,tillage,MPCS,10,20,,,cropland,,,,bulk soil,,624.5,37.3,227,,6820.176858,5141.676858,1678.5,,,,,,,,,,,,
1533,46,,44.2,125.55,,201,5.05,554.17,snow,Temperate Broadleaf & Mixed Forests,tillage,NTCC,10,20,,,cropland,,,,bulk soil,,560.2,37.3,234.9,,6241.476858,4562.976858,1678.5,,,,,,,,,,,,
1534,46,,44.2,125.55,,201,5.05,554.17,snow,Temperate Broadleaf & Mixed Forests,tillage,MPCC,10,20,,,cropland,,,,bulk soil,,631.3,41.1,234,,7003.595948,5154.095948,1849.5,,,,,,,,,,,,
1535,46,,44.2,125.55,,201,5.05,554.17,snow,Temperate Broadleaf & Mixed Forests,tillage,CTCC,10,20,,,cropland,,,,bulk soil,,506.9,30.7,231.5,,5549.501596,4168.001596,1381.5,,,,,,,,,,,,
1536,130,corrected aggregate classes based on OG paper,40.48,-96.4,"lat-lon of Lincoln, NE, USA",386,11.02,821.34,snow,"Temperate Grasslands, Savannas & Shrublands",,,0,20,,Typic Argiudoll,grassland,,,,aggregate,<0.002mm,7924.2,786.8,4001.44,168.6,96623.58423,61217.58423,35406,,,,,112.4,112.4,11.7,,,,,
1537,130,corrected aggregate classes based on OG paper,40.48,-96.4,"lat-lon of Lincoln, NE, USA",386,11.02,821.34,snow,"Temperate Grasslands, Savannas & Shrublands",,,0,20,,Typic Argiudoll,grassland,,,,aggregate,0.002-0.020mm,2020.14,177.48,1315.44,46.98,23889.53476,15902.93476,7986.6,,,,,52.2,52.2,3.9,,,,,
1538,130,corrected aggregate classes based on OG paper,40.48,-96.4,"lat-lon of Lincoln, NE, USA",386,11.02,821.34,snow,"Temperate Grasslands, Savannas & Shrublands",,,0,20,,Typic Argiudoll,grassland,,,,aggregate,0.020-0.250mm,369,9.84,246,32.8,3637.483117,3194.683117,442.8,,,,,16.4,16.4,1,,,,,
1539,130,corrected aggregate classes based on OG paper,40.48,-96.4,"lat-lon of Lincoln, NE, USA",386,11.02,821.34,snow,"Temperate Grasslands, Savannas & Shrublands",,,0,20,,Typic Argiudoll,grassland,,,,aggregate,0.250-2mm,7744.44,234.68,6805.72,528.03,77247.9537,66687.3537,10560.6,,,,,586.7,586.7,17.7,,,,,
1540,130,corrected aggregate classes based on OG paper,40.48,-96.4,"lat-lon of Lincoln, NE, USA",386,11.02,821.34,snow,"Temperate Grasslands, Savannas & Shrublands",,,0,20,,Typic Argiudoll,forest,,,,aggregate,<0.002mm,7360.18,359.27,3379.08,281.59,77796.79171,61629.64171,16167.15,,,,,97.1,97.1,10.3,,,,,
1541,130,corrected aggregate classes based on OG paper,40.48,-96.4,"lat-lon of Lincoln, NE, USA",386,11.02,821.34,snow,"Temperate Grasslands, Savannas & Shrublands",,,0,20,,Typic Argiudoll,forest,,,,aggregate,0.002-0.020mm,2218.44,79.8,1029.42,103.74,22532.56089,18941.56089,3591,,,,,79.8,79.8,5.8,,,,,
1542,130,corrected aggregate classes based on OG paper,40.48,-96.4,"lat-lon of Lincoln, NE, USA",386,11.02,821.34,snow,"Temperate Grasslands, Savannas & Shrublands",,,0,20,,Typic Argiudoll,forest,,,,aggregate,0.020-0.250mm,1077.76,29.47,543.09,37.89,10647.68121,9321.531206,1326.15,,,,,42.1,42.1,2.8,,,,,
1543,130,corrected aggregate classes based on OG paper,40.48,-96.4,"lat-lon of Lincoln, NE, USA",386,11.02,821.34,snow,"Temperate Grasslands, Savannas & Shrublands",,,0,20,,Typic Argiudoll,forest,,,,aggregate,0.250-2mm,10647,327.6,5405.4,122.85,106359.5721,91617.57208,14742,,,,,409.5,409.5,22.8,,,,,
1544,130,corrected aggregate classes based on OG paper,40.48,-96.4,"lat-lon of Lincoln, NE, USA",386,11.02,821.34,snow,"Temperate Grasslands, Savannas & Shrublands",,,0,20,,Typic Argiudoll,cropland,,,,aggregate,<0.002mm,4107.12,131.88,1664.2,87.92,41205.72568,35271.12568,5934.6,,,,,62.8,62.8,6.6,,,,,
1545,130,corrected aggregate classes based on OG paper,40.48,-96.4,"lat-lon of Lincoln, NE, USA",386,11.02,821.34,snow,"Temperate Grasslands, Savannas & Shrublands",,,0,20,,Typic Argiudoll,cropland,,,,aggregate,0.002-0.020mm,803.64,24.42,475.08,15.54,8018.178468,6919.278468,1098.9,,,,,22.2,22.2,1.9,,,,,
1546,130,corrected aggregate classes based on OG paper,40.48,-96.4,"lat-lon of Lincoln, NE, USA",386,11.02,821.34,snow,"Temperate Grasslands, Savannas & Shrublands",,,0,20,,Typic Argiudoll,cropland,,,,aggregate,0.020-0.250mm,121.55,3.3,99,4.95,1200.087631,1051.587631,148.5,,,,,5.5,5.5,0.5,,,,,
1547,130,corrected aggregate classes based on OG paper,40.48,-96.4,"lat-lon of Lincoln, NE, USA",386,11.02,821.34,snow,"Temperate Grasslands, Savannas & Shrublands",,,0,20,,Typic Argiudoll,cropland,,,,aggregate,0.250-2mm,5682.6,270.6,4036.45,293.15,59846.68573,47669.68573,12177,,,,,225.5,225.5,12.7,,,,,
1548,130,,40.8,96.667,,,7.18,67.77,arid,Deserts & Xeric Shrublands,,,0,10,,,cropland,,,,bulk soil,,864.83,31.52,411.73,19.7,8797.245189,7378.845189,1418.4,1418.4,7378.78,,,19.7,19.7,2.1,4.9,,18.2,,
1549,130,,40.8,96.667,,,7.18,67.77,arid,Deserts & Xeric Shrublands,,,0,10,,,grassland,,,,bulk soil,,2994.42,223.36,1675.2,97.72,34133.68946,24082.48946,10051.2,10051.2,24082.01,,,69.8,69.8,6,,,,,
1550,130,,40.8,96.667,,,7.18,67.77,arid,Deserts & Xeric Shrublands,,,0,10,,,forest,,,,bulk soil,,2964.48,146.68,1590.32,100.36,31397.97688,24797.37688,6600.6,6600.6,24797.06,,,77.2,77.2,6.5,,,,,
1551,129,,26.74,115.06,,,17.51,1531.99,temperate,Tropical & Subtropical Moist Broadleaf Forests,fertilizer,CK,0,20,,,cropland,,,,bulk soil,,99.3015,23.293,,,1642.884359,594.6993593,1048.185,,,307,,,9.1,1,7,,,,
1552,129,,26.74,115.06,,,17.51,1531.99,temperate,Tropical & Subtropical Moist Broadleaf Forests,fertilizer,N1P1K1,0,20,,,cropland,,,,bulk soil,,149.755,33.9375,,,2439.324045,912.1365446,1527.1875,,,435,,,12.5,1.3,,,,,5.4
1553,129,,26.74,115.06,,,17.51,1531.99,temperate,Tropical & Subtropical Moist Broadleaf Forests,fertilizer,N1.5P1.5K1.5,0,20,,,cropland,,,,bulk soil,,190.41,38.9558,,,2966.622218,1213.611218,1753.011,,,561,,,14.2,1.5,,,,,6.2
1554,129,,26.74,115.06,,,17.51,1531.99,temperate,Tropical & Subtropical Moist Broadleaf Forests,fertilizer,N2P2K2,0,20,,,cropland,,,,bulk soil,,235.96,43.3735,,,3518.658343,1566.850843,1951.8075,,,445,,,15.1,1.5,,,,,6.2
1555,129,,26.74,115.06,,,17.51,1531.99,temperate,Tropical & Subtropical Moist Broadleaf Forests,fertilizer,N3P3K3,0,20,,,cropland,,,,bulk soil,,166.409,33.7349,,,2582.693837,1064.623337,1518.0705,,,171,,,15.1,1.5,,,,,6.6
1556,129,,26.74,115.06,,,17.51,1531.99,temperate,Tropical & Subtropical Moist Broadleaf Forests,fertilizer,N1P1K1,0,20,,,cropland,,,,bulk soil,,145.161,31.0187,,,2304.100918,908.2594183,1395.8415,,,555,,,13.9,1.3,,,,,6.7
1557,129,,26.74,115.06,,,17.51,1531.99,temperate,Tropical & Subtropical Moist Broadleaf Forests,fertilizer,N2P1 K1,0,20,,,cropland,,,,bulk soil,,186.636,37.5886,,,2888.683076,1197.196076,1691.487,,,409,,,13.7,1.6,,,,,6
1558,129,,26.74,115.06,,,17.51,1531.99,temperate,Tropical & Subtropical Moist Broadleaf Forests,fertilizer,N1P2K1,0,20,,,cropland,,,,bulk soil,,123.272,22.2975,,,1826.600674,823.2131739,1003.3875,,,441,,,13.1,1.5,,,,,6.6
1559,128,,33.53,10.12,,304,20.27,201.54,arid,"Mediterranean Forests, Woodlands & Scrub",,,0,1,,Gypsisols,forest,,,,bulk soil,,754,35,387,12,7911.702145,6336.702145,1575,,,,,,38.4,2.2,7.6,,,,
1560,128,,33.53,10.12,,304,20.27,201.54,arid,"Mediterranean Forests, Woodlands & Scrub",,,43835,,,Gypsisols,forest,,,,bulk soil,,269,13,181,8,2839.11794,2254.11794,585,,,,,,17.5,2.3,7.6,,,,
1561,128,,33.53,10.12,,304,20.27,201.54,arid,"Mediterranean Forests, Woodlands & Scrub",,,43961,,,Gypsisols,forest,,,,bulk soil,,229,13,168,9,2479.11794,1894.11794,585,,,,,,22.2,1.7,8,,,,
1562,128,,33.53,10.12,,304,20.27,201.54,arid,"Mediterranean Forests, Woodlands & Scrub",,,44119,,,Gypsisols,forest,,,,bulk soil,,188,13,155,10,2110.11794,1525.11794,585,,,,,,11.6,1.3,7.8,,,,
1563,128,,33.53,10.12,,304,20.27,201.54,arid,"Mediterranean Forests, Woodlands & Scrub",,,15,20,,Gypsisols,forest,,,,bulk soil,,143,8,121,5,1544.303348,1184.303348,360,,,,,,6.6,1,7.9,,,,
1564,128,,33.53,10.12,,304,20.27,201.54,arid,"Mediterranean Forests, Woodlands & Scrub",,,0,1,,Gypsisols,forest,,,,bulk soil,,425,32,286,17,4854.21339,3414.21339,1440,,,,,,24.9,1.5,7.9,,,,
1565,128,,33.53,10.12,,304,20.27,201.54,arid,"Mediterranean Forests, Woodlands & Scrub",,,43835,,,Gypsisols,forest,,,,bulk soil,,266,15,171,8,2876.443777,2201.443777,675,,,,,,24.8,1.9,7.8,,,,
1566,128,,33.53,10.12,,304,20.27,201.54,arid,"Mediterranean Forests, Woodlands & Scrub",,,43961,,,Gypsisols,forest,,,,bulk soil,,262,18,190,8,2936.932532,2126.932532,810,,,,,,16.1,1.8,8.1,,,,
1567,128,,33.53,10.12,,304,20.27,201.54,arid,"Mediterranean Forests, Woodlands & Scrub",,,44119,,,Gypsisols,forest,,,,bulk soil,,197,12,165,14,2158.955021,1618.955021,540,,,,,,20.7,1.1,8,,,,
1568,128,,33.53,10.12,,304,20.27,201.54,arid,"Mediterranean Forests, Woodlands & Scrub",,,15,20,,Gypsisols,forest,,,,bulk soil,,110,8,99,4,1247.303348,887.3033475,360,,,,,,9.4,0.7,7.8,,,,
1569,128,,33.53,10.12,,304,20.27,201.54,arid,"Mediterranean Forests, Woodlands & Scrub",,,0,1,,Gypsisols,forest,,,,bulk soil,,60,4,28,2,668.6516738,488.6516738,180,,,,,,3.8,1.1,7.5,,,,
1570,128,,33.53,10.12,,304,20.27,201.54,arid,"Mediterranean Forests, Woodlands & Scrub",,,43835,,,Gypsisols,forest,,,,bulk soil,,83,6,42,3,939.9775106,669.9775106,270,,,,,,6.4,1,7.6,,,,
1571,128,,33.4,8.52,,20,21.29,112.04,arid,Flooded Grasslands & Savannas,,,0,1,,Anthrosols,forest,,,,bulk soil,,206,14,131,5,2304.280858,1674.280858,630,,,,,,38.9,1.5,7.5,,,,
1572,128,,33.4,8.52,,20,21.29,112.04,arid,Flooded Grasslands & Savannas,,,43835,,,Anthrosols,forest,,,,bulk soil,,234,20,113,5,2749.258369,1849.258369,900,,,,,,20.5,1.3,7.6,,,,
1573,128,,33.4,8.52,,20,21.29,112.04,arid,Flooded Grasslands & Savannas,,,43961,,,Anthrosols,forest,,,,bulk soil,,187,15,121,5,2165.443777,1490.443777,675,,,,,,13.2,1.2,7.7,,,,
1574,128,,33.4,8.52,,20,21.29,112.04,arid,Flooded Grasslands & Savannas,,,44119,,,Anthrosols,forest,,,,bulk soil,,150,10,97,6,1671.629184,1221.629184,450,,,,,,9.5,0.6,7.6,,,,
1575,128,,33.4,8.52,,20,21.29,112.04,arid,Flooded Grasslands & Savannas,,,15,20,,Anthrosols,forest,,,,bulk soil,,194,13,13,6,2164.11794,1579.11794,585,,,,,,8.3,0.7,7.6,,,,
1576,128,,33.4,8.52,,20,21.29,112.04,arid,Flooded Grasslands & Savannas,,,0,1,,Anthrosols,forest,,,,bulk soil,,176,12,98,3,1969.955021,1429.955021,540,,,,,,15.9,1.5,7.7,,,,
1577,128,,33.4,8.52,,20,21.29,112.04,arid,Flooded Grasslands & Savannas,,,43835,,,Anthrosols,forest,,,,bulk soil,,160,13,103,3,1858.11794,1273.11794,585,,,,,,10.3,1.4,7,,,,
1578,128,,33.4,8.52,,20,21.29,112.04,arid,Flooded Grasslands & Savannas,,,43961,,,Anthrosols,forest,,,,bulk soil,,164,12,108,4,1861.955021,1321.955021,540,,,,,,9.2,1.1,7.8,,,,
1579,128,,33.4,8.52,,20,21.29,112.04,arid,Flooded Grasslands & Savannas,,,44119,,,Anthrosols,forest,,,,bulk soil,,76,7,55,3,909.1404291,594.1404291,315,,,,,,5.2,0.9,7.8,,,,
1580,128,,33.4,8.52,,20,21.29,112.04,arid,Flooded Grasslands & Savannas,,,15,20,,Anthrosols,forest,,,,bulk soil,,97,7,72,4,1098.140429,783.1404291,315,,,,,,7.2,0.8,7.6,,,,
1581,128,,33.4,8.52,,20,21.29,112.04,arid,Flooded Grasslands & Savannas,,,0,1,,Anthrosols,forest,,,,bulk soil,,49,3,29,2,537.4887553,402.4887553,135,,,,,,13.8,1.1,7.8,,,,
1582,128,,33.4,8.52,,20,21.29,112.04,arid,Flooded Grasslands & Savannas,,,43835,,,Anthrosols,forest,,,,bulk soil,,60,3,43,2,636.4887553,501.4887553,135,,,,,,6.6,1,8.1,,,,
1583,45,,49.53,11.41,,490,7.43,776,temperate,Temperate Broadleaf & Mixed Forests,,,,,litter,,forest,,,,bulk soil,,919,,481,,,,,,,,,498,,13,,,,,
1584,45,,49.53,11.41,,490,7.43,776,temperate,Temperate Broadleaf & Mixed Forests,,,,,O horizon,,forest,,,,bulk soil,,3656,,1044,,,,,,,,,476,,13,,,,,
1585,45,,49.53,11.41,,490,7.43,776,temperate,Temperate Broadleaf & Mixed Forests,,,0,4,,,forest,,,,bulk soil,,3555,,1045,,,,,,,,,377,,14,,,,,
1586,45,,49.44,11.23,,520,8.47,695.39,temperate,Temperate Broadleaf & Mixed Forests,,,,,litter,,forest,,,,bulk soil,,2550,,750,,,,,,,,,481,,16,,,,,
1587,45,,49.53,11.41,,490,7.43,776,temperate,Temperate Broadleaf & Mixed Forests,,,0,4,,,forest,,,,bulk soil,,1826,,1767,,,,,,,,,377,,14,,,,,
1588,45,,49.53,11.41,,490,7.43,776,temperate,Temperate Broadleaf & Mixed Forests,,,0,4,,,forest,,,,bulk soil,,1001,,409,,,,,,,,,377,,14,,,,,
1589,45,,49.53,11.41,,490,7.43,776,temperate,Temperate Broadleaf & Mixed Forests,,,0,4,,,forest,,,,bulk soil,,1199,,543,,,,,,,,,377,,14,,,,,
1590,45,,49.53,11.41,,490,7.43,776,temperate,Temperate Broadleaf & Mixed Forests,,,0,4,,,forest,,,,bulk soil,,3658,,474,,,,,,,,,377,,14,,,,,
1591,45,,49.53,11.41,,490,7.43,776,temperate,Temperate Broadleaf & Mixed Forests,,,0,4,,,forest,,,,bulk soil,,4199,,1908,,,,,,,,,377,,14,,,,,
1592,45,,49.53,11.41,,490,7.43,776,temperate,Temperate Broadleaf & Mixed Forests,,,0,4,,,forest,,,,bulk soil,,7558,,1514,,,,,,,,,377,,14,,,,,
1593,45,,49.53,11.41,,490,7.43,776,temperate,Temperate Broadleaf & Mixed Forests,,,0,4,,,forest,,,,bulk soil,,1076,,190,,,,,,,,,377,,14,,,,,
1594,45,,49.53,11.41,,490,7.43,776,temperate,Temperate Broadleaf & Mixed Forests,,,0,4,,,forest,,,,bulk soil,,2490,,384,,,,,,,,,377,,14,,,,,
1595,45,,49.53,11.41,,490,7.43,776,temperate,Temperate Broadleaf & Mixed Forests,,,0,4,,,forest,,,,bulk soil,,1708,,1616,,,,,,,,,377,,14,,,,,
1596,45,,49.44,11.23,,520,8.47,695.39,temperate,Temperate Broadleaf & Mixed Forests,,,0,4,,,forest,,,,bulk soil,,5518,,1937,,,,,,,,,377,,14,,,,,
1597,45,,49.44,11.23,,520,8.47,695.39,temperate,Temperate Broadleaf & Mixed Forests,,,0,4,,,forest,,,,bulk soil,,4082,,499,,,,,,,,,377,,14,,,,,
1598,45,,49.44,11.23,,520,8.47,695.39,temperate,Temperate Broadleaf & Mixed Forests,,,0,4,,,forest,,,,bulk soil,,2355,,2172,,,,,,,,,377,,14,,,,,
1599,45,,49.44,11.23,,520,8.47,695.39,temperate,Temperate Broadleaf & Mixed Forests,,,0,4,,,forest,,,,bulk soil,,2741,,582,,,,,,,,,377,,14,,,,,
1600,45,,49.44,11.23,,520,8.47,695.39,temperate,Temperate Broadleaf & Mixed Forests,,,0,4,,,forest,,,,bulk soil,,4946,,1252,,,,,,,,,377,,14,,,,,
1601,45,,49.44,11.23,,520,8.47,695.39,temperate,Temperate Broadleaf & Mixed Forests,,,0,4,,,forest,,,,bulk soil,,3269,,486,,,,,,,,,377,,14,,,,,
1602,45,,49.44,11.23,,520,8.47,695.39,temperate,Temperate Broadleaf & Mixed Forests,,,0,4,,,forest,,,,bulk soil,,3218,,455,,,,,,,,,377,,14,,,,,
1603,45,,49.44,11.23,,520,8.47,695.39,temperate,Temperate Broadleaf & Mixed Forests,,,0,4,,,forest,,,,bulk soil,,4303,,1176,,,,,,,,,377,,14,,,,,
1604,45,,49.44,11.23,,520,8.47,695.39,temperate,Temperate Broadleaf & Mixed Forests,,,0,4,,,forest,,,,bulk soil,,4645,,1283,,,,,,,,,377,,14,,,,,
1605,44,,26.45,115.04,,100,18.48,1526.47,temperate,Tropical & Subtropical Moist Broadleaf Forests,,,0,10,,Ultisols,forest,,,,bulk soil,,283,20,,,3190.258369,2290.258369,900,,,,,,17.1,1.2,4.7,,,,
1606,44,,26.45,115.04,,100,18.48,1526.47,temperate,Tropical & Subtropical Moist Broadleaf Forests,,,0,10,,Ultisols,forest,,,,bulk soil,,370,26,,,4166.235879,2996.235879,1170,,,,,,19.5,1.3,4.6,,,,
1607,44,,26.45,115.04,,100,18.48,1526.47,temperate,Tropical & Subtropical Moist Broadleaf Forests,,,0,10,,Ultisols,forest,,,,bulk soil,,392,27,,,4396.398798,3181.398798,1215,,,,,,22.9,1.4,4.4,,,,
1608,44,,26.45,115.04,,100,18.48,1526.47,temperate,Tropical & Subtropical Moist Broadleaf Forests,,,0,10,,Ultisols,forest,,,,bulk soil,,360,25,,,4044.072961,2919.072961,1125,,,,,,19.6,1.3,4.5,,,,
1609,43,,42.23,128.05,,802,1.76,764.26,snow,Temperate Broadleaf & Mixed Forests,,,0,5,,,forest,,,,bulk soil,,4559,149,,,45823.27485,39118.27485,6705,,,,,113.5,113.5,6,3.91,,29.3,,
1610,43,,42.23,128.05,,802,1.76,764.26,snow,Temperate Broadleaf & Mixed Forests,,,0,5,,,forest,,,,bulk soil,,5385,171,,,53964.85905,46269.85905,7695,,,,,115.7,115.7,7.3,5,,24.36,,
1611,43,,42.23,128.05,,802,1.76,764.26,snow,Temperate Broadleaf & Mixed Forests,,,0,5,,,forest,,,,bulk soil,,4001,129,,,40158.01648,34353.01648,5805,,,,,105.7,105.7,6.7,5.5,,24.36,,
1612,43,,42.23,128.05,,802,1.76,764.26,snow,Temperate Broadleaf & Mixed Forests,,,0,5,,,forest,,,,bulk soil,,4196,159,,,42877.90403,35722.90403,7155,,,,,93.8,93.8,6.2,5.12,,24.36,,
1613,43,,42.23,128.05,,802,1.76,764.26,snow,Temperate Broadleaf & Mixed Forests,,,0,5,,,forest,,,,bulk soil,,4429,109,,,43366.75811,38461.75811,4905,,,,,96.3,96.3,5.9,5.3,,24.36,,
1614,43,,42.23,128.05,,802,1.76,764.26,snow,Temperate Broadleaf & Mixed Forests,,,5,10,,,forest,,,,bulk soil,,2240,75,,,22572.21888,19197.21888,3375,,,,,46.4,46.4,2.9,5.65,,24.36,,
1615,43,,42.23,128.05,,802,1.76,764.26,snow,Temperate Broadleaf & Mixed Forests,,,5,10,,,forest,,,,bulk soil,,1837,66,,,18655.75262,15685.75262,2970,,,,,34.1,34.1,2.4,5.05,,24.36,,
1616,43,,42.23,128.05,,802,1.76,764.26,snow,Temperate Broadleaf & Mixed Forests,,,5,10,,,forest,,,,bulk soil,,1385,35,,,13590.70215,12015.70215,1575,,,,,22.7,22.7,1.7,5.23,,24.36,,
1617,43,,42.23,128.05,,802,1.76,764.26,snow,Temperate Broadleaf & Mixed Forests,,,5,10,,,forest,,,,bulk soil,,1077,58,,,11558.44927,8948.44927,2610,,,,,18.5,18.5,1.6,5.14,,24.36,,
1618,43,,42.23,128.05,,802,1.76,764.26,snow,Temperate Broadleaf & Mixed Forests,,,5,10,,,forest,,,,bulk soil,,1014,49,,,10701.983,8496.983004,2205,,,,,17.7,17.7,1.5,5.29,,24.36,,
1619,43,,42.23,128.05,,802,1.76,764.26,snow,Temperate Broadleaf & Mixed Forests,,,10,15,,,forest,,,,bulk soil,,1152,56,,,12169.12343,9649.123433,2520,,,,,19.9,19.9,1.5,5.17,,24.36,,
1620,43,,42.23,128.05,,802,1.76,764.26,snow,Temperate Broadleaf & Mixed Forests,,,10,15,,,forest,,,,bulk soil,,874,58,,,9731.44927,7121.44927,2610,,,,,16,16,1.3,5,,24.36,,
1621,43,,42.23,128.05,,802,1.76,764.26,snow,Temperate Broadleaf & Mixed Forests,,,10,15,,,forest,,,,bulk soil,,862,46,,,9237.494248,7167.494248,2070,,,,,14.9,14.9,1.2,5.08,,24.36,,
1622,43,,42.23,128.05,,802,1.76,764.26,snow,Temperate Broadleaf & Mixed Forests,,,10,15,,,forest,,,,bulk soil,,744,44,,,8111.168411,6131.168411,1980,,,,,12.1,12.1,1.1,5.18,,24.36,,
1623,43,,42.23,128.05,,802,1.76,764.26,snow,Temperate Broadleaf & Mixed Forests,,,10,15,,,forest,,,,bulk soil,,548,39,,,6186.353819,4431.353819,1755,,,,,9,9,0.8,5.23,,24.36,,
1624,42,"data reported normalized to C, corrected to soil",41.14,-103,,1250,8.77,414.7,arid,"Temperate Grasslands, Savannas & Shrublands",,,0,5,,Pachic Haplustolls,cropland,,,,bulk soil,,1783,58,925,55,17912.44927,15302.44927,2610,,,,,,23,2.3,,,,,
1625,42,"data reported normalized to C, corrected to soil",41.14,-103,,1250,8.77,414.7,arid,"Temperate Grasslands, Savannas & Shrublands",,,0,5,,Pachic Haplustolls,cropland,,,,aggregate,0.250-2mm,7896,228,5324,114,78397.1454,68137.1454,10260,,,,,,162.8,12.1,,,,,
1626,42,"data reported normalized to C, corrected to soil",41.14,-103,,1250,8.77,414.7,arid,"Temperate Grasslands, Savannas & Shrublands",,,0,5,,Pachic Haplustolls,cropland,,,,aggregate,0.053-0.250mm,2680,57,1544,30,25953.28635,23388.28635,2565,,,,,,43.5,3.3,,,,,
1627,42,"data reported normalized to C, corrected to soil",41.14,-103,,1250,8.77,414.7,arid,"Temperate Grasslands, Savannas & Shrublands",,,0,5,,Pachic Haplustolls,cropland,,,,aggregate,0.250-2mm,2543,66,1875,42,25009.75262,22039.75262,2970,,,,,,47.1,3.5,,,,,
1628,42,"data reported normalized to C, corrected to soil",41.14,-103,,1250,8.77,414.7,arid,"Temperate Grasslands, Savannas & Shrublands",,,0,5,,Pachic Haplustolls,cropland,,,,aggregate,0.002-0.020mm,1530,51,657,66,15410.30884,13115.30884,2295,,,,,,50.5,3.9,,,,,
1629,42,"data reported normalized to C, corrected to soil",41.14,-103,,1250,8.77,414.7,arid,"Temperate Grasslands, Savannas & Shrublands",,,0,5,,Pachic Haplustolls,cropland,,,,aggregate,0.002-0.020mm,1897,85,949,79,19806.84807,15981.84807,3825,,,,,,30.5,3.4,,,,,
1630,42,"data reported normalized to C, corrected to soil",41.14,-103,,1250,8.77,414.7,arid,"Temperate Grasslands, Savannas & Shrublands",,,0,5,,Pachic Haplustolls,cropland,,,,aggregate,0.002-0.020mm,392,15,199,39,4010.443777,3335.443777,675,,,,,,7.7,1.2,,,,,
1631,41,,-28.12,26.95,,1575,17.22,500.43,arid,Montane Grasslands & Shrublands,,,0,20,,,cropland,,,,bulk soil,,670,36,231,,7187.865064,5567.865064,1620,,,,,,13.4,1.19,5.5,,,,
1632,41,,-28.12,26.95,,1575,17.22,500.43,arid,Montane Grasslands & Shrublands,,,0,20,,,cropland,,,,bulk soil,,448,23,155,,4771.747124,3736.747124,1035,,,,,,9.2,0.93,5,,,,
1633,41,,-28.12,26.95,,1575,17.22,500.43,arid,Montane Grasslands & Shrublands,,,0,20,,,cropland,,,,bulk soil,,440,22,152,,4667.584206,3677.584206,990,,,,,,8.3,0.79,5.1,,,,
1634,41,,-28.12,26.95,,1575,17.22,500.43,arid,Montane Grasslands & Shrublands,,,0,20,,,cropland,,,,bulk soil,,366,17,122,,3840.769614,3075.769614,765,,,,,,7,0.7,4.8,,,,
1635,41,,-28.12,26.95,,1575,17.22,500.43,arid,Montane Grasslands & Shrublands,,,0,20,,,cropland,,,,bulk soil,,312,12,101,,3193.955021,2653.955021,540,,,,,,5.9,0.6,5.4,,,,
1636,41,,-28.12,26.95,,1575,17.22,500.43,arid,Montane Grasslands & Shrublands,,,0,20,,,cropland,,,,bulk soil,,316,15,99,,3326.443777,2651.443777,675,,,,,,5.8,0.65,5.2,,,,
1637,41,,-28.12,26.95,,1575,17.22,500.43,arid,Montane Grasslands & Shrublands,,,0,20,,,cropland,,,,bulk soil,,317,12,106,,3238.955021,2698.955021,540,,,,,,5.5,0.59,5.7,,,,
1638,41,,-28.12,26.95,,1575,17.22,500.43,arid,Montane Grasslands & Shrublands,,,0,20,,,cropland,,,,bulk soil,,278,10,87,,2823.629184,2373.629184,450,,,,,,5,0.56,5.7,,,,
1639,41,,-28.12,26.95,,1575,17.22,500.43,arid,Montane Grasslands & Shrublands,,,0,20,,,cropland,,,,bulk soil,,282,11,86,,2891.792103,2396.792103,495,,,,,,4.4,0.53,5.2,,,,
1640,41,,-28.12,26.95,,1575,17.22,500.43,arid,Montane Grasslands & Shrublands,,,0,20,,,cropland,,,,aggregate,0.250-2mm,115,4,21,,1163.651674,983.6516738,180,,,,,,13.4,1.19,,,,,
1641,41,,-28.12,26.95,,1575,17.22,500.43,arid,Montane Grasslands & Shrublands,,,0,20,,,cropland,,,,aggregate,0.020-0.250mm,414,14,72,,4176.280858,3546.280858,630,,,,,,13.4,1.19,,,,,
1642,41,,-28.12,26.95,,1575,17.22,500.43,arid,Montane Grasslands & Shrublands,,,0,20,,,cropland,,,,aggregate,0.002-0.020mm,607,26,111,,6299.235879,5129.235879,1170,,,,,,13.4,1.19,,,,,
1643,41,,-28.12,26.95,,1575,17.22,500.43,arid,Montane Grasslands & Shrublands,,,0,20,,,cropland,,,,aggregate,<0.002mm,489,31,145,,5398.050472,4003.050472,1395,,,,,,13.4,1.19,,,,,
1644,40,Data from Ni et al. 2020 (https://doi.org/10.1111/geb.13159),17.48,100.35,,1425,27.71,1341.53,equatorial,Tropical & Subtropical Dry Broadleaf Forests,,,,,O horizon,,forest,,,,bulk soil,,2320,239,,,28566.93751,17811.93751,10755,,,,,486.6,,,6.9,,18.56,,
1645,40,Data from Ni et al. 2020 (https://doi.org/10.1111/geb.13159),17.48,100.35,,1425,27.71,1341.53,equatorial,Tropical & Subtropical Dry Broadleaf Forests,,,0,10,,,forest,,,,bulk soil,,1737,278,,,24574.29133,12064.29133,12510,,,,,60.72,,,,,,,
1646,40,Data from Ni et al. 2020 (https://doi.org/10.1111/geb.13159),17.48,100.35,,1425,27.71,1341.53,equatorial,Tropical & Subtropical Dry Broadleaf Forests,,,30,40,,,forest,,,,bulk soil,,613,117,,,9280.061458,4015.061458,5265,,,,,17.54,,,,,53.3,,
1647,40,Data from Ni et al. 2020 (https://doi.org/10.1111/geb.13159),17.48,100.35,,1425,27.71,1341.53,equatorial,Tropical & Subtropical Dry Broadleaf Forests,,,,,O horizon,,forest,,,,bulk soil,,2223,328,,,30556.43725,15796.43725,14760,,,,,467.01,,,,,47.2,,
1648,40,Data from Ni et al. 2020 (https://doi.org/10.1111/geb.13159),17.48,100.35,,1425,27.71,1341.53,equatorial,Tropical & Subtropical Dry Broadleaf Forests,,,0,10,,,forest,,,,bulk soil,,1526,248,,,21710.40377,10550.40377,11160,,,,,49.49,,,,,,,
1649,40,Data from Ni et al. 2020 (https://doi.org/10.1111/geb.13159),17.48,100.35,,1425,27.71,1341.53,equatorial,Tropical & Subtropical Dry Broadleaf Forests,,,30,40,,,forest,,,,bulk soil,,869,186,,,13803.30283,5433.30283,8370,,,,,18.14,,,,,37,,
1650,40,Data from Ni et al. 2020 (https://doi.org/10.1111/geb.13159),17.48,100.35,,1425,27.71,1341.53,equatorial,Tropical & Subtropical Dry Broadleaf Forests,,,,,O horizon,,forest,,,,bulk soil,,1540,414,,,27175.44823,8545.448235,18630,,,,,452.58,,,,,33,,
1651,40,Data from Ni et al. 2020 (https://doi.org/10.1111/geb.13159),17.48,100.35,,1425,27.71,1341.53,equatorial,Tropical & Subtropical Dry Broadleaf Forests,,,0,10,,,forest,,,,bulk soil,,1414,288,,,21988.92051,9028.920511,12960,,,,,39.8,,,,,,,
1652,40,Data from Ni et al. 2020 (https://doi.org/10.1111/geb.13159),17.48,100.35,,1425,27.71,1341.53,equatorial,Tropical & Subtropical Dry Broadleaf Forests,,,30,40,,,forest,,,,bulk soil,,371,79,,,5879.870557,2324.870557,3555,,,,,10.85,,,,,40.1,,
1653,40,Data from Ni et al. 2020 (https://doi.org/10.1111/geb.13159),17.48,100.35,,1425,27.71,1341.53,equatorial,Tropical & Subtropical Dry Broadleaf Forests,,,,,litter,,forest,,,,bulk soil,,5977,993,,,85730.77801,41045.77801,44685,,,,,458,,,,,39.2,,
1654,40,Data from Ni et al. 2020 (https://doi.org/10.1111/geb.13159),17.48,100.35,,1425,27.71,1341.53,equatorial,Tropical & Subtropical Dry Broadleaf Forests,,,23,40,,,forest,,,,bulk soil,,730,164,,,11844.71862,4464.718624,7380,,,,,21,,,,,,,
1655,40,Data from Ni et al. 2020 (https://doi.org/10.1111/geb.13159),17.48,100.35,,1425,27.71,1341.53,equatorial,Tropical & Subtropical Dry Broadleaf Forests,,,62,90,,,forest,,,,bulk soil,,207,49,,,3438.983004,1233.983004,2205,,,,,5,,,,,,,
1656,40,Data from Ni et al. 2020 (https://doi.org/10.1111/geb.13159),17.48,100.35,,1425,27.71,1341.53,equatorial,Tropical & Subtropical Dry Broadleaf Forests,,,,,litter,,forest,,,,bulk soil,,5224,850,,,74354.48068,36104.48068,38250,,,,,452,,,,,,,
1657,40,Data from Ni et al. 2020 (https://doi.org/10.1111/geb.13159),17.48,100.35,,1425,27.71,1341.53,equatorial,Tropical & Subtropical Dry Broadleaf Forests,,,,,O horizon,,forest,,,,bulk soil,,4759,723,,,66084.79003,33549.79003,32535,,,,,346,,,,,,,
1658,40,Data from Ni et al. 2020 (https://doi.org/10.1111/geb.13159),17.48,100.35,,1425,27.71,1341.53,equatorial,Tropical & Subtropical Dry Broadleaf Forests,,,23,36,,,forest,,,,bulk soil,,831,162,,,12689.39279,5399.392787,7290,,,,,27,,,,,,,
1659,40,Data from Ni et al. 2020 (https://doi.org/10.1111/geb.13159),17.48,100.35,,1425,27.71,1341.53,equatorial,Tropical & Subtropical Dry Broadleaf Forests,,,,,litter,,forest,,,,bulk soil,,1853,381,,,28931.07193,11786.07193,17145,,,,,465,,,,,,,
1660,40,Data from Ni et al. 2020 (https://doi.org/10.1111/geb.13159),17.48,100.35,,1425,27.71,1341.53,equatorial,Tropical & Subtropical Dry Broadleaf Forests,,,,,O horizon,,forest,,,,bulk soil,,6051,652,,,75429.22282,46089.22282,29340,,,,,365,,,,,,,
1661,40,Data from Ni et al. 2020 (https://doi.org/10.1111/geb.13159),17.48,100.35,,1425,27.71,1341.53,equatorial,Tropical & Subtropical Dry Broadleaf Forests,,,0,15,,,forest,,,,bulk soil,,1703,207,,,21984.72412,12669.72412,9315,,,,,41,,,,,,,
1662,40,Data from Ni et al. 2020 (https://doi.org/10.1111/geb.13159),17.48,100.35,,1425,27.71,1341.53,equatorial,Tropical & Subtropical Dry Broadleaf Forests,,,,,litter,,forest,,,,bulk soil,,3528,565,,,49924.04892,24499.04892,25425,,,,,470,,,,,,,
1663,40,Data from Ni et al. 2020 (https://doi.org/10.1111/geb.13159),17.48,100.35,,1425,27.71,1341.53,equatorial,Tropical & Subtropical Dry Broadleaf Forests,,,,,O horizon,,forest,,,,bulk soil,,8625,723,,,100878.79,68343.79003,32535,,,,,439,,,,,,,
1664,40,Data from Ni et al. 2020 (https://doi.org/10.1111/geb.13159),17.48,100.35,,1425,27.71,1341.53,equatorial,Tropical & Subtropical Dry Broadleaf Forests,,,57,70,,,forest,,,,bulk soil,,331,84,,,5680.685149,1900.685149,3780,,,,,14,,,,,,,
1665,40,Data from Ni et al. 2020 (https://doi.org/10.1111/geb.13159),17.48,100.35,,1425,27.71,1341.53,equatorial,Tropical & Subtropical Dry Broadleaf Forests,,,70,90,,,forest,,,,bulk soil,,220,58,,,3845.44927,1235.44927,2610,,,,,9,,,,,,,
1666,40,Data from Ni et al. 2020 (https://doi.org/10.1111/geb.13159),17.48,100.35,,1425,27.71,1341.53,equatorial,Tropical & Subtropical Dry Broadleaf Forests,,,,,litter,,forest,,,,bulk soil,,2036,440,,,32475.68411,12675.68411,19800,,,,,455,,,,,,,
1667,40,Data from Ni et al. 2020 (https://doi.org/10.1111/geb.13159),17.48,100.35,,1425,27.71,1341.53,equatorial,Tropical & Subtropical Dry Broadleaf Forests,,,55,70,,,forest,,,,bulk soil,,342,87,,,5876.173904,1961.173904,3915,,,,,10,,,,,,,
1668,40,Data from Ni et al. 2020 (https://doi.org/10.1111/geb.13159),17.48,100.35,,1425,27.71,1341.53,equatorial,Tropical & Subtropical Dry Broadleaf Forests,,,,,litter,,forest,,,,bulk soil,,624,182,,,11469.65116,3279.651156,8190,,,,,471,,,,,,,
1669,40,Data from Ni et al. 2020 (https://doi.org/10.1111/geb.13159),17.48,100.35,,1425,27.71,1341.53,equatorial,Tropical & Subtropical Dry Broadleaf Forests,,,,,O horizon,,forest,,,,bulk soil,,2861,526,,,42666.6951,18996.6951,23670,,,,,393,,,,,,,
1670,40,Data from Ni et al. 2020 (https://doi.org/10.1111/geb.13159),17.48,100.35,,1425,27.71,1341.53,equatorial,Tropical & Subtropical Dry Broadleaf Forests,,,56,83,,,forest,,,,bulk soil,,356,84,,,5905.685149,2125.685149,3780,,,,,8,,,,,,,
1671,40,Data from Ni et al. 2020 (https://doi.org/10.1111/geb.13159),17.48,100.35,,1425,27.71,1341.53,equatorial,Tropical & Subtropical Dry Broadleaf Forests,,,,,litter,,forest,,,,bulk soil,,3269,444,,,43701.33579,23721.33579,19980,,,,,458,,,,,,,
1672,40,Data from Ni et al. 2020 (https://doi.org/10.1111/geb.13159),17.48,100.35,,1425,27.71,1341.53,equatorial,Tropical & Subtropical Dry Broadleaf Forests,,,23,40,,,forest,,,,bulk soil,,797,407,,,20263.30781,1948.307806,18315,,,,,21,,,,,,,
1673,40,Data from Ni et al. 2020 (https://doi.org/10.1111/geb.13159),17.48,100.35,,1425,27.71,1341.53,equatorial,Tropical & Subtropical Dry Broadleaf Forests,,,62,90,,,forest,,,,bulk soil,,124,66,,,3238.752617,268.7526171,2970,,,,,5,,,,,,,
1674,40,Data from Ni et al. 2020 (https://doi.org/10.1111/geb.13159),17.48,100.35,,1425,27.71,1341.53,equatorial,Tropical & Subtropical Dry Broadleaf Forests,,,,,litter,,forest,,,,bulk soil,,8293,877,,,102843.8795,63378.87947,39465,,,,,452,,,,,,,
1675,40,Data from Ni et al. 2020 (https://doi.org/10.1111/geb.13159),17.48,100.35,,1425,27.71,1341.53,equatorial,Tropical & Subtropical Dry Broadleaf Forests,,,,,O horizon,,forest,,,,bulk soil,,4786,447,,,57450.82454,37335.82454,20115,,,,,346,,,,,,,
1676,40,Data from Ni et al. 2020 (https://doi.org/10.1111/geb.13159),17.48,100.35,,1425,27.71,1341.53,equatorial,Tropical & Subtropical Dry Broadleaf Forests,,,23,36,,,forest,,,,bulk soil,,821,209,,,14111.04995,4706.049954,9405,,,,,27,,,,,,,
1677,40,Data from Ni et al. 2020 (https://doi.org/10.1111/geb.13159),17.48,100.35,,1425,27.71,1341.53,equatorial,Tropical & Subtropical Dry Broadleaf Forests,,,,,litter,,forest,,,,bulk soil,,1805,451,,,30750.47622,10455.47622,20295,,,,,465,,,,,,,
1678,40,Data from Ni et al. 2020 (https://doi.org/10.1111/geb.13159),17.48,100.35,,1425,27.71,1341.53,equatorial,Tropical & Subtropical Dry Broadleaf Forests,,,,,O horizon,,forest,,,,bulk soil,,5326,472,,,63114.8975,41874.8975,21240,,,,,365,,,,,,,
1679,40,Data from Ni et al. 2020 (https://doi.org/10.1111/geb.13159),17.48,100.35,,1425,27.71,1341.53,equatorial,Tropical & Subtropical Dry Broadleaf Forests,,,0,15,,,forest,,,,bulk soil,,1688,172,,,20724.02197,12984.02197,7740,,,,,41,,,,,,,
1680,39,,43.3,-89.33,,307,7.84,847.62,snow,Temperate Broadleaf & Mixed Forests,manure,maize,0,30,,,cropland,,,,bulk soil,,767,95.8,258,19.8,9984.207587,5673.207587,4311,,,,,,21.3,1.78,6.9,,19,27,54
1681,39,,43.3,-89.33,,307,7.84,847.62,snow,Temperate Broadleaf & Mixed Forests,manure,MS,0,30,,,,,,,bulk soil,,882,86.6,316,23.8,10723.30874,6826.308737,3897,,,,,,21.3,1.81,,,19,27,54
1682,39,,43.3,-89.33,,307,7.84,847.62,snow,Temperate Broadleaf & Mixed Forests,manure,MSW,0,30,,,,,,,bulk soil,,793,77.2,257,19,9619.977304,6145.977304,3474,,,,,,20.1,1.82,,,19,27,54
1683,39,,43.3,-89.33,,307,7.84,847.62,snow,Temperate Broadleaf & Mixed Forests,manure,MAAA,0,30,,,,,,,bulk soil,,964,110,332,26.9,12213.92103,7263.921029,4950,,,,,,22.5,2.01,,,19,27,54
1684,39,,43.3,-89.33,,307,7.84,847.62,snow,Temperate Broadleaf & Mixed Forests,manure,MOA,0,30,,,,,,,bulk soil,,910,90.1,310,26.8,11087.87895,7033.378952,4054.5,,,,,,23.7,2.15,,,19,27,54
1685,39,,43.3,-89.33,,307,7.84,847.62,snow,Temperate Broadleaf & Mixed Forests,manure,Pasture,0,30,,,,,,,bulk soil,,1095,100,396,40.8,13071.29184,8571.291844,4500,,,,,,29,2.46,,,19,27,54
1686,38,,52.25,10.25,,90,9,697.7,temperate,Temperate Broadleaf & Mixed Forests,,,0,10,,Planosols,forest,,,,bulk soil,,2730,210,1840,160,31324.21287,21874.21287,9450,,,610,,,59.9,4.3,3.9,,15,77,8
1687,38,,52.25,10.25,,90,9,697.7,temperate,Temperate Broadleaf & Mixed Forests,,,0,10,,Planosols,forest,,,,bulk soil,,2640,140,1550,49,28262.80858,21962.80858,6300,,,520,,,58,2.4,3.9,,6,39,55
1688,38,,52.25,10.25,,90,9,697.7,temperate,Temperate Broadleaf & Mixed Forests,,,0,10,,Gleysols,cropland,,,,bulk soil,,1180,140,690,34,15122.80858,8822.808582,6300,,,450,,,18.6,1.8,7,,35,55,10
1689,38,,52.25,10.25,,90,9,697.7,temperate,Temperate Broadleaf & Mixed Forests,,,0,10,,Gleysols,cropland,,,,bulk soil,,1190,120,840,,14569.55021,9169.550213,5400,,,360,,,15.1,1.4,7.3,,34,56,10
1690,38,,52.25,10.25,,90,9,697.7,temperate,Temperate Broadleaf & Mixed Forests,,,0,10,,Gleysols,cropland,,,,bulk soil,,1400,110,910,,16137.92103,11187.92103,4950,,,200,,,14,1.2,7.8,,18,66,16
1691,38,,52.25,10.25,,90,9,697.7,temperate,Temperate Broadleaf & Mixed Forests,,,0,10,,Gleysols,cropland,,,,bulk soil,,980,67,540,,10974.91554,7959.915536,3015,,,180,,,7.8,0.7,7.4,,8,8,84
1692,37,,35.28,107.88,,1200,10.62,595.55,snow,Temperate Broadleaf & Mixed Forests,manure,,0,10,,,cropland,,,,bulk soil,,450,35,240,,5175.702145,3600.702145,1575,,,77.03,13.85,,8.68,1.02,7.92,,15,72,13
1693,37,,35.28,107.88,,1200,10.62,595.55,snow,Temperate Broadleaf & Mixed Forests,manure,,44124,,,,cropland,,,,bulk soil,,350,25,187,,3954.072961,2829.072961,1125,,,66.16,8.18,,7.99,0.98,8.23,,15,72,13
1694,37,,40.06,-88.19,,,11,978.8,snow,"Temperate Grasslands, Savannas & Shrublands",mulch,2008y,0,10,,,cropland,,,,bulk soil,,1165.72,33.38,,,11565.07822,10062.97822,1502.1,1502.1,10062.91,,,17.22,,,,,17.3,,
1695,37,,40.06,-88.19,,,11,978.8,snow,"Temperate Grasslands, Savannas & Shrublands",mulch,2010y,0,10,,,cropland,,,,bulk soil,,1205.67,39.39,,,12117.92736,10345.37736,1772.55,1772.55,10345.29,,,18.14,,,,,,,
1696,37,,40.06,-88.19,,,11,978.8,snow,"Temperate Grasslands, Savannas & Shrublands",mulch,2014y,0,10,,,cropland,,,,bulk soil,,1165.6,37.01,,,11680.74961,10015.29961,1665.45,1665.45,10015.22,,,15.92,,,,,,,
1697,37,,35.28,107.88,,,10.62,595.55,snow,Temperate Broadleaf & Mixed Forests,mulch,CK,0,20,,,cropland,,,,bulk soil,,400.18,32.37,,,4642.73367,3186.08367,1456.65,1456.65,3186.03,,,8.34,,1,,,,,
1698,36,,46.13,-88.18,,422,4.4,741.02,snow,Temperate Broadleaf & Mixed Forests,,,0,15,,,forest,,,,bulk soil,,582,97,,,8357.803089,3992.803089,4365,,,,,31.03,,,,,,,
1699,36,,46.13,-88.18,,422,4.4,741.02,snow,Temperate Broadleaf & Mixed Forests,,,0,15,,,forest,,,,bulk soil,,544,60,,,6825.775106,4125.775106,2700,,,,,27.96,,,,,,,
1700,36,,46.13,-88.18,,422,4.4,741.02,snow,Temperate Broadleaf & Mixed Forests,,,0,15,,,forest,,,,bulk soil,,498,40,,,5768.516738,3968.516738,1800,,,,,29.14,,,,,,,
1701,35,,49.52,8.39,,144,9.78,526.59,temperate,Temperate Broadleaf & Mixed Forests,,,,,litter,,forest,,,,bulk soil,,4606,52,658,,43126.47176,40786.47176,2340,,,,,,443,12.8,,,,,
1702,35,,49.52,8.39,,144,9.78,526.59,temperate,Temperate Broadleaf & Mixed Forests,,,,,litter,,forest,,,,bulk soil,,4228,85,571,,40785.84807,36960.84807,3825,,,,,,444,14.3,,,,,
1703,35,,49.52,8.39,,144,9.78,526.59,temperate,Temperate Broadleaf & Mixed Forests,,,,,litter,,forest,,,,bulk soil,,3655,85,630,,35628.84807,31803.84807,3825,,,,,,437,14.7,,,,,
1704,35,,49.52,8.39,,144,9.78,526.59,temperate,Temperate Broadleaf & Mixed Forests,,,,,litter,,forest,,,,bulk soil,,5242,128,2496,,51294.85356,45534.85356,5760,,,,,,437,17.2,,,,,
1705,35,,49.52,8.39,,144,9.78,526.59,temperate,Temperate Broadleaf & Mixed Forests,,,,,litter,,forest,,,,bulk soil,,5987,150,3522,,58707.43777,51957.43777,6750,,,,,,439,20.3,,,,,
1706,35,,49.52,8.39,,144,9.78,526.59,temperate,Temperate Broadleaf & Mixed Forests,,,,,litter,,forest,,,,bulk soil,,6116,382,4077,,67330.23484,50140.23484,17190,,,,,,423,21.4,,,,,
1707,35,,49.52,8.39,,144,9.78,526.59,temperate,Temperate Broadleaf & Mixed Forests,,,,,litter,,forest,,,,bulk soil,,4606,52,,,43126.47176,40786.47176,2340,,,,,443,,,,,,,
1708,35,,49.52,8.39,,144,9.78,526.59,temperate,Temperate Broadleaf & Mixed Forests,,,,,litter,,forest,,,,bulk soil,,4228,85,,,40785.84807,36960.84807,3825,,,,,444,,,,,,,
1709,35,,49.52,8.39,,144,9.78,526.59,temperate,Temperate Broadleaf & Mixed Forests,,,,,litter,,forest,,,,bulk soil,,3655,85,,,35628.84807,31803.84807,3825,,,,,437,,,,,,,
1710,35,,49.52,8.39,,144,9.78,526.59,temperate,Temperate Broadleaf & Mixed Forests,,,,,litter,,forest,,,,bulk soil,,5242,128,,,51294.85356,45534.85356,5760,,,,,437,,,,,,,
1711,35,,49.52,8.39,,144,9.78,526.59,temperate,Temperate Broadleaf & Mixed Forests,,,,,litter,,forest,,,,bulk soil,,5987,150,,,58707.43777,51957.43777,6750,,,,,439,,,,,,,
1712,35,,49.52,8.39,,144,9.78,526.59,temperate,Temperate Broadleaf & Mixed Forests,,,,,litter,,forest,,,,bulk soil,,6116,382,,,67330.23484,50140.23484,17190,,,,,423,,,,,,,
1713,34,,45.77,124.36,,,5.19,416.69,snow,Flooded Grasslands & Savannas,,,0,20,,,grassland,,,,bulk soil,,1046,73.86,,,11789.55316,8465.853156,3323.7,,,,,,25.9,2.7,5.3,,,,
1714,34,,45.77,124.36,,,5.19,416.69,snow,Flooded Grasslands & Savannas,,,0,20,,,grassland,,,,bulk soil,,744,58.07,,,8563.700674,5950.550674,2613.15,,,,,,16.7,2.1,7.6,,,,
1715,34,,45.77,124.36,,,5.19,416.69,snow,Flooded Grasslands & Savannas,,,0,20,,,grassland,,,,bulk soil,,479,46.5,,,5806.575708,3714.075708,2092.5,,,,,,13.1,1.6,8.1,,,,
1716,34,,45.77,124.36,,,5.19,416.69,snow,Flooded Grasslands & Savannas,,,0,20,,,grassland,,,,bulk soil,,476,47.69,,,5817.84958,3671.79958,2146.05,,,,,,12.6,1.6,8.4,,,,
1717,33,,35.2,107.67,,967,10.62,595.55,snow,Temperate Broadleaf & Mixed Forests,cropping system; fertilizer,alfalfa_ck,0,20,,Calcaric Regosol,cropland,,,,bulk soil,,182.4324324,7.697368421,85.4749,,1889.461724,1543.080145,346.3815789,,,,,9.3,,1.07,8.8,,5,13,82
1718,33,,35.2,107.67,,967,10.62,595.55,snow,Temperate Broadleaf & Mixed Forests,cropping system; fertilizer,alfalfa_ck,0,20,,Calcaric Regosol,cropland,,,,bulk soil,,337.8378378,16.18421053,135.7542,,3561.071984,2832.78251,728.2894739,,,,,9.3,,1.07,8.3,,24,38,38
1719,33,,35.2,107.67,,967,10.62,595.55,snow,Temperate Broadleaf & Mixed Forests,cropping system; fertilizer,alfalfa_ck,0,20,,Calcaric Regosol,cropland,,,,bulk soil,,277.027027,11.25,140.7821,,2855.076075,2348.826075,506.25,,,,,9.3,,1.07,8.3,,24,38,38
1720,33,,35.2,107.67,,967,10.62,595.55,snow,Temperate Broadleaf & Mixed Forests,cropping system; fertilizer,alfalfa_ck,0,20,,Calcaric Regosol,cropland,,,,bulk soil,,250,11.05263158,133.2402,,2605.484888,2108.116467,497.3684211,,,,,9.3,,1.07,8.3,,24,38,38
1721,33,,35.2,107.67,,967,10.62,595.55,snow,Temperate Broadleaf & Mixed Forests,cropping system; fertilizer,alfalfa_ck,0,20,,Calcaric Regosol,cropland,,,,bulk soil,,364.8648649,16.97368421,140.7821,,3829.707005,3065.891216,763.8157895,,,,,9.3,,1.07,8.3,,24,38,38
1722,33,,35.2,107.67,,967,10.62,595.55,snow,Temperate Broadleaf & Mixed Forests,cropping system; fertilizer,alfalfa_ck,0,20,,Calcaric Regosol,cropland,,,,bulk soil,,297.2972973,15.39473684,130.7263,,3170.815341,2478.052183,692.7631578,,,,,9.3,,1.07,8.3,,24,38,38
1723,33,,35.2,107.67,,967,10.62,595.55,snow,Temperate Broadleaf & Mixed Forests,cropping system; fertilizer,alfalfa_ck,0,20,,Calcaric Regosol,cropland,,,,bulk soil,,844.5945946,22.10526316,276.5363,,8312.321128,7317.584285,994.7368422,,,,,9.3,,1.07,8.3,,24,38,38
1724,33,,35.2,107.67,,967,10.62,595.55,snow,Temperate Broadleaf & Mixed Forests,cropping system; fertilizer,alfalfa_ck,0,20,,Calcaric Regosol,cropland,,,,bulk soil,,506.7567568,20.72368421,206.1453,,5227.344976,4294.779187,932.5657895,,,,,9.3,,1.07,8.3,,24,38,38
1725,33,,35.2,107.67,,967,10.62,595.55,snow,Temperate Broadleaf & Mixed Forests,cropping system; fertilizer,alfalfa_ck,0,20,,Calcaric Regosol,cropland,,,,bulk soil,,621.6216216,21.11842105,248.8827,,6273.824648,5323.495701,950.3289473,,,,,9.3,,1.07,8.3,,24,38,38
1726,33,,35.2,107.67,,967,10.62,595.55,snow,Temperate Broadleaf & Mixed Forests,cropping system; fertilizer,alfalfa_p,0,20,,Calcaric Regosol,cropland,,,,bulk soil,,236.4864865,8.289473684,108.1006,,2394.992045,2021.965729,373.0263158,,,,,10.01,,1.17,8.3,,24,38,38
1727,33,,35.2,107.67,,967,10.62,595.55,snow,Temperate Broadleaf & Mixed Forests,cropping system; fertilizer,alfalfa_p,0,20,,Calcaric Regosol,cropland,,,,bulk soil,,358.1081081,18.15789474,145.8101,,3806.98386,2989.878597,817.1052633,,,,,10.01,,1.17,8.3,,24,38,38
1728,33,,35.2,107.67,,967,10.62,595.55,snow,Temperate Broadleaf & Mixed Forests,cropping system; fertilizer,alfalfa_p,0,20,,Calcaric Regosol,cropland,,,,bulk soil,,290.5405405,12.63157895,118.1564,,3021.133308,2452.712255,568.4210528,,,,,10.01,,1.17,8.3,,24,38,38
1729,33,,35.2,107.67,,967,10.62,595.55,snow,Temperate Broadleaf & Mixed Forests,cropping system; fertilizer,alfalfa_p,0,20,,Calcaric Regosol,cropland,,,,bulk soil,,331.0810811,18.35526316,140.7821,,3570.088562,2744.10172,825.9868422,,,,,10.01,,1.17,8.3,,24,38,38
1730,33,,35.2,107.67,,967,10.62,595.55,snow,Temperate Broadleaf & Mixed Forests,cropping system; fertilizer,alfalfa_p,0,20,,Calcaric Regosol,cropland,,,,bulk soil,,385.1351351,17.36842105,150.838,,4024.835326,3243.256378,781.5789473,,,,,10.01,,1.17,8.3,,24,38,38
1731,33,,35.2,107.67,,967,10.62,595.55,snow,Temperate Broadleaf & Mixed Forests,cropping system; fertilizer,alfalfa_p,0,20,,Calcaric Regosol,cropland,,,,bulk soil,,412.1621622,23.68421053,186.0335,,4471.212791,3405.423318,1065.789474,,,,,10.01,,1.17,8.3,,24,38,38
1732,33,,35.2,107.67,,967,10.62,595.55,snow,Temperate Broadleaf & Mixed Forests,cropping system; fertilizer,alfalfa_p,0,20,,Calcaric Regosol,cropland,,,,bulk soil,,912.1621622,24.07894737,299.162,,8983.90868,7900.356049,1083.552632,,,,,10.01,,1.17,8.3,,24,38,38
1733,33,,35.2,107.67,,967,10.62,595.55,snow,Temperate Broadleaf & Mixed Forests,cropping system; fertilizer,alfalfa_p,0,20,,Calcaric Regosol,cropland,,,,bulk soil,,614.8648649,22.5,246.3687,,6257.449449,5244.949449,1012.5,,,,,10.01,,1.17,8.3,,24,38,38
1734,33,,35.2,107.67,,967,10.62,595.55,snow,Temperate Broadleaf & Mixed Forests,cropping system; fertilizer,alfalfa_p,0,20,,Calcaric Regosol,cropland,,,,bulk soil,,736.4864865,23.68421053,296.648,,7390.13171,6324.342236,1065.789474,,,,,10.01,,1.17,8.3,,24,38,38
1735,33,,35.2,107.67,,967,10.62,595.55,snow,Temperate Broadleaf & Mixed Forests,cropping system; fertilizer,alfalfa_npm,0,20,,Calcaric Regosol,cropland,,,,bulk soil,,229.7297297,6.513157895,103.0726,,2277.049733,1983.957628,293.0921053,,,,,11.84,,1.37,8.3,,24,38,38
1736,33,,35.2,107.67,,967,10.62,595.55,snow,Temperate Broadleaf & Mixed Forests,cropping system; fertilizer,alfalfa_npm,0,20,,Calcaric Regosol,cropland,,,,bulk soil,,317.5675676,19.53947368,130.7263,,3486.554607,2607.278291,879.2763156,,,,,11.84,,1.37,8.3,,24,38,38
1737,33,,35.2,107.67,,967,10.62,595.55,snow,Temperate Broadleaf & Mixed Forests,cropping system; fertilizer,alfalfa_npm,0,20,,Calcaric Regosol,cropland,,,,bulk soil,,412.1621622,16.57894737,193.5754,,4242.686792,3496.63416,746.0526317,,,,,11.84,,1.37,8.3,,24,38,38
1738,33,,35.2,107.67,,967,10.62,595.55,snow,Temperate Broadleaf & Mixed Forests,cropping system; fertilizer,alfalfa_npm,0,20,,Calcaric Regosol,cropland,,,,bulk soil,,405.4054054,22.69736842,186.0335,,4378.662258,3357.280679,1021.381579,,,,,11.84,,1.37,8.3,,24,38,38
1739,33,,35.2,107.67,,967,10.62,595.55,snow,Temperate Broadleaf & Mixed Forests,cropping system; fertilizer,alfalfa_npm,0,20,,Calcaric Regosol,cropland,,,,bulk soil,,425.6756757,18.94736842,170.9497,,4440.483746,3587.852168,852.6315789,,,,,11.84,,1.37,8.3,,24,38,38
1740,33,,35.2,107.67,,967,10.62,595.55,snow,Temperate Broadleaf & Mixed Forests,cropping system; fertilizer,alfalfa_npm,0,20,,Calcaric Regosol,cropland,,,,bulk soil,,648.6486486,25.46052632,289.1061,,6656.722669,5510.998985,1145.723684,,,,,11.84,,1.37,8.3,,24,38,38
1741,33,,35.2,107.67,,967,10.62,595.55,snow,Temperate Broadleaf & Mixed Forests,cropping system; fertilizer,alfalfa_npm,0,20,,Calcaric Regosol,cropland,,,,bulk soil,,959.4594595,25.46052632,341.8994,,9454.019967,8308.296283,1145.723684,,,,,11.84,,1.37,8.3,,24,38,38
1742,33,,35.2,107.67,,967,10.62,595.55,snow,Temperate Broadleaf & Mixed Forests,cropping system; fertilizer,alfalfa_npm,0,20,,Calcaric Regosol,cropland,,,,bulk soil,,655.4054054,23.09210526,263.9665,,6641.358147,5602.21341,1039.144737,,,,,11.84,,1.37,8.3,,24,38,38
1743,33,,35.2,107.67,,967,10.62,595.55,snow,Temperate Broadleaf & Mixed Forests,cropping system; fertilizer,alfalfa_npm,0,20,,Calcaric Regosol,cropland,,,,bulk soil,,871.6216216,27.63157895,374.581,,8733.306815,7489.885762,1243.421053,,,,,11.84,,1.37,8.3,,24,38,38
1744,33,,35.2,107.67,,967,10.62,595.55,snow,Temperate Broadleaf & Mixed Forests,cropping system; fertilizer,grain_ck,0,20,,Calcaric Regosol,cropland,,,,bulk soil,,182.4324324,12.25490196,103.0726,,2036.045304,1484.574716,551.4705882,,,,,6.23,,0.69,8.3,,24,38,38
1745,33,,35.2,107.67,,967,10.62,595.55,snow,Temperate Broadleaf & Mixed Forests,cropping system; fertilizer,grain_ck,0,20,,Calcaric Regosol,cropland,,,,bulk soil,,202.7027027,8.431372549,98.0447,,2095.501872,1716.090107,379.4117647,,,,,6.23,,0.69,8.3,,24,38,38
1746,33,,35.2,107.67,,967,10.62,595.55,snow,Temperate Broadleaf & Mixed Forests,cropping system; fertilizer,grain_ck,0,20,,Calcaric Regosol,cropland,,,,bulk soil,,189.1891892,11.37254902,103.0726,,2068.477069,1556.712363,511.7647059,,,,,6.23,,0.69,8.3,,24,38,38
1747,33,,35.2,107.67,,967,10.62,595.55,snow,Temperate Broadleaf & Mixed Forests,cropping system; fertilizer,grain_ck,0,20,,Calcaric Regosol,cropland,,,,bulk soil,,202.7027027,9.411764706,108.1006,,2127.034145,1703.504733,423.5294118,,,,,6.23,,0.69,8.3,,24,38,38
1748,33,,35.2,107.67,,967,10.62,595.55,snow,Temperate Broadleaf & Mixed Forests,cropping system; fertilizer,grain_ck,0,20,,Calcaric Regosol,cropland,,,,bulk soil,,189.1891892,7.843137255,93.0168,,1954.960887,1602.01971,352.9411765,,,,,6.23,,0.69,8.3,,24,38,38
1749,33,,35.2,107.67,,967,10.62,595.55,snow,Temperate Broadleaf & Mixed Forests,cropping system; fertilizer,grain_ck,0,20,,Calcaric Regosol,cropland,,,,bulk soil,,168.9189189,8.823529412,80.4469,,1804.060727,1407.001903,397.0588235,,,,,6.23,,0.69,8.3,,24,38,38
1750,33,,35.2,107.67,,967,10.62,595.55,snow,Temperate Broadleaf & Mixed Forests,cropping system; fertilizer,grain_ck,0,20,,Calcaric Regosol,cropland,,,,bulk soil,,182.4324324,11.37254902,93.0168,,2007.666258,1495.901552,511.7647059,,,,,6.23,,0.69,8.3,,24,38,38
1751,33,,35.2,107.67,,967,10.62,595.55,snow,Temperate Broadleaf & Mixed Forests,cropping system; fertilizer,grain_ck,0,20,,Calcaric Regosol,cropland,,,,bulk soil,,168.9189189,14.11764706,85.4749,,1974.335001,1339.040883,635.2941177,,,,,6.23,,0.69,8.3,,24,38,38
1752,33,,35.2,107.67,,967,10.62,595.55,snow,Temperate Broadleaf & Mixed Forests,cropping system; fertilizer,grain_ck,0,20,,Calcaric Regosol,cropland,,,,bulk soil,,209.4594595,12.15686275,105.5866,,2276.135321,1729.076497,547.0588238,,,,,6.23,,0.69,8.3,,24,38,38
1753,33,,35.2,107.67,,967,10.62,595.55,snow,Temperate Broadleaf & Mixed Forests,cropping system; fertilizer,grain_ck,0,20,,Calcaric Regosol,cropland,,,,bulk soil,,250,10.49019608,133.2402,,2587.395321,2115.336497,472.0588236,,,,,6.23,,0.69,8.3,,24,38,38
1754,33,,35.2,107.67,,967,10.62,595.55,snow,Temperate Broadleaf & Mixed Forests,cropping system; fertilizer,grain_ck,0,20,,Calcaric Regosol,cropland,,,,bulk soil,,202.7027027,8.62745098,100.5587,,2101.808327,1713.573032,388.2352941,,,,,6.23,,0.69,8.3,,24,38,38
1755,33,,35.2,107.67,,967,10.62,595.55,snow,Temperate Broadleaf & Mixed Forests,cropping system; fertilizer,grain_p,0,20,,Calcaric Regosol,cropland,,,,bulk soil,,236.4864865,12.94118,133.2402,,2544.604495,1962.251395,582.3531,,,,,6.64,,0.75,8.3,,24,38,38
1756,33,,35.2,107.67,,967,10.62,595.55,snow,Temperate Broadleaf & Mixed Forests,cropping system; fertilizer,grain_p,0,20,,Calcaric Regosol,cropland,,,,bulk soil,,209.4594595,6.27451,100.5587,,2086.941689,1804.588739,282.35295,,,,,6.64,,0.75,8.3,,24,38,38
1757,33,,35.2,107.67,,967,10.62,595.55,snow,Temperate Broadleaf & Mixed Forests,cropping system; fertilizer,grain_p,0,20,,Calcaric Regosol,cropland,,,,bulk soil,,182.4324324,8.039216,87.9888,,1900.45654,1538.69182,361.76472,,,,,6.64,,0.75,8.3,,24,38,38
1758,33,,35.2,107.67,,967,10.62,595.55,snow,Temperate Broadleaf & Mixed Forests,cropping system; fertilizer,grain_p,0,20,,Calcaric Regosol,cropland,,,,bulk soil,,222.972973,10.19608,118.1564,,2334.692446,1875.868846,458.8236,,,,,6.64,,0.75,8.3,,24,38,38
1759,33,,35.2,107.67,,967,10.62,595.55,snow,Temperate Broadleaf & Mixed Forests,cropping system; fertilizer,grain_p,0,20,,Calcaric Regosol,cropland,,,,bulk soil,,229.7297297,10.98039,105.5866,,2420.728955,1926.611405,494.11755,,,,,6.64,,0.75,8.3,,24,38,38
1760,33,,35.2,107.67,,967,10.62,595.55,snow,Temperate Broadleaf & Mixed Forests,cropping system; fertilizer,grain_p,0,20,,Calcaric Regosol,cropland,,,,bulk soil,,141.8918919,7.647059,85.4749,,1522.978762,1178.861107,344.117655,,,,,6.64,,0.75,8.3,,24,38,38
1761,33,,35.2,107.67,,967,10.62,595.55,snow,Temperate Broadleaf & Mixed Forests,cropping system; fertilizer,grain_p,0,20,,Calcaric Regosol,cropland,,,,bulk soil,,216.2162162,12.54902,113.1285,,2349.559053,1784.853153,564.7059,,,,,6.64,,0.75,8.3,,24,38,38
1762,33,,35.2,107.67,,967,10.62,595.55,snow,Temperate Broadleaf & Mixed Forests,cropping system; fertilizer,grain_p,0,20,,Calcaric Regosol,cropland,,,,bulk soil,,222.972973,12.94118,113.1285,,2422.982874,1840.629774,582.3531,,,,,6.64,,0.75,8.3,,24,38,38
1763,33,,35.2,107.67,,967,10.62,595.55,snow,Temperate Broadleaf & Mixed Forests,cropping system; fertilizer,grain_p,0,20,,Calcaric Regosol,cropland,,,,bulk soil,,195.9459459,13.33333,108.1006,,2192.352318,1592.352468,599.99985,,,,,6.64,,0.75,8.3,,24,38,38
1764,33,,35.2,107.67,,967,10.62,595.55,snow,Temperate Broadleaf & Mixed Forests,cropping system; fertilizer,grain_p,0,20,,Calcaric Regosol,cropland,,,,bulk soil,,256.7567568,12.94118,135.7542,,2727.036928,2144.683828,582.3531,,,,,6.64,,0.75,8.3,,24,38,38
1765,33,,35.2,107.67,,967,10.62,595.55,snow,Temperate Broadleaf & Mixed Forests,cropping system; fertilizer,grain_p,0,20,,Calcaric Regosol,cropland,,,,bulk soil,,250,14.31373,125.6983,,2710.371331,2066.253481,644.11785,,,,,6.64,,0.75,8.3,,24,38,38
1766,33,,35.2,107.67,,967,10.62,595.55,snow,Temperate Broadleaf & Mixed Forests,cropping system; fertilizer,grain_np,0,20,,Calcaric Regosol,cropland,,,,bulk soil,,182.4324324,13.14270153,103.0726,,2064.599529,1473.17796,591.4215689,,,,,7.28,,0.85,8.3,,24,38,38
1767,33,,35.2,107.67,,967,10.62,595.55,snow,Temperate Broadleaf & Mixed Forests,cropping system; fertilizer,grain_np,0,20,,Calcaric Regosol,cropland,,,,bulk soil,,263.5135135,10.82788671,120.6704,,2719.878059,2232.623157,487.254902,,,,,7.28,,0.85,8.3,,24,38,38
1768,33,,35.2,107.67,,967,10.62,595.55,snow,Temperate Broadleaf & Mixed Forests,cropping system; fertilizer,grain_np,0,20,,Calcaric Regosol,cropland,,,,bulk soil,,209.4594595,11.5087146,100.5587,,2255.288985,1737.396828,517.892157,,,,,7.28,,0.85,8.3,,24,38,38
1769,33,,35.2,107.67,,967,10.62,595.55,snow,Temperate Broadleaf & Mixed Forests,cropping system; fertilizer,grain_np,0,20,,Calcaric Regosol,cropland,,,,bulk soil,,229.7297297,14.23202614,110.6145,,2525.311063,1884.869887,640.4411763,,,,,7.28,,0.85,8.3,,24,38,38
1770,33,,35.2,107.67,,967,10.62,595.55,snow,Temperate Broadleaf & Mixed Forests,cropping system; fertilizer,grain_np,0,20,,Calcaric Regosol,cropland,,,,bulk soil,,243.2432432,11.10021786,128.2123,,2546.204591,2046.694787,499.5098037,,,,,7.28,,0.85,8.3,,24,38,38
1771,33,,35.2,107.67,,967,10.62,595.55,snow,Temperate Broadleaf & Mixed Forests,cropping system; fertilizer,grain_np,0,20,,Calcaric Regosol,cropland,,,,bulk soil,,263.5135135,12.46187364,125.6983,,2772.431847,2211.647533,560.7843138,,,,,7.28,,0.85,8.3,,24,38,38
1772,33,,35.2,107.67,,967,10.62,595.55,snow,Temperate Broadleaf & Mixed Forests,cropping system; fertilizer,grain_np,0,20,,Calcaric Regosol,cropland,,,,bulk soil,,263.5135135,14.5043573,138.2682,,2838.124082,2185.428004,652.6960785,,,,,7.28,,0.85,8.3,,24,38,38
1773,33,,35.2,107.67,,967,10.62,595.55,snow,Temperate Broadleaf & Mixed Forests,cropping system; fertilizer,grain_np,0,20,,Calcaric Regosol,cropland,,,,bulk soil,,304.0540541,15.86601307,133.2402,,3246.783771,2532.813183,713.9705882,,,,,7.28,,0.85,8.3,,24,38,38
1774,33,,35.2,107.67,,967,10.62,595.55,snow,Temperate Broadleaf & Mixed Forests,cropping system; fertilizer,grain_np,0,20,,Calcaric Regosol,cropland,,,,bulk soil,,317.5675676,20.76797386,160.8939,,3526.066758,2591.507934,934.5588237,,,,,7.28,,0.85,8.3,,24,38,38
1775,33,,35.2,107.67,,967,10.62,595.55,snow,Temperate Broadleaf & Mixed Forests,cropping system; fertilizer,grain_np,0,20,,Calcaric Regosol,cropland,,,,bulk soil,,304.0540541,16.54684096,158.3799,,3268.681183,2524.07334,744.6078432,,,,,7.28,,0.85,8.3,,24,38,38
1776,33,,35.2,107.67,,967,10.62,595.55,snow,Temperate Broadleaf & Mixed Forests,cropping system; fertilizer,grain_np,0,20,,Calcaric Regosol,cropland,,,,bulk soil,,385.1351351,18.7254902,186.0335,,4068.48263,3225.835571,842.647059,,,,,7.28,,0.85,8.3,,24,38,38
1777,33,,35.2,107.67,,967,10.62,595.55,snow,Temperate Broadleaf & Mixed Forests,cropping system; fertilizer,grain_npm,0,20,,Calcaric Regosol,cropland,,,,bulk soil,,229.7297297,13.00653595,130.7263,,2485.895722,1900.601605,585.2941178,,,,,9.92,,1.08,8.3,,24,38,38
1778,33,,35.2,107.67,,967,10.62,595.55,snow,Temperate Broadleaf & Mixed Forests,cropping system; fertilizer,grain_npm,0,20,,Calcaric Regosol,cropland,,,,bulk soil,,229.7297297,9.874727669,105.5866,,2385.167628,1940.804883,444.3627451,,,,,9.92,,1.08,8.3,,24,38,38
1779,33,,35.2,107.67,,967,10.62,595.55,snow,Temperate Broadleaf & Mixed Forests,cropping system; fertilizer,grain_npm,0,20,,Calcaric Regosol,cropland,,,,bulk soil,,277.027027,12.73420479,120.6704,,2902.812433,2329.773218,573.0392156,,,,,9.92,,1.08,8.3,,24,38,38
1780,33,,35.2,107.67,,967,10.62,595.55,snow,Temperate Broadleaf & Mixed Forests,cropping system; fertilizer,grain_npm,0,20,,Calcaric Regosol,cropland,,,,bulk soil,,263.5135135,11.5087146,113.1285,,2741.775471,2223.883314,517.892157,,,,,9.92,,1.08,8.3,,24,38,38
1781,33,,35.2,107.67,,967,10.62,595.55,snow,Temperate Broadleaf & Mixed Forests,cropping system; fertilizer,grain_npm,0,20,,Calcaric Regosol,cropland,,,,bulk soil,,324.3243243,19.13398693,165.9218,,3534.32378,2673.294368,861.0294119,,,,,9.92,,1.08,8.3,,24,38,38
1782,33,,35.2,107.67,,967,10.62,595.55,snow,Temperate Broadleaf & Mixed Forests,cropping system; fertilizer,grain_npm,0,20,,Calcaric Regosol,cropland,,,,bulk soil,,351.3513514,19.81481481,188.5475,,3799.464435,2907.797769,891.6666665,,,,,9.92,,1.08,8.3,,24,38,38
1783,33,,35.2,107.67,,967,10.62,595.55,snow,Temperate Broadleaf & Mixed Forests,cropping system; fertilizer,grain_npm,0,20,,Calcaric Regosol,cropland,,,,bulk soil,,364.8648649,24.44444444,188.5475,,4069.988457,2969.988457,1100,,,,,9.92,,1.08,8.3,,24,38,38
1784,33,,35.2,107.67,,967,10.62,595.55,snow,Temperate Broadleaf & Mixed Forests,cropping system; fertilizer,grain_npm,0,20,,Calcaric Regosol,cropland,,,,bulk soil,,351.3513514,21.04030501,178.4916,,3838.879777,2892.066051,946.8137255,,,,,9.92,,1.08,8.3,,24,38,38
1785,33,,35.2,107.67,,967,10.62,595.55,snow,Temperate Broadleaf & Mixed Forests,cropping system; fertilizer,grain_npm,0,20,,Calcaric Regosol,cropland,,,,bulk soil,,344.5945946,23.89978214,168.4358,,3870.038095,2794.547899,1075.490196,,,,,9.92,,1.08,8.3,,24,38,38
1786,33,,35.2,107.67,,967,10.62,595.55,snow,Temperate Broadleaf & Mixed Forests,cropping system; fertilizer,grain_npm,0,20,,Calcaric Regosol,cropland,,,,bulk soil,,432.4324324,26.62309368,216.2011,,4748.168282,3550.129067,1198.039216,,,,,9.92,,1.08,8.3,,24,38,38
1787,33,,35.2,107.67,,967,10.62,595.55,snow,Temperate Broadleaf & Mixed Forests,cropping system; fertilizer,grain_npm,0,20,,Calcaric Regosol,cropland,,,,bulk soil,,520.2702703,24.58061002,261.4525,,5473.016588,4366.889137,1106.127451,,,,,9.92,,1.08,8.3,,24,38,38
1788,33,,35.2,107.67,,967,10.62,595.55,snow,Temperate Broadleaf & Mixed Forests,cropping system; fertilizer,wheat_ck,0,20,,Calcaric Regosol,cropland,,,,bulk soil,,236.114708,9.422686688,116.7609,,2428.093475,2004.072574,424.020901,,,,,6.42,,0.71,8.3,,24,38,38
1789,33,,35.2,107.67,,967,10.62,595.55,snow,Temperate Broadleaf & Mixed Forests,cropping system; fertilizer,wheat_ck,0,20,,Calcaric Regosol,cropland,,,,bulk soil,,173.8402307,11.23275162,87.4418,,1925.840151,1420.366328,505.4738229,,,,,6.42,,0.71,8.3,,24,38,38
1790,33,,35.2,107.67,,967,10.62,595.55,snow,Temperate Broadleaf & Mixed Forests,cropping system; fertilizer,wheat_ck,0,20,,Calcaric Regosol,cropland,,,,bulk soil,,134.700713,9.517299107,91.6783,,1518.410532,1090.132072,428.2784598,,,,,6.42,,0.71,8.3,,24,38,38
1791,33,,35.2,107.67,,967,10.62,595.55,snow,Temperate Broadleaf & Mixed Forests,cropping system; fertilizer,wheat_ck,0,20,,Calcaric Regosol,cropland,,,,bulk soil,,165.4494915,13.82761769,87.1972,,1933.781964,1311.539167,622.2427961,,,,,6.42,,0.71,8.3,,24,38,38
1792,33,,35.2,107.67,,967,10.62,595.55,snow,Temperate Broadleaf & Mixed Forests,cropping system; fertilizer,wheat_ck,0,20,,Calcaric Regosol,cropland,,,,bulk soil,,199.0383453,10.83502435,94.0166,,2139.831112,1652.255016,487.5760958,,,,,6.42,,0.71,8.3,,24,38,38
1793,33,,35.2,107.67,,967,10.62,595.55,snow,Temperate Broadleaf & Mixed Forests,cropping system; fertilizer,wheat_ck,0,20,,Calcaric Regosol,cropland,,,,bulk soil,,218.1592169,10.25948661,95.3766,,2293.407983,1831.731086,461.6768975,,,,,6.42,,0.71,8.3,,24,38,38
1794,33,,35.2,107.67,,967,10.62,595.55,snow,Temperate Broadleaf & Mixed Forests,cropping system; fertilizer,wheat_ck,0,20,,Calcaric Regosol,cropland,,,,bulk soil,,198.1319383,11.60409903,102.4405,,2156.409135,1634.224679,522.1844564,,,,,6.42,,0.71,8.3,,24,38,38
1795,33,,35.2,107.67,,967,10.62,595.55,snow,Temperate Broadleaf & Mixed Forests,cropping system; fertilizer,wheat_ck,0,20,,Calcaric Regosol,cropland,,,,bulk soil,,236.6412873,12.27830763,118.4111,,2524.677793,1972.153949,552.5238434,,,,,6.42,,0.71,8.3,,24,38,38
1796,33,,35.2,107.67,,967,10.62,595.55,snow,Temperate Broadleaf & Mixed Forests,cropping system; fertilizer,wheat_ck,0,20,,Calcaric Regosol,cropland,,,,bulk soil,,209.2591633,13.17978896,105.1637,,2307.232947,1714.142444,593.0905032,,,,,6.42,,0.71,8.3,,24,38,38
1797,33,,35.2,107.67,,967,10.62,595.55,snow,Temperate Broadleaf & Mixed Forests,cropping system; fertilizer,wheat_ck,0,20,,Calcaric Regosol,cropland,,,,bulk soil,,274.8916628,12.83127029,132.8325,,2886.716065,2309.308902,577.4071631,,,,,6.42,,0.71,8.3,,24,38,38
1798,33,,35.2,107.67,,967,10.62,595.55,snow,Temperate Broadleaf & Mixed Forests,cropping system; fertilizer,wheat_p,0,20,,Calcaric Regosol,cropland,,,,bulk soil,,193.479049,11.69516031,103.6113,,2117.461928,1591.179714,526.282214,,,,,6.51,,0.74,8.3,,24,38,38
1799,33,,35.2,107.67,,967,10.62,595.55,snow,Temperate Broadleaf & Mixed Forests,cropping system; fertilizer,wheat_p,0,20,,Calcaric Regosol,cropland,,,,bulk soil,,177.7161997,12.25573255,100.5881,,1993.625924,1442.117959,551.5079648,,,,,6.51,,0.74,8.3,,24,38,38
1800,33,,35.2,107.67,,967,10.62,595.55,snow,Temperate Broadleaf & Mixed Forests,cropping system; fertilizer,wheat_p,0,20,,Calcaric Regosol,cropland,,,,bulk soil,,212.2114604,12.69911729,85.8308,,2318.343817,1746.883539,571.4602781,,,,,6.51,,0.74,8.3,,24,38,38
1801,33,,35.2,107.67,,967,10.62,595.55,snow,Temperate Broadleaf & Mixed Forests,cropping system; fertilizer,wheat_p,0,20,,Calcaric Regosol,cropland,,,,bulk soil,,180.9533675,13.94125406,103.2656,,2076.971725,1449.615292,627.3564327,,,,,6.51,,0.74,8.3,,24,38,38
1802,33,,35.2,107.67,,967,10.62,595.55,snow,Temperate Broadleaf & Mixed Forests,cropping system; fertilizer,wheat_p,0,20,,Calcaric Regosol,cropland,,,,bulk soil,,168.0305934,10.03982346,82.3281,,1835.185364,1383.393308,451.7920557,,,,,6.51,,0.74,8.3,,24,38,38
1803,33,,35.2,107.67,,967,10.62,595.55,snow,Temperate Broadleaf & Mixed Forests,cropping system; fertilizer,wheat_p,0,20,,Calcaric Regosol,cropland,,,,bulk soil,,175.5149255,15.37312297,83.6881,,2074.07883,1382.288296,691.7905337,,,,,6.51,,0.74,8.3,,24,38,38
1804,33,,35.2,107.67,,967,10.62,595.55,snow,Temperate Broadleaf & Mixed Forests,cropping system; fertilizer,wheat_p,0,20,,Calcaric Regosol,cropland,,,,bulk soil,,213.6358143,11.26344359,105.3594,,2284.987546,1778.132585,506.8549616,,,,,6.51,,0.74,8.3,,24,38,38
1805,33,,35.2,107.67,,967,10.62,595.55,snow,Temperate Broadleaf & Mixed Forests,cropping system; fertilizer,wheat_p,0,20,,Calcaric Regosol,cropland,,,,bulk soil,,201.7489339,12.50558036,97.9628,,2217.956366,1655.20525,562.7511162,,,,,6.51,,0.74,8.3,,24,38,38
1806,33,,35.2,107.67,,967,10.62,595.55,snow,Temperate Broadleaf & Mixed Forests,cropping system; fertilizer,wheat_p,0,20,,Calcaric Regosol,cropland,,,,bulk soil,,244.1342518,12.95276989,113.9333,,2613.807148,2030.932503,582.8746451,,,,,6.51,,0.74,8.3,,24,38,38
1807,33,,35.2,107.67,,967,10.62,595.55,snow,Temperate Broadleaf & Mixed Forests,cropping system; fertilizer,wheat_p,0,20,,Calcaric Regosol,cropland,,,,bulk soil,,255.4945529,14.19516031,126.985,,2756.008759,2117.226545,638.782214,,,,,6.51,,0.74,8.3,,24,38,38
1808,33,,35.2,107.67,,967,10.62,595.55,snow,Temperate Broadleaf & Mixed Forests,cropping system; fertilizer,wheat_np,0,20,,Calcaric Regosol,cropland,,,,bulk soil,,205.1155885,13.85450487,106.5335,,2291.641607,1668.188888,623.4527192,,,,,7.53,,0.84,8.3,,24,38,38
1809,33,,35.2,107.67,,967,10.62,595.55,snow,Temperate Broadleaf & Mixed Forests,cropping system; fertilizer,wheat_np,0,20,,Calcaric Regosol,cropland,,,,bulk soil,,220.3432261,12.48300528,116.663,,2384.578916,1822.843678,561.7352376,,,,,7.53,,0.84,8.3,,24,38,38
1810,33,,35.2,107.67,,967,10.62,595.55,snow,Temperate Broadleaf & Mixed Forests,cropping system; fertilizer,wheat_np,0,20,,Calcaric Regosol,cropland,,,,bulk soil,,235.4845393,14.40340909,98.9803,,2582.616526,1934.463116,648.1534091,,,,,7.53,,0.84,8.3,,24,38,38
1811,33,,35.2,107.67,,967,10.62,595.55,snow,Temperate Broadleaf & Mixed Forests,cropping system; fertilizer,wheat_np,0,20,,Calcaric Regosol,cropland,,,,bulk soil,,235.2169334,14.96398133,120.7984,,2598.237712,1924.858552,673.3791599,,,,,7.53,,0.84,8.3,,24,38,38
1812,33,,35.2,107.67,,967,10.62,595.55,snow,Temperate Broadleaf & Mixed Forests,cropping system; fertilizer,wheat_np,0,20,,Calcaric Regosol,cropland,,,,bulk soil,,222.2941593,12.08553166,102.7797,,2389.353403,1845.504478,543.8489247,,,,,7.53,,0.84,8.3,,24,38,38
1813,33,,35.2,107.67,,967,10.62,595.55,snow,Temperate Broadleaf & Mixed Forests,cropping system; fertilizer,wheat_np,0,20,,Calcaric Regosol,cropland,,,,bulk soil,,245.2996323,17.75923295,128.981,,2778.885452,1979.719969,799.1654828,,,,,7.53,,0.84,8.3,,24,38,38
1814,33,,35.2,107.67,,967,10.62,595.55,snow,Temperate Broadleaf & Mixed Forests,cropping system; fertilizer,wheat_np,0,20,,Calcaric Regosol,cropland,,,,bulk soil,,267.8993802,13.08137175,134.5806,,2831.829514,2243.167786,588.6617288,,,,,7.53,,0.84,8.3,,24,38,38
1815,33,,35.2,107.67,,967,10.62,595.55,snow,Temperate Broadleaf & Mixed Forests,cropping system; fertilizer,wheat_np,0,20,,Calcaric Regosol,cropland,,,,bulk soil,,302.5241277,18.3010349,135.9471,,3311.331842,2487.785272,823.5465705,,,,,7.53,,0.84,8.3,,24,38,38
1816,33,,35.2,107.67,,967,10.62,595.55,snow,Temperate Broadleaf & Mixed Forests,cropping system; fertilizer,wheat_np,0,20,,Calcaric Regosol,cropland,,,,bulk soil,,325.5209682,18.29367898,148.9955,,3518.066819,2694.851265,823.2155541,,,,,7.53,,0.84,8.3,,24,38,38
1817,33,,35.2,107.67,,967,10.62,595.55,snow,Temperate Broadleaf & Mixed Forests,cropping system; fertilizer,wheat_np,0,20,,Calcaric Regosol,cropland,,,,bulk soil,,333.0225652,15.33152394,160.5894,,3490.309641,2800.391064,689.9185773,,,,,7.53,,0.84,8.3,,24,38,38
1818,33,,35.2,107.67,,967,10.62,595.55,snow,Temperate Broadleaf & Mixed Forests,cropping system; fertilizer,wheat_npm,0,20,,Calcaric Regosol,cropland,,,,bulk soil,,177.9751731,14.30879667,105.0691,,2061.989218,1418.093368,643.8958502,,,,,9.78,,1.07,8.3,,24,38,38
1819,33,,35.2,107.67,,967,10.62,595.55,snow,Temperate Broadleaf & Mixed Forests,cropping system; fertilizer,wheat_npm,0,20,,Calcaric Regosol,cropland,,,,bulk soil,,231.988398,12.14209619,106.4324,,2478.420831,1932.026503,546.3943286,,,,,9.78,,1.07,8.3,,24,38,38
1820,33,,35.2,107.67,,967,10.62,595.55,snow,Temperate Broadleaf & Mixed Forests,cropping system; fertilizer,wheat_npm,0,20,,Calcaric Regosol,cropland,,,,bulk soil,,254.8557518,17.92664367,98.9836,,2870.274944,2063.575979,806.6989652,,,,,9.78,,1.07,8.3,,24,38,38
1821,33,,35.2,107.67,,967,10.62,595.55,snow,Temperate Broadleaf & Mixed Forests,cropping system; fertilizer,wheat_npm,0,20,,Calcaric Regosol,cropland,,,,bulk soil,,312.7363133,16.32761769,164.6302,,3339.770656,2605.02786,734.7427961,,,,,9.78,,1.07,8.3,,24,38,38
1822,33,,35.2,107.67,,967,10.62,595.55,snow,Temperate Broadleaf & Mixed Forests,cropping system; fertilizer,wheat_npm,0,20,,Calcaric Regosol,cropland,,,,bulk soil,,315.3260475,19.69916802,153.9168,,3471.517162,2585.054601,886.4625609,,,,,9.78,,1.07,8.3,,24,38,38
1823,33,,35.2,107.67,,967,10.62,595.55,snow,Temperate Broadleaf & Mixed Forests,cropping system; fertilizer,wheat_npm,0,20,,Calcaric Regosol,cropland,,,,bulk soil,,295.6785967,19.35064935,146.5169,,3283.480727,2412.701506,870.7792208,,,,,9.78,,1.07,8.3,,24,38,38
1824,33,,35.2,107.67,,967,10.62,595.55,snow,Temperate Broadleaf & Mixed Forests,cropping system; fertilizer,wheat_npm,0,20,,Calcaric Regosol,cropland,,,,bulk soil,,337.6668221,17.28591721,166.7272,,3594.966944,2817.10067,777.8662745,,,,,9.78,,1.07,8.3,,24,38,38
1825,33,,35.2,107.67,,967,10.62,595.55,snow,Temperate Broadleaf & Mixed Forests,cropping system; fertilizer,wheat_npm,0,20,,Calcaric Regosol,cropland,,,,bulk soil,,380.0607724,23.18739854,176.8535,,4166.32136,3122.888425,1043.432934,,,,,9.78,,1.07,8.3,,24,38,38
1826,33,,35.2,107.67,,967,10.62,595.55,snow,Temperate Broadleaf & Mixed Forests,cropping system; fertilizer,wheat_npm,0,20,,Calcaric Regosol,cropland,,,,bulk soil,,422.4288255,23.06640625,220.5907,,4543.742372,3505.754091,1037.988281,,,,,9.78,,1.07,8.3,,24,38,38
1827,33,,35.2,107.67,,967,10.62,595.55,snow,Temperate Broadleaf & Mixed Forests,cropping system; fertilizer,wheat_npm,0,20,,Calcaric Regosol,cropland,,,,bulk soil,,480.3180194,22.0360694,236.5646,,5031.606477,4039.983354,991.623123,,,,,9.78,,1.07,8.3,,24,38,38
1828,32,,47.22,8.33,,777,8.17,1139.07,temperate,Temperate Broadleaf & Mixed Forests,,,0,10,,Haplic Alisol,forest,,,,bulk soil,,311,52,130,,4471.471759,2131.471759,2340,,,,,,14.9,1,,,,,
1829,32,,47.22,8.33,,777,8.17,1139.07,temperate,Temperate Broadleaf & Mixed Forests,,,0,10,,Haplic Alisol,forest,,,,bulk soil,,2979,151,483,,31667.60068,24872.60068,6795,,,,,,323.6,9.8,,,,,
1830,32,,47.22,8.33,,777,8.17,1139.07,temperate,Temperate Broadleaf & Mixed Forests,,,0,10,,Haplic Alisol,forest,,,,bulk soil,,5771,274,1174,,60751.63965,48421.63965,12330,,,,,,393.1,12.1,,,,,
1831,32,,47.22,8.33,,777,8.17,1139.07,temperate,Temperate Broadleaf & Mixed Forests,,,0,10,,Haplic Alisol,forest,,,,aggregate,>0.020mm,227,24,97,,2814.910043,1734.910043,1080,,,,,,9.5,0.7,,,,,
1832,32,,47.22,8.33,,777,8.17,1139.07,temperate,Temperate Broadleaf & Mixed Forests,,,0,10,,Haplic Alisol,forest,,,,aggregate,<0.020mm,638,80,313,,8315.033475,4715.033475,3600,,,,,,22.9,2,,,,,
1833,31,,40.06,-88.19,,220,11,978.8,snow,"Temperate Grasslands, Savannas & Shrublands",High diversity,,0,10,,,cropland,,,,bulk soil,,684.16,48.66,,,7722.487611,5532.787611,2189.7,,,,,,25.49,,5.1,,,,
1834,31,,40.06,-88.19,,220,11,978.8,snow,"Temperate Grasslands, Savannas & Shrublands",High diversity,,10,25,,,cropland,,,,bulk soil,,618.38,41.83,,,6910.794878,5028.444878,1882.35,,,,,,19.46,,,,,,
1835,31,,40.06,-88.19,,220,11,978.8,snow,"Temperate Grasslands, Savannas & Shrublands",High diversity,,25,50,,,cropland,,,,bulk soil,,400.97,26.71,,,4467.801552,3265.851552,1201.95,,,,,,8.26,,,,,,
1836,31,,40.06,-88.19,,220,11,978.8,snow,"Temperate Grasslands, Savannas & Shrublands",High diversity,,50,100,,,cropland,,,,bulk soil,,208.16,11.03,,,2228.19699,1731.84699,496.35,,,,,,4.31,,,,,,
1837,31,,40.06,-88.19,,220,11,978.8,snow,"Temperate Grasslands, Savannas & Shrublands",Low diversity,,0,10,,,cropland,,,,bulk soil,,784.98,30.62,,,8049.648563,6671.748563,1377.9,,,,,,25.65,,,,,,
1838,31,,40.06,-88.19,,220,11,978.8,snow,"Temperate Grasslands, Savannas & Shrublands",Low diversity,,10,25,,,cropland,,,,bulk soil,,472.77,25.96,,,5089.879363,3921.679363,1168.2,,,,,,17.83,,,,,,
1839,31,,40.06,-88.19,,220,11,978.8,snow,"Temperate Grasslands, Savannas & Shrublands",Low diversity,,25,50,,,cropland,,,,bulk soil,,279.01,20.31,,,3164.318874,2250.368874,913.95,,,,,,6.97,,,,,,
1840,31,,40.06,-88.19,,220,11,978.8,snow,"Temperate Grasslands, Savannas & Shrublands",Low diversity,,50,100,,,cropland,,,,bulk soil,,138.72,8.94,,,1536.016491,1133.716491,402.3,,,,,,3.31,,,,,,
1841,31,,40.06,-88.19,,220,11,978.8,snow,"Temperate Grasslands, Savannas & Shrublands",MMS-2008,,0,10,,,cropland,,,,bulk soil,,1165.72,33.38,,,11565.07822,10062.97822,1502.1,,,,,,15.21,,,,,,
1842,31,,40.06,-88.19,,220,11,978.8,snow,"Temperate Grasslands, Savannas & Shrublands",MMS-2012,,0,10,,,cropland,,,,bulk soil,,1165.6,37.01,,,11680.74961,10015.29961,1665.45,,,,,,14.72,,,,,,
1843,31,,40.06,-88.19,,220,11,978.8,snow,"Temperate Grasslands, Savannas & Shrublands",Switchgrass-2008,,0,10,,,cropland,,,,bulk soil,,1230.04,34.99,,,12195.74052,10621.19052,1574.55,,,,,,15.73,,,,,,
1844,31,,40.06,-88.19,,220,11,978.8,snow,"Temperate Grasslands, Savannas & Shrublands",Switchgrass-2012,,0,10,,,cropland,,,,bulk soil,,1313.39,43.56,,,13221.52673,11261.32673,1960.2,,,,,,18.4,,,,,,
1845,31,,40.06,-88.19,,220,11,978.8,snow,"Temperate Grasslands, Savannas & Shrublands",Prairie-2018,,0,10,,,cropland,,,,bulk soil,,1220.47,37.17,,,12179.72568,10507.07568,1672.65,,,,,,15.02,,,,,,
1846,31,,40.06,-88.19,,220,11,978.8,snow,"Temperate Grasslands, Savannas & Shrublands",Prairie-2012,,0,10,,,cropland,,,,bulk soil,,1403.41,44.31,,,14055.82892,12061.87892,1993.95,,,,,,17.36,,,,,,
1847,30,,21.45,110.9,"lat-lon of Guangdong, China",,,,temperate,Tropical & Subtropical Moist Broadleaf Forests,fertilizer,CT-LMA (>2 mm),0,20,,,forest,,,,aggregate,>2mm,839.768,57.5581,,,9409.148476,6819.033976,2590.1145,,,,,,25.13,1.55213,,,,,
1848,30,,21.45,110.9,"lat-lon of Guangdong, China",,,,temperate,Tropical & Subtropical Moist Broadleaf Forests,fertilizer,N-LMA (>2mm),0,20,,,forest,,,,aggregate,>2mm,689.189,54.0698,,,7941.743568,5508.602568,2433.141,,,,,,39.37,2.11552,4.38,,,,
1849,30,,21.45,110.9,"lat-lon of Guangdong, China",,,,temperate,Tropical & Subtropical Moist Broadleaf Forests,fertilizer,P-LMA (>2 mm),0,20,,,forest,,,,aggregate,>2mm,573.359,44.7674,,,6600.081235,4585.548235,2014.533,,,,,,26.81,1.87687,4.29,,,,
1850,30,,21.45,110.9,"lat-lon of Guangdong, China",,,,temperate,Tropical & Subtropical Moist Broadleaf Forests,fertilizer,NP-LMA (>2 mm),0,20,,,forest,,,,aggregate,>2mm,492.278,36.0465,,,5589.86264,3967.77014,1622.0925,,,,,,29.74,2.01246,4.56,,,,
1851,30,,21.45,110.9,"lat-lon of Guangdong, China",,,,temperate,Tropical & Subtropical Moist Broadleaf Forests,fertilizer,SMA (0.25–2 mm),0,20,,,forest,,,,aggregate,0.250–2mm,932.432,63.3721,,,10430.11968,7578.375184,2851.7445,,,,,,30.99,1.82861,4.47,,,,
1852,30,,21.45,110.9,"lat-lon of Guangdong, China",,,,temperate,Tropical & Subtropical Moist Broadleaf Forests,fertilizer,SMA (0.25–2 mm),0,20,,,forest,,,,aggregate,0.250–3mm,857.143,63.3721,,,9752.518684,6900.774184,2851.7445,,,,,,41.47,2.23158,4.28,,,,
1853,30,,21.45,110.9,"lat-lon of Guangdong, China",,,,temperate,Tropical & Subtropical Moist Broadleaf Forests,fertilizer,SMA (0.25–2 mm),0,20,,,forest,,,,aggregate,0.250–4mm,445.946,38.9535,,,5266.372244,3513.464744,1752.9075,,,,,,28.06,1.85924,4.22,,,,
1854,30,,21.45,110.9,"lat-lon of Guangdong, China",,,,temperate,Tropical & Subtropical Moist Broadleaf Forests,fertilizer,SMA (0.25–2 mm),0,20,,,forest,,,,aggregate,0.250–5mm,596.525,43.0233,,,6752.479889,4816.431389,1936.0485,,,,,,36.44,1.88787,4.49,,,,
1855,30,,21.45,110.9,"lat-lon of Guangdong, China",,,,temperate,Tropical & Subtropical Moist Broadleaf Forests,fertilizer,MA (<0.25 mm),0,20,,,forest,,,,aggregate,<0.250mm,862.934,73.2558,,,10122.52632,6826.015321,3296.511,,,,,,36.86,2.72007,4.38,,,,
1856,30,,21.45,110.9,"lat-lon of Guangdong, China",,,,temperate,Tropical & Subtropical Moist Broadleaf Forests,fertilizer,MA (<0.25 mm),0,20,,,forest,,,,aggregate,<0.250mm,793.436,65.1163,,,9235.254246,6305.020746,2930.2335,,,,,,46.49,3.71136,3.98,,,,
1857,30,,21.45,110.9,"lat-lon of Guangdong, China",,,,temperate,Tropical & Subtropical Moist Broadleaf Forests,fertilizer,MA (<0.25 mm),0,20,,,forest,,,,aggregate,<0.250mm,608.108,57.5581,,,7324.208476,4734.093976,2590.1145,,,,,,32.25,2.99143,3.8,,,,
1858,30,,21.45,110.9,"lat-lon of Guangdong, China",,,,temperate,Tropical & Subtropical Moist Broadleaf Forests,fertilizer,MA (<0.25 mm),0,20,,,forest,,,,aggregate,<0.250mm,515.444,51.7442,,,6303.240484,3974.751484,2328.489,,,,,,51.94,3.44797,4.11,,,,
1859,29,extracted data from Fig3. but we do not have paired Mur and Glu data per sample,45.5,127,"125°42'–129°53'E, 44°03'–47°37'N",,3.82,589.34,snow,Temperate Broadleaf & Mixed Forests,,,0,15,,Black soils/Phaeozems/Mollisols,wetland,paddy,,,bulk soil,,459.7346163,,,,,,,,,,,22.01,,,,,,,
1860,29,,45.5,127,"125°42'–129°53'E, 44°03'–47°37'N",,3.82,589.34,snow,Temperate Broadleaf & Mixed Forests,,,0,15,,Black soils/Phaeozems/Mollisols,wetland,paddy,,,bulk soil,,496.634274,,,,,,,,,,,22.01,,,,,,,
1861,29,,45.5,127,"125°42'–129°53'E, 44°03'–47°37'N",,3.82,589.34,snow,Temperate Broadleaf & Mixed Forests,,,0,15,,Black soils/Phaeozems/Mollisols,wetland,paddy,,,bulk soil,,482.1226035,,,,,,,,,,,22.01,,,,,,,
1862,29,,45.5,127,"125°42'–129°53'E, 44°03'–47°37'N",,3.82,589.34,snow,Temperate Broadleaf & Mixed Forests,,,0,15,,Black soils/Phaeozems/Mollisols,wetland,paddy,,,bulk soil,,595.8015764,,,,,,,,,,,22.01,,,,,,,
1863,29,,45.5,127,"125°42'–129°53'E, 44°03'–47°37'N",,3.82,589.34,snow,Temperate Broadleaf & Mixed Forests,,,0,15,,Black soils/Phaeozems/Mollisols,wetland,paddy,,,bulk soil,,600.2251455,,,,,,,,,,,22.01,,,,,,,
1864,29,,45.5,127,"125°42'–129°53'E, 44°03'–47°37'N",,3.82,589.34,snow,Temperate Broadleaf & Mixed Forests,,,0,15,,Black soils/Phaeozems/Mollisols,wetland,paddy,,,bulk soil,,542.8453758,,,,,,,,,,,22.01,,,,,,,
1865,29,,45.5,127,"125°42'–129°53'E, 44°03'–47°37'N",,3.82,589.34,snow,Temperate Broadleaf & Mixed Forests,,,0,15,,Black soils/Phaeozems/Mollisols,wetland,paddy,,,bulk soil,,580.6061099,,,,,,,,,,,22.01,,,,,,,
1866,29,,45.5,127,"125°42'–129°53'E, 44°03'–47°37'N",,3.82,589.34,snow,Temperate Broadleaf & Mixed Forests,,,0,15,,Black soils/Phaeozems/Mollisols,wetland,paddy,,,bulk soil,,613.4620852,,,,,,,,,,,22.01,,,,,,,
1867,29,,45.5,127,"125°42'–129°53'E, 44°03'–47°37'N",,3.82,589.34,snow,Temperate Broadleaf & Mixed Forests,,,0,15,,Black soils/Phaeozems/Mollisols,wetland,paddy,,,bulk soil,,609.612567,,,,,,,,,,,22.01,,,,,,,
1868,29,,45.5,127,"125°42'–129°53'E, 44°03'–47°37'N",,3.82,589.34,snow,Temperate Broadleaf & Mixed Forests,,,0,15,,Black soils/Phaeozems/Mollisols,wetland,paddy,,,bulk soil,,819.4788424,,,,,,,,,,,22.01,,,,,,,
1869,29,,45.5,127,"125°42'–129°53'E, 44°03'–47°37'N",,3.82,589.34,snow,Temperate Broadleaf & Mixed Forests,,,0,15,,Black soils/Phaeozems/Mollisols,cropland,upland,,,bulk soil,,580.9929523,,,,,,,,,,,17.3,,,,,,,
1870,29,,45.5,127,"125°42'–129°53'E, 44°03'–47°37'N",,3.82,589.34,snow,Temperate Broadleaf & Mixed Forests,,,0,15,,Black soils/Phaeozems/Mollisols,cropland,upland,,,bulk soil,,660.4055078,,,,,,,,,,,17.3,,,,,,,
1871,29,,45.5,127,"125°42'–129°53'E, 44°03'–47°37'N",,3.82,589.34,snow,Temperate Broadleaf & Mixed Forests,,,0,15,,Black soils/Phaeozems/Mollisols,cropland,upland,,,bulk soil,,653.5046841,,,,,,,,,,,17.3,,,,,,,
1872,29,,45.5,127,"125°42'–129°53'E, 44°03'–47°37'N",,3.82,589.34,snow,Temperate Broadleaf & Mixed Forests,,,0,15,,Black soils/Phaeozems/Mollisols,cropland,upland,,,bulk soil,,662.2965989,,,,,,,,,,,17.3,,,,,,,
1873,29,,45.5,127,"125°42'–129°53'E, 44°03'–47°37'N",,3.82,589.34,snow,Temperate Broadleaf & Mixed Forests,,,0,15,,Black soils/Phaeozems/Mollisols,cropland,upland,,,bulk soil,,696.1703535,,,,,,,,,,,17.3,,,,,,,
1874,29,,45.5,127,"125°42'–129°53'E, 44°03'–47°37'N",,3.82,589.34,snow,Temperate Broadleaf & Mixed Forests,,,0,15,,Black soils/Phaeozems/Mollisols,cropland,upland,,,bulk soil,,743.6599641,,,,,,,,,,,17.3,,,,,,,
1875,29,,45.5,127,"125°42'–129°53'E, 44°03'–47°37'N",,3.82,589.34,snow,Temperate Broadleaf & Mixed Forests,,,0,15,,Black soils/Phaeozems/Mollisols,cropland,upland,,,bulk soil,,794.6265282,,,,,,,,,,,17.3,,,,,,,
1876,29,,45.5,127,"125°42'–129°53'E, 44°03'–47°37'N",,3.82,589.34,snow,Temperate Broadleaf & Mixed Forests,,,0,15,,Black soils/Phaeozems/Mollisols,cropland,upland,,,bulk soil,,822.8203742,,,,,,,,,,,17.3,,,,,,,
1877,29,,45.5,127,"125°42'–129°53'E, 44°03'–47°37'N",,3.82,589.34,snow,Temperate Broadleaf & Mixed Forests,,,0,15,,Black soils/Phaeozems/Mollisols,cropland,upland,,,bulk soil,,857.8088773,,,,,,,,,,,17.3,,,,,,,
1878,29,,45.5,127,"125°42'–129°53'E, 44°03'–47°37'N",,3.82,589.34,snow,Temperate Broadleaf & Mixed Forests,,,0,15,,Black soils/Phaeozems/Mollisols,cropland,upland,,,bulk soil,,870.542224,,,,,,,,,,,17.3,,,,,,,
1879,29,,34,109.5,"108o56'–110o43'E, 33o46'–35o50'N",,9.38,713.07,temperate,Temperate Broadleaf & Mixed Forests,,,0,15,,Fluvo-aquic soils/Cambisols-Flavisols/Inceptisols,wetland,paddy,,,bulk soil,,223.2045604,,,,,,,,,,,12.58,,,,,,,
1880,29,,34,109.5,"108o56'–110o43'E, 33o46'–35o50'N",,9.38,713.07,temperate,Temperate Broadleaf & Mixed Forests,,,0,15,,Fluvo-aquic soils/Cambisols-Flavisols/Inceptisols,wetland,paddy,,,bulk soil,,245.1296033,,,,,,,,,,,12.58,,,,,,,
1881,29,,34,109.5,"108o56'–110o43'E, 33o46'–35o50'N",,9.38,713.07,temperate,Temperate Broadleaf & Mixed Forests,,,0,15,,Fluvo-aquic soils/Cambisols-Flavisols/Inceptisols,wetland,paddy,,,bulk soil,,241.5397635,,,,,,,,,,,12.58,,,,,,,
1882,29,,34,109.5,"108o56'–110o43'E, 33o46'–35o50'N",,9.38,713.07,temperate,Temperate Broadleaf & Mixed Forests,,,0,15,,Fluvo-aquic soils/Cambisols-Flavisols/Inceptisols,wetland,paddy,,,bulk soil,,242.7412019,,,,,,,,,,,12.58,,,,,,,
1883,29,,34,109.5,"108o56'–110o43'E, 33o46'–35o50'N",,9.38,713.07,temperate,Temperate Broadleaf & Mixed Forests,,,0,15,,Fluvo-aquic soils/Cambisols-Flavisols/Inceptisols,wetland,paddy,,,bulk soil,,265.6988062,,,,,,,,,,,12.58,,,,,,,
1884,29,,34,109.5,"108o56'–110o43'E, 33o46'–35o50'N",,9.38,713.07,temperate,Temperate Broadleaf & Mixed Forests,,,0,15,,Fluvo-aquic soils/Cambisols-Flavisols/Inceptisols,wetland,paddy,,,bulk soil,,269.7325509,,,,,,,,,,,12.58,,,,,,,
1885,29,,34,109.5,"108o56'–110o43'E, 33o46'–35o50'N",,9.38,713.07,temperate,Temperate Broadleaf & Mixed Forests,,,0,15,,Fluvo-aquic soils/Cambisols-Flavisols/Inceptisols,wetland,paddy,,,bulk soil,,383.3046592,,,,,,,,,,,12.58,,,,,,,
1886,29,,34,109.5,"108o56'–110o43'E, 33o46'–35o50'N",,9.38,713.07,temperate,Temperate Broadleaf & Mixed Forests,,,0,15,,Fluvo-aquic soils/Cambisols-Flavisols/Inceptisols,wetland,paddy,,,bulk soil,,402.0789422,,,,,,,,,,,12.58,,,,,,,
1887,29,,34,109.5,"108o56'–110o43'E, 33o46'–35o50'N",,9.38,713.07,temperate,Temperate Broadleaf & Mixed Forests,,,0,15,,Fluvo-aquic soils/Cambisols-Flavisols/Inceptisols,wetland,paddy,,,bulk soil,,389.4469522,,,,,,,,,,,12.58,,,,,,,
1888,29,,34,109.5,"108o56'–110o43'E, 33o46'–35o50'N",,9.38,713.07,temperate,Temperate Broadleaf & Mixed Forests,,,0,15,,Fluvo-aquic soils/Cambisols-Flavisols/Inceptisols,wetland,paddy,,,bulk soil,,433.5189905,,,,,,,,,,,12.58,,,,,,,
1889,29,,34,109.5,"108o56'–110o43'E, 33o46'–35o50'N",,9.38,713.07,temperate,Temperate Broadleaf & Mixed Forests,,,0,15,,Fluvo-aquic soils/Cambisols-Flavisols/Inceptisols,cropland,upland,,,bulk soil,,304.6240831,,,,,,,,,,,10.59,,,,,,,
1890,29,,34,109.5,"108o56'–110o43'E, 33o46'–35o50'N",,9.38,713.07,temperate,Temperate Broadleaf & Mixed Forests,,,0,15,,Fluvo-aquic soils/Cambisols-Flavisols/Inceptisols,cropland,upland,,,bulk soil,,325.2457901,,,,,,,,,,,10.59,,,,,,,
1891,29,,34,109.5,"108o56'–110o43'E, 33o46'–35o50'N",,9.38,713.07,temperate,Temperate Broadleaf & Mixed Forests,,,0,15,,Fluvo-aquic soils/Cambisols-Flavisols/Inceptisols,cropland,upland,,,bulk soil,,345.5750482,,,,,,,,,,,10.59,,,,,,,
1892,29,,34,109.5,"108o56'–110o43'E, 33o46'–35o50'N",,9.38,713.07,temperate,Temperate Broadleaf & Mixed Forests,,,0,15,,Fluvo-aquic soils/Cambisols-Flavisols/Inceptisols,cropland,upland,,,bulk soil,,358.1259788,,,,,,,,,,,10.59,,,,,,,
1893,29,,34,109.5,"108o56'–110o43'E, 33o46'–35o50'N",,9.38,713.07,temperate,Temperate Broadleaf & Mixed Forests,,,0,15,,Fluvo-aquic soils/Cambisols-Flavisols/Inceptisols,cropland,upland,,,bulk soil,,374.722452,,,,,,,,,,,10.59,,,,,,,
1894,29,,34,109.5,"108o56'–110o43'E, 33o46'–35o50'N",,9.38,713.07,temperate,Temperate Broadleaf & Mixed Forests,,,0,15,,Fluvo-aquic soils/Cambisols-Flavisols/Inceptisols,cropland,upland,,,bulk soil,,382.6185715,,,,,,,,,,,10.59,,,,,,,
1895,29,,34,109.5,"108o56'–110o43'E, 33o46'–35o50'N",,9.38,713.07,temperate,Temperate Broadleaf & Mixed Forests,,,0,15,,Fluvo-aquic soils/Cambisols-Flavisols/Inceptisols,cropland,upland,,,bulk soil,,417.570273,,,,,,,,,,,10.59,,,,,,,
1896,29,,34,109.5,"108o56'–110o43'E, 33o46'–35o50'N",,9.38,713.07,temperate,Temperate Broadleaf & Mixed Forests,,,0,15,,Fluvo-aquic soils/Cambisols-Flavisols/Inceptisols,cropland,upland,,,bulk soil,,433.2000403,,,,,,,,,,,10.59,,,,,,,
1897,29,,34,109.5,"108o56'–110o43'E, 33o46'–35o50'N",,9.38,713.07,temperate,Temperate Broadleaf & Mixed Forests,,,0,15,,Fluvo-aquic soils/Cambisols-Flavisols/Inceptisols,cropland,upland,,,bulk soil,,616.7198286,,,,,,,,,,,10.59,,,,,,,
1898,29,,34,109.5,"108o56'–110o43'E, 33o46'–35o50'N",,9.38,713.07,temperate,Temperate Broadleaf & Mixed Forests,,,0,15,,Fluvo-aquic soils/Cambisols-Flavisols/Inceptisols,cropland,upland,,,bulk soil,,254.2050859,,,,,,,,,,,10.59,,,,,,,
1899,29,,27,111.5,"110o33'–113o34'E, 26o26'–28o34'N",,14.93,1398.33,temperate,Tropical & Subtropical Moist Broadleaf Forests,,,0,15,,Red soils/Acrisol-Alisol/Ultisols,wetland,paddy,,,bulk soil,,499.332129,,,,,,,,,,,20.94,,,,,,,
1900,29,,27,111.5,"110o33'–113o34'E, 26o26'–28o34'N",,14.93,1398.33,temperate,Tropical & Subtropical Moist Broadleaf Forests,,,0,15,,Red soils/Acrisol-Alisol/Ultisols,wetland,paddy,,,bulk soil,,514.1342347,,,,,,,,,,,20.94,,,,,,,
1901,29,,27,111.5,"110o33'–113o34'E, 26o26'–28o34'N",,14.93,1398.33,temperate,Tropical & Subtropical Moist Broadleaf Forests,,,0,15,,Red soils/Acrisol-Alisol/Ultisols,wetland,paddy,,,bulk soil,,499.6453586,,,,,,,,,,,20.94,,,,,,,
1902,29,,27,111.5,"110o33'–113o34'E, 26o26'–28o34'N",,14.93,1398.33,temperate,Tropical & Subtropical Moist Broadleaf Forests,,,0,15,,Red soils/Acrisol-Alisol/Ultisols,wetland,paddy,,,bulk soil,,505.9581394,,,,,,,,,,,20.94,,,,,,,
1903,29,,27,111.5,"110o33'–113o34'E, 26o26'–28o34'N",,14.93,1398.33,temperate,Tropical & Subtropical Moist Broadleaf Forests,,,0,15,,Red soils/Acrisol-Alisol/Ultisols,wetland,paddy,,,bulk soil,,577.0130656,,,,,,,,,,,20.94,,,,,,,
1904,29,,27,111.5,"110o33'–113o34'E, 26o26'–28o34'N",,14.93,1398.33,temperate,Tropical & Subtropical Moist Broadleaf Forests,,,0,15,,Red soils/Acrisol-Alisol/Ultisols,wetland,paddy,,,bulk soil,,630.5753243,,,,,,,,,,,20.94,,,,,,,
1905,29,,27,111.5,"110o33'–113o34'E, 26o26'–28o34'N",,14.93,1398.33,temperate,Tropical & Subtropical Moist Broadleaf Forests,,,0,15,,Red soils/Acrisol-Alisol/Ultisols,wetland,paddy,,,bulk soil,,625.0576648,,,,,,,,,,,20.94,,,,,,,
1906,29,,27,111.5,"110o33'–113o34'E, 26o26'–28o34'N",,14.93,1398.33,temperate,Tropical & Subtropical Moist Broadleaf Forests,,,0,15,,Red soils/Acrisol-Alisol/Ultisols,wetland,paddy,,,bulk soil,,660.0751259,,,,,,,,,,,20.94,,,,,,,
1907,29,,27,111.5,"110o33'–113o34'E, 26o26'–28o34'N",,14.93,1398.33,temperate,Tropical & Subtropical Moist Broadleaf Forests,,,0,15,,Red soils/Acrisol-Alisol/Ultisols,wetland,paddy,,,bulk soil,,684.394592,,,,,,,,,,,20.94,,,,,,,
1908,29,,27,111.5,"110o33'–113o34'E, 26o26'–28o34'N",,14.93,1398.33,temperate,Tropical & Subtropical Moist Broadleaf Forests,,,0,15,,Red soils/Acrisol-Alisol/Ultisols,wetland,paddy,,,bulk soil,,677.471415,,,,,,,,,,,20.94,,,,,,,
1909,29,,27,111.5,"110o33'–113o34'E, 26o26'–28o34'N",,14.93,1398.33,temperate,Tropical & Subtropical Moist Broadleaf Forests,,,0,15,,Red soils/Acrisol-Alisol/Ultisols,cropland,upland,,,bulk soil,,654.7261284,,,,,,,,,,,20.94,,,,,,,
1910,29,,27,111.5,"110o33'–113o34'E, 26o26'–28o34'N",,14.93,1398.33,temperate,Tropical & Subtropical Moist Broadleaf Forests,,,0,15,,Red soils/Acrisol-Alisol/Ultisols,cropland,upland,,,bulk soil,,381.9562773,,,,,,,,,,,11.21,,,,,,,
1911,29,,27,111.5,"110o33'–113o34'E, 26o26'–28o34'N",,14.93,1398.33,temperate,Tropical & Subtropical Moist Broadleaf Forests,,,0,15,,Red soils/Acrisol-Alisol/Ultisols,cropland,upland,,,bulk soil,,378.2285323,,,,,,,,,,,11.21,,,,,,,
1912,29,,27,111.5,"110o33'–113o34'E, 26o26'–28o34'N",,14.93,1398.33,temperate,Tropical & Subtropical Moist Broadleaf Forests,,,0,15,,Red soils/Acrisol-Alisol/Ultisols,cropland,upland,,,bulk soil,,458.5792807,,,,,,,,,,,11.21,,,,,,,
1913,29,,27,111.5,"110o33'–113o34'E, 26o26'–28o34'N",,14.93,1398.33,temperate,Tropical & Subtropical Moist Broadleaf Forests,,,0,15,,Red soils/Acrisol-Alisol/Ultisols,cropland,upland,,,bulk soil,,486.7587972,,,,,,,,,,,11.21,,,,,,,
1914,29,,27,111.5,"110o33'–113o34'E, 26o26'–28o34'N",,14.93,1398.33,temperate,Tropical & Subtropical Moist Broadleaf Forests,,,0,15,,Red soils/Acrisol-Alisol/Ultisols,cropland,upland,,,bulk soil,,559.0177162,,,,,,,,,,,11.21,,,,,,,
1915,29,,27,111.5,"110o33'–113o34'E, 26o26'–28o34'N",,14.93,1398.33,temperate,Tropical & Subtropical Moist Broadleaf Forests,,,0,15,,Red soils/Acrisol-Alisol/Ultisols,cropland,upland,,,bulk soil,,568.1371477,,,,,,,,,,,11.21,,,,,,,
1916,29,,27,111.5,"110o33'–113o34'E, 26o26'–28o34'N",,14.93,1398.33,temperate,Tropical & Subtropical Moist Broadleaf Forests,,,0,15,,Red soils/Acrisol-Alisol/Ultisols,cropland,upland,,,bulk soil,,593.7455091,,,,,,,,,,,11.21,,,,,,,
1917,29,,27,111.5,"110o33'–113o34'E, 26o26'–28o34'N",,14.93,1398.33,temperate,Tropical & Subtropical Moist Broadleaf Forests,,,0,15,,Red soils/Acrisol-Alisol/Ultisols,cropland,upland,,,bulk soil,,598.1482898,,,,,,,,,,,11.21,,,,,,,
1918,29,,27,111.5,"110o33'–113o34'E, 26o26'–28o34'N",,14.93,1398.33,temperate,Tropical & Subtropical Moist Broadleaf Forests,,,0,15,,Red soils/Acrisol-Alisol/Ultisols,cropland,upland,,,bulk soil,,700.8956055,,,,,,,,,,,11.21,,,,,,,
1919,29,,19.5,109.5,"108o56'–110o43'E, 18o23'–21o25'N",,22.74,1391.22,temperate,Tropical & Subtropical Moist Broadleaf Forests,,,0,15,,Latosols/Acrisols-Alisols-Ferralsols/Ultisols,wetland,paddy,,,bulk soil,,548.5423007,,,,,,,,,,,25.44,,,,,,,
1920,29,,19.5,109.5,"108o56'–110o43'E, 18o23'–21o25'N",,22.74,1391.22,temperate,Tropical & Subtropical Moist Broadleaf Forests,,,0,15,,Latosols/Acrisols-Alisols-Ferralsols/Ultisols,wetland,paddy,,,bulk soil,,643.7657509,,,,,,,,,,,25.44,,,,,,,
1921,29,,19.5,109.5,"108o56'–110o43'E, 18o23'–21o25'N",,22.74,1391.22,temperate,Tropical & Subtropical Moist Broadleaf Forests,,,0,15,,Latosols/Acrisols-Alisols-Ferralsols/Ultisols,wetland,paddy,,,bulk soil,,670.3646981,,,,,,,,,,,25.44,,,,,,,
1922,29,,19.5,109.5,"108o56'–110o43'E, 18o23'–21o25'N",,22.74,1391.22,temperate,Tropical & Subtropical Moist Broadleaf Forests,,,0,15,,Latosols/Acrisols-Alisols-Ferralsols/Ultisols,wetland,paddy,,,bulk soil,,688.152622,,,,,,,,,,,25.44,,,,,,,
1923,29,,19.5,109.5,"108o56'–110o43'E, 18o23'–21o25'N",,22.74,1391.22,temperate,Tropical & Subtropical Moist Broadleaf Forests,,,0,15,,Latosols/Acrisols-Alisols-Ferralsols/Ultisols,wetland,paddy,,,bulk soil,,748.3564019,,,,,,,,,,,25.44,,,,,,,
1924,29,,19.5,109.5,"108o56'–110o43'E, 18o23'–21o25'N",,22.74,1391.22,temperate,Tropical & Subtropical Moist Broadleaf Forests,,,0,15,,Latosols/Acrisols-Alisols-Ferralsols/Ultisols,wetland,paddy,,,bulk soil,,748.961367,,,,,,,,,,,25.44,,,,,,,
1925,29,,19.5,109.5,"108o56'–110o43'E, 18o23'–21o25'N",,22.74,1391.22,temperate,Tropical & Subtropical Moist Broadleaf Forests,,,0,15,,Latosols/Acrisols-Alisols-Ferralsols/Ultisols,wetland,paddy,,,bulk soil,,730.2855105,,,,,,,,,,,25.44,,,,,,,
1926,29,,19.5,109.5,"108o56'–110o43'E, 18o23'–21o25'N",,22.74,1391.22,temperate,Tropical & Subtropical Moist Broadleaf Forests,,,0,15,,Latosols/Acrisols-Alisols-Ferralsols/Ultisols,wetland,paddy,,,bulk soil,,718.6350545,,,,,,,,,,,25.44,,,,,,,
1927,29,,19.5,109.5,"108o56'–110o43'E, 18o23'–21o25'N",,22.74,1391.22,temperate,Tropical & Subtropical Moist Broadleaf Forests,,,0,15,,Latosols/Acrisols-Alisols-Ferralsols/Ultisols,wetland,paddy,,,bulk soil,,820.0837902,,,,,,,,,,,25.44,,,,,,,
1928,29,,19.5,109.5,"108o56'–110o43'E, 18o23'–21o25'N",,22.74,1391.22,temperate,Tropical & Subtropical Moist Broadleaf Forests,,,0,15,,Latosols/Acrisols-Alisols-Ferralsols/Ultisols,wetland,paddy,,,bulk soil,,892.5039611,,,,,,,,,,,25.44,,,,,,,
1929,29,,19.5,109.5,"108o56'–110o43'E, 18o23'–21o25'N",,22.74,1391.22,temperate,Tropical & Subtropical Moist Broadleaf Forests,,,0,15,,Latosols/Acrisols-Alisols-Ferralsols/Ultisols,cropland,upland,,,bulk soil,,528.4044415,,,,,,,,,,,14.46,,,,,,,
1930,29,,19.5,109.5,"108o56'–110o43'E, 18o23'–21o25'N",,22.74,1391.22,temperate,Tropical & Subtropical Moist Broadleaf Forests,,,0,15,,Latosols/Acrisols-Alisols-Ferralsols/Ultisols,cropland,upland,,,bulk soil,,550.2284498,,,,,,,,,,,14.46,,,,,,,
1931,29,,19.5,109.5,"108o56'–110o43'E, 18o23'–21o25'N",,22.74,1391.22,temperate,Tropical & Subtropical Moist Broadleaf Forests,,,0,15,,Latosols/Acrisols-Alisols-Ferralsols/Ultisols,cropland,upland,,,bulk soil,,619.1390732,,,,,,,,,,,14.46,,,,,,,
1932,29,,19.5,109.5,"108o56'–110o43'E, 18o23'–21o25'N",,22.74,1391.22,temperate,Tropical & Subtropical Moist Broadleaf Forests,,,0,15,,Latosols/Acrisols-Alisols-Ferralsols/Ultisols,cropland,upland,,,bulk soil,,651.7059287,,,,,,,,,,,14.46,,,,,,,
1933,29,,19.5,109.5,"108o56'–110o43'E, 18o23'–21o25'N",,22.74,1391.22,temperate,Tropical & Subtropical Moist Broadleaf Forests,,,0,15,,Latosols/Acrisols-Alisols-Ferralsols/Ultisols,cropland,upland,,,bulk soil,,685.3043638,,,,,,,,,,,14.46,,,,,,,
1934,29,,19.5,109.5,"108o56'–110o43'E, 18o23'–21o25'N",,22.74,1391.22,temperate,Tropical & Subtropical Moist Broadleaf Forests,,,0,15,,Latosols/Acrisols-Alisols-Ferralsols/Ultisols,cropland,upland,,,bulk soil,,666.2256882,,,,,,,,,,,14.46,,,,,,,
1935,29,,19.5,109.5,"108o56'–110o43'E, 18o23'–21o25'N",,22.74,1391.22,temperate,Tropical & Subtropical Moist Broadleaf Forests,,,0,15,,Latosols/Acrisols-Alisols-Ferralsols/Ultisols,cropland,upland,,,bulk soil,,726.9502287,,,,,,,,,,,14.46,,,,,,,
1936,29,,19.5,109.5,"108o56'–110o43'E, 18o23'–21o25'N",,22.74,1391.22,temperate,Tropical & Subtropical Moist Broadleaf Forests,,,0,15,,Latosols/Acrisols-Alisols-Ferralsols/Ultisols,cropland,upland,,,bulk soil,,723.6502833,,,,,,,,,,,14.46,,,,,,,
1937,29,,19.5,109.5,"108o56'–110o43'E, 18o23'–21o25'N",,22.74,1391.22,temperate,Tropical & Subtropical Moist Broadleaf Forests,,,0,15,,Latosols/Acrisols-Alisols-Ferralsols/Ultisols,cropland,upland,,,bulk soil,,725.2142911,,,,,,,,,,,14.46,,,,,,,
1938,29,,19.5,109.5,"108o56'–110o43'E, 18o23'–21o25'N",,22.74,1391.22,temperate,Tropical & Subtropical Moist Broadleaf Forests,,,0,15,,Latosols/Acrisols-Alisols-Ferralsols/Ultisols,cropland,upland,,,bulk soil,,815.1502805,,,,,,,,,,,14.46,,,,,,,
1939,29,,45.5,127,"125o42'–129o53'E, 44o03'–47o37'N",,3.82,589.34,snow,Temperate Broadleaf & Mixed Forests,,,0,15,,Black soils/Phaeozems/Mollisols,wetland,paddy,,,bulk soil,,,21.65650905,,,,,974.5429073,,,,,22.01,,,,,,,
1940,29,,45.5,127,"125o42'–129o53'E, 44o03'–47o37'N",,3.82,589.34,snow,Temperate Broadleaf & Mixed Forests,,,0,15,,Black soils/Phaeozems/Mollisols,wetland,paddy,,,bulk soil,,,22.91754293,,,,,1031.289432,,,,,22.01,,,,,,,
1941,29,,45.5,127,"125o42'–129o53'E, 44o03'–47o37'N",,3.82,589.34,snow,Temperate Broadleaf & Mixed Forests,,,0,15,,Black soils/Phaeozems/Mollisols,wetland,paddy,,,bulk soil,,,22.77209791,,,,,1024.744406,,,,,22.01,,,,,,,
1942,29,,45.5,127,"125o42'–129o53'E, 44o03'–47o37'N",,3.82,589.34,snow,Temperate Broadleaf & Mixed Forests,,,0,15,,Black soils/Phaeozems/Mollisols,wetland,paddy,,,bulk soil,,,26.26379917,,,,,1181.870963,,,,,22.01,,,,,,,
1943,29,,45.5,127,"125o42'–129o53'E, 44o03'–47o37'N",,3.82,589.34,snow,Temperate Broadleaf & Mixed Forests,,,0,15,,Black soils/Phaeozems/Mollisols,wetland,paddy,,,bulk soil,,,29.07522599,,,,,1308.38517,,,,,22.01,,,,,,,
1944,29,,45.5,127,"125o42'–129o53'E, 44o03'–47o37'N",,3.82,589.34,snow,Temperate Broadleaf & Mixed Forests,,,0,15,,Black soils/Phaeozems/Mollisols,wetland,paddy,,,bulk soil,,,28.15713617,,,,,1267.071128,,,,,22.01,,,,,,,
1945,29,,45.5,127,"125o42'–129o53'E, 44o03'–47o37'N",,3.82,589.34,snow,Temperate Broadleaf & Mixed Forests,,,0,15,,Black soils/Phaeozems/Mollisols,wetland,paddy,,,bulk soil,,,30.14182284,,,,,1356.382028,,,,,22.01,,,,,,,
1946,29,,45.5,127,"125o42'–129o53'E, 44o03'–47o37'N",,3.82,589.34,snow,Temperate Broadleaf & Mixed Forests,,,0,15,,Black soils/Phaeozems/Mollisols,wetland,paddy,,,bulk soil,,,32.53732792,,,,,1464.179756,,,,,22.01,,,,,,,
1947,29,,45.5,127,"125o42'–129o53'E, 44o03'–47o37'N",,3.82,589.34,snow,Temperate Broadleaf & Mixed Forests,,,0,15,,Black soils/Phaeozems/Mollisols,wetland,paddy,,,bulk soil,,,36.51129427,,,,,1643.008242,,,,,22.01,,,,,,,
1948,29,,45.5,127,"125o42'–129o53'E, 44o03'–47o37'N",,3.82,589.34,snow,Temperate Broadleaf & Mixed Forests,,,0,15,,Black soils/Phaeozems/Mollisols,wetland,paddy,,,bulk soil,,,37.86520883,,,,,1703.934397,,,,,22.01,,,,,,,
1949,29,,45.5,127,"125o42'–129o53'E, 44o03'–47o37'N",,3.82,589.34,snow,Temperate Broadleaf & Mixed Forests,,,0,15,,Black soils/Phaeozems/Mollisols,cropland,upland,,,bulk soil,,,23.92712504,,,,,1076.720627,,,,,17.3,,,,,,,
1950,29,,45.5,127,"125o42'–129o53'E, 44o03'–47o37'N",,3.82,589.34,snow,Temperate Broadleaf & Mixed Forests,,,0,15,,Black soils/Phaeozems/Mollisols,cropland,upland,,,bulk soil,,,26.86256009,,,,,1208.815204,,,,,17.3,,,,,,,
1951,29,,45.5,127,"125o42'–129o53'E, 44o03'–47o37'N",,3.82,589.34,snow,Temperate Broadleaf & Mixed Forests,,,0,15,,Black soils/Phaeozems/Mollisols,cropland,upland,,,bulk soil,,,26.81442505,,,,,1206.649127,,,,,17.3,,,,,,,
1952,29,,45.5,127,"125o42'–129o53'E, 44o03'–47o37'N",,3.82,589.34,snow,Temperate Broadleaf & Mixed Forests,,,0,15,,Black soils/Phaeozems/Mollisols,cropland,upland,,,bulk soil,,,30.59663565,,,,,1376.848604,,,,,17.3,,,,,,,
1953,29,,45.5,127,"125o42'–129o53'E, 44o03'–47o37'N",,3.82,589.34,snow,Temperate Broadleaf & Mixed Forests,,,0,15,,Black soils/Phaeozems/Mollisols,cropland,upland,,,bulk soil,,,31.17225048,,,,,1402.751272,,,,,17.3,,,,,,,
1954,29,,45.5,127,"125o42'–129o53'E, 44o03'–47o37'N",,3.82,589.34,snow,Temperate Broadleaf & Mixed Forests,,,0,15,,Black soils/Phaeozems/Mollisols,cropland,upland,,,bulk soil,,,32.46828637,,,,,1461.072887,,,,,17.3,,,,,,,
1955,29,,45.5,127,"125o42'–129o53'E, 44o03'–47o37'N",,3.82,589.34,snow,Temperate Broadleaf & Mixed Forests,,,0,15,,Black soils/Phaeozems/Mollisols,cropland,upland,,,bulk soil,,,33.42136012,,,,,1503.961205,,,,,17.3,,,,,,,
1956,29,,45.5,127,"125o42'–129o53'E, 44o03'–47o37'N",,3.82,589.34,snow,Temperate Broadleaf & Mixed Forests,,,0,15,,Black soils/Phaeozems/Mollisols,cropland,upland,,,bulk soil,,,36.49638678,,,,,1642.337405,,,,,17.3,,,,,,,
1957,29,,45.5,127,"125o42'–129o53'E, 44o03'–47o37'N",,3.82,589.34,snow,Temperate Broadleaf & Mixed Forests,,,0,15,,Black soils/Phaeozems/Mollisols,cropland,upland,,,bulk soil,,,37.17990432,,,,,1673.095694,,,,,17.3,,,,,,,
1958,29,,45.5,127,"125o42'–129o53'E, 44o03'–47o37'N",,3.82,589.34,snow,Temperate Broadleaf & Mixed Forests,,,0,15,,Black soils/Phaeozems/Mollisols,cropland,upland,,,bulk soil,,,37.17990432,,,,,1673.095694,,,,,17.3,,,,,,,
1959,29,,34,109.5,"108o56'–110o43'E, 33o46'–35o50'N",,9.38,713.07,temperate,Temperate Broadleaf & Mixed Forests,,,0,15,,Fluvo-aquic soils/Cambisols-Flavisols/Inceptisols,wetland,paddy,,,bulk soil,,,10.29095064,,,,,463.0927788,,,,,12.58,,,,,,,
1960,29,,34,109.5,"108o56'–110o43'E, 33o46'–35o50'N",,9.38,713.07,temperate,Temperate Broadleaf & Mixed Forests,,,0,15,,Fluvo-aquic soils/Cambisols-Flavisols/Inceptisols,wetland,paddy,,,bulk soil,,,11.61899402,,,,,522.8547309,,,,,12.58,,,,,,,
1961,29,,34,109.5,"108o56'–110o43'E, 33o46'–35o50'N",,9.38,713.07,temperate,Temperate Broadleaf & Mixed Forests,,,0,15,,Fluvo-aquic soils/Cambisols-Flavisols/Inceptisols,wetland,paddy,,,bulk soil,,,13.19409488,,,,,593.7342696,,,,,12.58,,,,,,,
1962,29,,34,109.5,"108o56'–110o43'E, 33o46'–35o50'N",,9.38,713.07,temperate,Temperate Broadleaf & Mixed Forests,,,0,15,,Fluvo-aquic soils/Cambisols-Flavisols/Inceptisols,wetland,paddy,,,bulk soil,,,13.16842657,,,,,592.5791957,,,,,12.58,,,,,,,
1963,29,,34,109.5,"108o56'–110o43'E, 33o46'–35o50'N",,9.38,713.07,temperate,Temperate Broadleaf & Mixed Forests,,,0,15,,Fluvo-aquic soils/Cambisols-Flavisols/Inceptisols,wetland,paddy,,,bulk soil,,,14.49034455,,,,,652.0655048,,,,,12.58,,,,,,,
1964,29,,34,109.5,"108o56'–110o43'E, 33o46'–35o50'N",,9.38,713.07,temperate,Temperate Broadleaf & Mixed Forests,,,0,15,,Fluvo-aquic soils/Cambisols-Flavisols/Inceptisols,wetland,paddy,,,bulk soil,,,13.49278067,,,,,607.1751302,,,,,12.58,,,,,,,
1965,29,,34,109.5,"108o56'–110o43'E, 33o46'–35o50'N",,9.38,713.07,temperate,Temperate Broadleaf & Mixed Forests,,,0,15,,Fluvo-aquic soils/Cambisols-Flavisols/Inceptisols,wetland,paddy,,,bulk soil,,,13.9241833,,,,,626.5882485,,,,,12.58,,,,,,,
1966,29,,34,109.5,"108o56'–110o43'E, 33o46'–35o50'N",,9.38,713.07,temperate,Temperate Broadleaf & Mixed Forests,,,0,15,,Fluvo-aquic soils/Cambisols-Flavisols/Inceptisols,wetland,paddy,,,bulk soil,,,15.10667568,,,,,679.8004056,,,,,12.58,,,,,,,
1967,29,,34,109.5,"108o56'–110o43'E, 33o46'–35o50'N",,9.38,713.07,temperate,Temperate Broadleaf & Mixed Forests,,,0,15,,Fluvo-aquic soils/Cambisols-Flavisols/Inceptisols,wetland,paddy,,,bulk soil,,,27.38867049,,,,,1232.490172,,,,,12.58,,,,,,,
1968,29,,34,109.5,"108o56'–110o43'E, 33o46'–35o50'N",,9.38,713.07,temperate,Temperate Broadleaf & Mixed Forests,,,0,15,,Fluvo-aquic soils/Cambisols-Flavisols/Inceptisols,wetland,paddy,,,bulk soil,,,31.39205184,,,,,1412.642333,,,,,12.58,,,,,,,
1969,29,,34,109.5,"108o56'–110o43'E, 33o46'–35o50'N",,9.38,713.07,temperate,Temperate Broadleaf & Mixed Forests,,,0,15,,Fluvo-aquic soils/Cambisols-Flavisols/Inceptisols,cropland,upland,,,bulk soil,,,12.37420702,,,,,556.8393159,,,,,10.59,,,,,,,
1970,29,,34,109.5,"108o56'–110o43'E, 33o46'–35o50'N",,9.38,713.07,temperate,Temperate Broadleaf & Mixed Forests,,,0,15,,Fluvo-aquic soils/Cambisols-Flavisols/Inceptisols,cropland,upland,,,bulk soil,,,13.03324803,,,,,586.4961614,,,,,10.59,,,,,,,
1971,29,,34,109.5,"108o56'–110o43'E, 33o46'–35o50'N",,9.38,713.07,temperate,Temperate Broadleaf & Mixed Forests,,,0,15,,Fluvo-aquic soils/Cambisols-Flavisols/Inceptisols,cropland,upland,,,bulk soil,,,12.9716164,,,,,583.722738,,,,,10.59,,,,,,,
1972,29,,34,109.5,"108o56'–110o43'E, 33o46'–35o50'N",,9.38,713.07,temperate,Temperate Broadleaf & Mixed Forests,,,0,15,,Fluvo-aquic soils/Cambisols-Flavisols/Inceptisols,cropland,upland,,,bulk soil,,,14.35133005,,,,,645.8098523,,,,,10.59,,,,,,,
1973,29,,34,109.5,"108o56'–110o43'E, 33o46'–35o50'N",,9.38,713.07,temperate,Temperate Broadleaf & Mixed Forests,,,0,15,,Fluvo-aquic soils/Cambisols-Flavisols/Inceptisols,cropland,upland,,,bulk soil,,,15.61539231,,,,,702.692654,,,,,10.59,,,,,,,
1974,29,,34,109.5,"108o56'–110o43'E, 33o46'–35o50'N",,9.38,713.07,temperate,Temperate Broadleaf & Mixed Forests,,,0,15,,Fluvo-aquic soils/Cambisols-Flavisols/Inceptisols,cropland,upland,,,bulk soil,,,14.73118715,,,,,662.9034218,,,,,10.59,,,,,,,
1975,29,,34,109.5,"108o56'–110o43'E, 33o46'–35o50'N",,9.38,713.07,temperate,Temperate Broadleaf & Mixed Forests,,,0,15,,Fluvo-aquic soils/Cambisols-Flavisols/Inceptisols,cropland,upland,,,bulk soil,,,17.6205074,,,,,792.922833,,,,,10.59,,,,,,,
1976,29,,34,109.5,"108o56'–110o43'E, 33o46'–35o50'N",,9.38,713.07,temperate,Temperate Broadleaf & Mixed Forests,,,0,15,,Fluvo-aquic soils/Cambisols-Flavisols/Inceptisols,cropland,upland,,,bulk soil,,,17.4815293,,,,,786.6688185,,,,,10.59,,,,,,,
1977,29,,34,109.5,"108o56'–110o43'E, 33o46'–35o50'N",,9.38,713.07,temperate,Temperate Broadleaf & Mixed Forests,,,0,15,,Fluvo-aquic soils/Cambisols-Flavisols/Inceptisols,cropland,upland,,,bulk soil,,,21.31766853,,,,,959.2950839,,,,,10.59,,,,,,,
1978,29,,34,109.5,"108o56'–110o43'E, 33o46'–35o50'N",,9.38,713.07,temperate,Temperate Broadleaf & Mixed Forests,,,0,15,,Fluvo-aquic soils/Cambisols-Flavisols/Inceptisols,cropland,upland,,,bulk soil,,,26.53671348,,,,,1194.152107,,,,,10.59,,,,,,,
1979,29,,27,111.5,"110o33'–113o34'E, 26o26'–28o34'N",,14.93,1398.33,temperate,Tropical & Subtropical Moist Broadleaf Forests,,,0,15,,Red soils/Acrisol-Alisol/Ultisols,wetland,paddy,,,bulk soil,,,32.57914164,,,,,1466.061374,,,,,20.94,,,,,,,
1980,29,,27,111.5,"110o33'–113o34'E, 26o26'–28o34'N",,14.93,1398.33,temperate,Tropical & Subtropical Moist Broadleaf Forests,,,0,15,,Red soils/Acrisol-Alisol/Ultisols,wetland,paddy,,,bulk soil,,,37.53536998,,,,,1689.091649,,,,,20.94,,,,,,,
1981,29,,27,111.5,"110o33'–113o34'E, 26o26'–28o34'N",,14.93,1398.33,temperate,Tropical & Subtropical Moist Broadleaf Forests,,,0,15,,Red soils/Acrisol-Alisol/Ultisols,wetland,paddy,,,bulk soil,,,43.35243226,,,,,1950.859452,,,,,20.94,,,,,,,
1982,29,,27,111.5,"110o33'–113o34'E, 26o26'–28o34'N",,14.93,1398.33,temperate,Tropical & Subtropical Moist Broadleaf Forests,,,0,15,,Red soils/Acrisol-Alisol/Ultisols,wetland,paddy,,,bulk soil,,,45.99950876,,,,,2069.977894,,,,,20.94,,,,,,,
1983,29,,27,111.5,"110o33'–113o34'E, 26o26'–28o34'N",,14.93,1398.33,temperate,Tropical & Subtropical Moist Broadleaf Forests,,,0,15,,Red soils/Acrisol-Alisol/Ultisols,wetland,paddy,,,bulk soil,,,47.5784326,,,,,2141.029467,,,,,20.94,,,,,,,
1984,29,,27,111.5,"110o33'–113o34'E, 26o26'–28o34'N",,14.93,1398.33,temperate,Tropical & Subtropical Moist Broadleaf Forests,,,0,15,,Red soils/Acrisol-Alisol/Ultisols,wetland,paddy,,,bulk soil,,,48.46548483,,,,,2180.946817,,,,,20.94,,,,,,,
1985,29,,27,111.5,"110o33'–113o34'E, 26o26'–28o34'N",,14.93,1398.33,temperate,Tropical & Subtropical Moist Broadleaf Forests,,,0,15,,Red soils/Acrisol-Alisol/Ultisols,wetland,paddy,,,bulk soil,,,52.51281236,,,,,2363.076556,,,,,20.94,,,,,,,
1986,29,,27,111.5,"110o33'–113o34'E, 26o26'–28o34'N",,14.93,1398.33,temperate,Tropical & Subtropical Moist Broadleaf Forests,,,0,15,,Red soils/Acrisol-Alisol/Ultisols,wetland,paddy,,,bulk soil,,,55.69250862,,,,,2506.162888,,,,,20.94,,,,,,,
1987,29,,27,111.5,"110o33'–113o34'E, 26o26'–28o34'N",,14.93,1398.33,temperate,Tropical & Subtropical Moist Broadleaf Forests,,,0,15,,Red soils/Acrisol-Alisol/Ultisols,wetland,paddy,,,bulk soil,,,57.62586493,,,,,2593.163922,,,,,20.94,,,,,,,
1988,29,,27,111.5,"110o33'–113o34'E, 26o26'–28o34'N",,14.93,1398.33,temperate,Tropical & Subtropical Moist Broadleaf Forests,,,0,15,,Red soils/Acrisol-Alisol/Ultisols,wetland,paddy,,,bulk soil,,,74.16572334,,,,,3337.45755,,,,,20.94,,,,,,,
1989,29,,27,111.5,"110o33'–113o34'E, 26o26'–28o34'N",,14.93,1398.33,temperate,Tropical & Subtropical Moist Broadleaf Forests,,,0,15,,Red soils/Acrisol-Alisol/Ultisols,cropland,upland,,,bulk soil,,,26.33118846,,,,,1184.903481,,,,,11.21,,,,,,,
1990,29,,27,111.5,"110o33'–113o34'E, 26o26'–28o34'N",,14.93,1398.33,temperate,Tropical & Subtropical Moist Broadleaf Forests,,,0,15,,Red soils/Acrisol-Alisol/Ultisols,cropland,upland,,,bulk soil,,,32.45568176,,,,,1460.505679,,,,,11.21,,,,,,,
1991,29,,27,111.5,"110o33'–113o34'E, 26o26'–28o34'N",,14.93,1398.33,temperate,Tropical & Subtropical Moist Broadleaf Forests,,,0,15,,Red soils/Acrisol-Alisol/Ultisols,cropland,upland,,,bulk soil,,,33.6481944,,,,,1514.168748,,,,,11.21,,,,,,,
1992,29,,27,111.5,"110o33'–113o34'E, 26o26'–28o34'N",,14.93,1398.33,temperate,Tropical & Subtropical Moist Broadleaf Forests,,,0,15,,Red soils/Acrisol-Alisol/Ultisols,cropland,upland,,,bulk soil,,,36.20034818,,,,,1629.015668,,,,,11.21,,,,,,,
1993,29,,27,111.5,"110o33'–113o34'E, 26o26'–28o34'N",,14.93,1398.33,temperate,Tropical & Subtropical Moist Broadleaf Forests,,,0,15,,Red soils/Acrisol-Alisol/Ultisols,cropland,upland,,,bulk soil,,,40.29694619,,,,,1813.362579,,,,,11.21,,,,,,,
1994,29,,27,111.5,"110o33'–113o34'E, 26o26'–28o34'N",,14.93,1398.33,temperate,Tropical & Subtropical Moist Broadleaf Forests,,,0,15,,Red soils/Acrisol-Alisol/Ultisols,cropland,upland,,,bulk soil,,,40.83550029,,,,,1837.597513,,,,,11.21,,,,,,,
1995,29,,27,111.5,"110o33'–113o34'E, 26o26'–28o34'N",,14.93,1398.33,temperate,Tropical & Subtropical Moist Broadleaf Forests,,,0,15,,Red soils/Acrisol-Alisol/Ultisols,cropland,upland,,,bulk soil,,,41.61681959,,,,,1872.756882,,,,,11.21,,,,,,,
1996,29,,27,111.5,"110o33'–113o34'E, 26o26'–28o34'N",,14.93,1398.33,temperate,Tropical & Subtropical Moist Broadleaf Forests,,,0,15,,Red soils/Acrisol-Alisol/Ultisols,cropland,upland,,,bulk soil,,,42.4202321,,,,,1908.910445,,,,,11.21,,,,,,,
1997,29,,27,111.5,"110o33'–113o34'E, 26o26'–28o34'N",,14.93,1398.33,temperate,Tropical & Subtropical Moist Broadleaf Forests,,,0,15,,Red soils/Acrisol-Alisol/Ultisols,cropland,upland,,,bulk soil,,,44.67581724,,,,,2010.411776,,,,,11.21,,,,,,,
1998,29,,27,111.5,"110o33'–113o34'E, 26o26'–28o34'N",,14.93,1398.33,temperate,Tropical & Subtropical Moist Broadleaf Forests,,,0,15,,Red soils/Acrisol-Alisol/Ultisols,cropland,upland,,,bulk soil,,,17.23918932,,,,,775.7635194,,,,,11.21,,,,,,,
1999,29,,19.5,109.5,"108o56'–110o43'E, 18o23'–21o25'N",,22.74,1391.22,temperate,Tropical & Subtropical Moist Broadleaf Forests,,,0,15,,Latosols/Acrisols-Alisols-Ferralsols/Ultisols,wetland,paddy,,,bulk soil,,,49.22582783,,,,,2215.162252,,,,,25.44,,,,,,,
2000,29,,19.5,109.5,"108o56'–110o43'E, 18o23'–21o25'N",,22.74,1391.22,temperate,Tropical & Subtropical Moist Broadleaf Forests,,,0,15,,Latosols/Acrisols-Alisols-Ferralsols/Ultisols,wetland,paddy,,,bulk soil,,,54.40718347,,,,,2448.323256,,,,,25.44,,,,,,,
2001,29,,19.5,109.5,"108o56'–110o43'E, 18o23'–21o25'N",,22.74,1391.22,temperate,Tropical & Subtropical Moist Broadleaf Forests,,,0,15,,Latosols/Acrisols-Alisols-Ferralsols/Ultisols,wetland,paddy,,,bulk soil,,,57.61780718,,,,,2592.801323,,,,,25.44,,,,,,,
2002,29,,19.5,109.5,"108o56'–110o43'E, 18o23'–21o25'N",,22.74,1391.22,temperate,Tropical & Subtropical Moist Broadleaf Forests,,,0,15,,Latosols/Acrisols-Alisols-Ferralsols/Ultisols,wetland,paddy,,,bulk soil,,,60.37718579,,,,,2716.973361,,,,,25.44,,,,,,,
2003,29,,19.5,109.5,"108o56'–110o43'E, 18o23'–21o25'N",,22.74,1391.22,temperate,Tropical & Subtropical Moist Broadleaf Forests,,,0,15,,Latosols/Acrisols-Alisols-Ferralsols/Ultisols,wetland,paddy,,,bulk soil,,,57.24855301,,,,,2576.184885,,,,,25.44,,,,,,,
2004,29,,19.5,109.5,"108o56'–110o43'E, 18o23'–21o25'N",,22.74,1391.22,temperate,Tropical & Subtropical Moist Broadleaf Forests,,,0,15,,Latosols/Acrisols-Alisols-Ferralsols/Ultisols,wetland,paddy,,,bulk soil,,,67.71390042,,,,,3047.125519,,,,,25.44,,,,,,,
2005,29,,19.5,109.5,"108o56'–110o43'E, 18o23'–21o25'N",,22.74,1391.22,temperate,Tropical & Subtropical Moist Broadleaf Forests,,,0,15,,Latosols/Acrisols-Alisols-Ferralsols/Ultisols,wetland,paddy,,,bulk soil,,,68.91663086,,,,,3101.248389,,,,,25.44,,,,,,,
2006,29,,19.5,109.5,"108o56'–110o43'E, 18o23'–21o25'N",,22.74,1391.22,temperate,Tropical & Subtropical Moist Broadleaf Forests,,,0,15,,Latosols/Acrisols-Alisols-Ferralsols/Ultisols,wetland,paddy,,,bulk soil,,,75.35793362,,,,,3391.107013,,,,,25.44,,,,,,,
2007,29,,19.5,109.5,"108o56'–110o43'E, 18o23'–21o25'N",,22.74,1391.22,temperate,Tropical & Subtropical Moist Broadleaf Forests,,,0,15,,Latosols/Acrisols-Alisols-Ferralsols/Ultisols,wetland,paddy,,,bulk soil,,,81.82813968,,,,,3682.266286,,,,,25.44,,,,,,,
2008,29,,19.5,109.5,"108o56'–110o43'E, 18o23'–21o25'N",,22.74,1391.22,temperate,Tropical & Subtropical Moist Broadleaf Forests,,,0,15,,Latosols/Acrisols-Alisols-Ferralsols/Ultisols,wetland,paddy,,,bulk soil,,,89.70634845,,,,,4036.78568,,,,,25.44,,,,,,,
2009,29,,19.5,109.5,"108o56'–110o43'E, 18o23'–21o25'N",,22.74,1391.22,temperate,Tropical & Subtropical Moist Broadleaf Forests,,,0,15,,Latosols/Acrisols-Alisols-Ferralsols/Ultisols,cropland,upland,,,bulk soil,,,40.53518449,,,,,1824.083302,,,,,14.46,,,,,,,
2010,29,,19.5,109.5,"108o56'–110o43'E, 18o23'–21o25'N",,22.74,1391.22,temperate,Tropical & Subtropical Moist Broadleaf Forests,,,0,15,,Latosols/Acrisols-Alisols-Ferralsols/Ultisols,cropland,upland,,,bulk soil,,,40.56569459,,,,,1825.456257,,,,,14.46,,,,,,,
2011,29,,19.5,109.5,"108o56'–110o43'E, 18o23'–21o25'N",,22.74,1391.22,temperate,Tropical & Subtropical Moist Broadleaf Forests,,,0,15,,Latosols/Acrisols-Alisols-Ferralsols/Ultisols,cropland,upland,,,bulk soil,,,41.96949454,,,,,1888.627254,,,,,14.46,,,,,,,
2012,29,,19.5,109.5,"108o56'–110o43'E, 18o23'–21o25'N",,22.74,1391.22,temperate,Tropical & Subtropical Moist Broadleaf Forests,,,0,15,,Latosols/Acrisols-Alisols-Ferralsols/Ultisols,cropland,upland,,,bulk soil,,,57.96651075,,,,,2608.492984,,,,,14.46,,,,,,,
2013,29,,19.5,109.5,"108o56'–110o43'E, 18o23'–21o25'N",,22.74,1391.22,temperate,Tropical & Subtropical Moist Broadleaf Forests,,,0,15,,Latosols/Acrisols-Alisols-Ferralsols/Ultisols,cropland,upland,,,bulk soil,,,59.14232313,,,,,2661.404541,,,,,14.46,,,,,,,
2014,29,,19.5,109.5,"108o56'–110o43'E, 18o23'–21o25'N",,22.74,1391.22,temperate,Tropical & Subtropical Moist Broadleaf Forests,,,0,15,,Latosols/Acrisols-Alisols-Ferralsols/Ultisols,cropland,upland,,,bulk soil,,,60.56087521,,,,,2725.239384,,,,,14.46,,,,,,,
2015,29,,19.5,109.5,"108o56'–110o43'E, 18o23'–21o25'N",,22.74,1391.22,temperate,Tropical & Subtropical Moist Broadleaf Forests,,,0,15,,Latosols/Acrisols-Alisols-Ferralsols/Ultisols,cropland,upland,,,bulk soil,,,62.43372606,,,,,2809.517673,,,,,14.46,,,,,,,
2016,29,,19.5,109.5,"108o56'–110o43'E, 18o23'–21o25'N",,22.74,1391.22,temperate,Tropical & Subtropical Moist Broadleaf Forests,,,0,15,,Latosols/Acrisols-Alisols-Ferralsols/Ultisols,cropland,upland,,,bulk soil,,,63.37350424,,,,,2851.807691,,,,,14.46,,,,,,,
2017,29,,19.5,109.5,"108o56'–110o43'E, 18o23'–21o25'N",,22.74,1391.22,temperate,Tropical & Subtropical Moist Broadleaf Forests,,,0,15,,Latosols/Acrisols-Alisols-Ferralsols/Ultisols,cropland,upland,,,bulk soil,,,62.94468644,,,,,2832.51089,,,,,14.46,,,,,,,
2018,29,,19.5,109.5,"108o56'–110o43'E, 18o23'–21o25'N",,22.74,1391.22,temperate,Tropical & Subtropical Moist Broadleaf Forests,,,0,15,,Latosols/Acrisols-Alisols-Ferralsols/Ultisols,cropland,upland,,,bulk soil,,,62.54704929,,,,,2814.617218,,,,,14.46,,,,,,,
2019,28,corrected values,31.72,102.27,,,4.71,786.78,temperate,Temperate Conifer Forests,fertilizer,control,0,10,,Haplic Luvisol,forest,,,2020,bulk soil,,1140,100,680,,13476.29184,8976.291844,4500,,,,,91.9,,6,6.29,water,,,
2020,28,corrected values,31.72,102.27,,,4.71,786.78,temperate,Temperate Conifer Forests,fertilizer,P50,0,10,,Haplic Luvisol,forest,,,2020,bulk soil,,4310,172,2680,,44322.02197,36582.02197,7740,,,,,83,,5.9,6.3,water,,,
2021,28,corrected values,31.72,102.27,,,4.71,786.78,temperate,Temperate Conifer Forests,fertilizer,P150,0,10,,Haplic Luvisol,forest,,,2020,bulk soil,,2770,217,1500,,31909.3533,22144.3533,9765,,,,,81.2,,5.7,6.34,water,,,
2022,28,corrected values,31.72,102.27,,,4.71,786.78,temperate,Temperate Conifer Forests,fertilizer,P300,0,10,,Haplic Luvisol,forest,,,2020,bulk soil,,3220,157,1870,,34029.5782,26964.5782,7065,,,,,93.4,,6.2,6.33,water,,,
2023,27,,21.27,110.54,"lat-lon of Guangdong, China",,,,temperate,Tropical & Subtropical Moist Broadleaf Forests,,,0,20,,,grassland,,,,aggregate,>2mm,,,,,641.28149,440.15354,201.12795,,,,,,1.5,0.2,4.6,,,,
2024,27,,21.27,110.54,"lat-lon of Guangdong, China",,,,temperate,Tropical & Subtropical Moist Broadleaf Forests,,,0,20,,,forest,,,,aggregate,>2mm,,,,,1474.65128,838.73378,635.9175,,,,,,7.1,0.4,4.6,,,,
2025,27,,21.27,110.54,"lat-lon of Guangdong, China",,,,temperate,Tropical & Subtropical Moist Broadleaf Forests,,,0,20,,,forest,,,,aggregate,>2mm,,,,,3580.17945,2598.12195,982.0575,,,,,,19.7,1.6,4.4,,,,
2026,27,,21.27,110.54,"lat-lon of Guangdong, China",,,,temperate,Tropical & Subtropical Moist Broadleaf Forests,,,0,20,,,forest,,,,aggregate,>2mm,,,,,3692.90466,2142.23616,1550.6685,,,,,,29.7,3,4.5,,,,
2027,27,,21.27,110.54,"lat-lon of Guangdong, China",,,,temperate,Tropical & Subtropical Moist Broadleaf Forests,,,0,20,,,grassland,,,,aggregate,0.250-2mm,,,,,874.7896,577.4143,297.3753,,,,,,2.7,0.3,4.5,,,,
2028,27,,21.27,110.54,"lat-lon of Guangdong, China",,,,temperate,Tropical & Subtropical Moist Broadleaf Forests,,,0,20,,,forest,,,,aggregate,0.250-2mm,,,,,1863.48072,1053.37272,810.108,,,,,,8.6,0.5,4.7,,,,
2029,27,,21.27,110.54,"lat-lon of Guangdong, China",,,,temperate,Tropical & Subtropical Moist Broadleaf Forests,,,0,20,,,forest,,,,aggregate,0.250-2mm,,,,,3994.88174,2905.46324,1089.4185,,,,,,24,1.8,4.3,,,,
2030,27,,21.27,110.54,"lat-lon of Guangdong, China",,,,temperate,Tropical & Subtropical Moist Broadleaf Forests,,,0,20,,,forest,,,,aggregate,0.250-2mm,,,,,4120.04756,2584.48556,1535.562,,,,,,23.6,2.2,4.4,,,,
2031,27,,21.27,110.54,"lat-lon of Guangdong, China",,,,temperate,Tropical & Subtropical Moist Broadleaf Forests,,,0,20,,,grassland,,,,aggregate,<0.250mm,,,,,1116.04446,677.73546,438.309,,,,,,4.7,0.1,4.5,,,,
2032,27,,21.27,110.54,"lat-lon of Guangdong, China",,,,temperate,Tropical & Subtropical Moist Broadleaf Forests,,,0,20,,,forest,,,,aggregate,<0.250mm,,,,,3337.60862,1975.43612,1362.1725,,,,,,14.8,1,4.7,,,,
2033,27,,21.27,110.54,"lat-lon of Guangdong, China",,,,temperate,Tropical & Subtropical Moist Broadleaf Forests,,,0,20,,,forest,,,,aggregate,<0.250mm,,,,,3872.00631,2597.36781,1274.6385,,,,,,28.2,2.7,4,,,,
2034,27,,21.27,110.54,"lat-lon of Guangdong, China",,,,temperate,Tropical & Subtropical Moist Broadleaf Forests,,,0,20,,,forest,,,,aggregate,<0.250mm,,,,,3709.38001,2044.31701,1665.063,,,,,,29.7,3.1,4.1,,,,
2035,26,,40.06,-88.19,,,11,978.8,snow,"Temperate Grasslands, Savannas & Shrublands",crops,M. × giganteus (2014),0,10,,,grassland,,,,bulk soil,,1186.72,38.39,,,11915.21444,10187.66444,1727.55,1727.55,10187.58,,,16.23,,,8.08,,,,
2036,26,,40.06,-88.19,,,11,978.8,snow,"Temperate Grasslands, Savannas & Shrublands",crops,Switchgrass (2014),0,10,,,grassland,,,,bulk soil,,1313.39,43.56,,,13221.52673,11261.32673,1960.2,1960.2,11261.23,,,19.14,,,,,,,
2037,26,,40.06,-88.19,,,11,978.8,snow,"Temperate Grasslands, Savannas & Shrublands",crops,Mixed prairie (2014),0,10,,,grassland,,,,bulk soil,,1403.41,44.31,,,14055.82892,12061.87892,1993.95,1993.95,12061.78,,,19.23,,,,,,,
2038,25,,41.51,123.4,,41,8.39,695.67,snow,Temperate Broadleaf & Mixed Forests,stover,control,0,20,,Alfisol,cropland,,,2017,bulk soil,,564.77,18.3,252.31,,5671.511407,4848.011407,823.5,,,96.35,,12.82,,1.4,7.21,water 1:2.5,,,
2039,25,,41.51,123.4,,41,8.39,695.67,snow,Temperate Broadleaf & Mixed Forests,stover,biochar,0,20,,Alfisol,cropland,,,2017,bulk soil,,622.14,25.08,277.52,,6405.905995,5277.305995,1128.6,,,119.31,,14.49,,1.45,7.37,water 1:2.5,36,24,40
2040,25,,41.51,123.4,,41,8.39,695.67,snow,Temperate Broadleaf & Mixed Forests,stover,stover compost,0,20,,Alfisol,cropland,,,2017,bulk soil,,554.7,23,244.03,,5732.047124,4697.047124,1035,,,77.38,,13.48,,1.46,6.3,water 1:2.5,36,24,40
2041,25,,41.51,123.4,,41,8.39,695.67,snow,Temperate Broadleaf & Mixed Forests,stover,stover compost,0,20,,Alfisol,cropland,,,2017,bulk soil,,591.99,20.09,273.05,,5974.063031,5070.013031,904.05,,,127.66,,14.06,,1.44,6.57,water 1:2.5,,,
2042,24,,43.3,124.48,,65,7.05,614.81,snow,Temperate Broadleaf & Mixed Forests,,,0,20,,Typic Hapludolls,cropland,,,,bulk soil,,710,45,251,,7837.33133,5812.33133,2025,,,,,,17.4,1.65,6.3,,27,50,23
2043,23,,30.326,121.145,,,16.57,1283.86,temperate,,,,2,30,,"Salic, tidalic Fluvisol (calcaric, sodic, siltic)",wetland,tidal wetland,,,bulk soil,,38.6,3.6,22.2,,463.1865064,301.1865064,162,,,,,5.1,,0.3,8.2,KCl,,,
2044,23,,30.314,121.169,,,16.57,1283.86,temperate,,,,0,13,Ah,"Gleyic, salic Fluvisol (calcaric, sodic, siltic)",wetland,salt marsh,,,bulk soil,,119.8,9.9,80.8,,1396.612893,951.1128926,445.5,,,,,10.9,,0.8,7.8,KCl,,,
2045,23,,30.314,121.169,,,16.57,1283.86,temperate,,,,13,30,Bwg,"Gleyic, salic Fluvisol (calcaric, sodic, siltic)",wetland,salt marsh,,,bulk soil,,40.1,12,35.1,,746.8550213,206.8550213,540,,,,,5.3,,0.3,7.8,KCl,,,
2046,23,,30.184,121.356,,,16.57,1283.86,temperate,Temperate Broadleaf & Mixed Forests,,,0,7,Alp,"Stagnic gleyic Cambisol (calcaric, siltic)",wetland,paddy,,,bulk soil,,381.6,27.5,323.1,,4318.880257,3081.380257,1237.5,,,,,17.8,,1.8,7.3,KCl,,,
2047,23,,30.184,121.356,,,16.57,1283.86,temperate,Temperate Broadleaf & Mixed Forests,,,7,14,Arp,"Stagnic gleyic Cambisol (calcaric, siltic)",wetland,paddy,,,bulk soil,,264.3,13.1,231.7,,2800.034232,2210.534232,589.5,,,,,14.5,,1.4,7.3,KCl,,,
2048,23,,30.184,121.356,,,16.57,1283.86,temperate,Temperate Broadleaf & Mixed Forests,,,14,23,Ardp,"Stagnic gleyic Cambisol (calcaric, siltic)",wetland,paddy,,,bulk soil,,54.2,1.9,57.9,,548.909545,463.409545,85.5,,,,,5.7,,0.5,7.3,KCl,,,
2049,23,,30.184,121.356,,,16.57,1283.86,temperate,Temperate Broadleaf & Mixed Forests,,,23,38,Bwg1,"Stagnic gleyic Cambisol (calcaric, siltic)",wetland,paddy,,,bulk soil,,27.4,13.8,22.2,,690.4482745,69.44827449,621,,,,,5.1,,0.4,7.3,KCl,,,
2050,23,,30.184,121.356,,,16.57,1283.86,temperate,Temperate Broadleaf & Mixed Forests,,,38,50,Bwg2,"Stagnic gleyic Cambisol (calcaric, siltic)",wetland,paddy,,,bulk soil,,28.4,8.2,18.8,,519.3359312,150.3359312,369,,,,,5.2,,0.3,7.3,KCl,,,
2051,23,,30.184,121.356,,,16.57,1283.86,temperate,Temperate Broadleaf & Mixed Forests,,,50,70,Bwg3,"Stagnic gleyic Cambisol (calcaric, siltic)",wetland,paddy,,,bulk soil,,37.1,8.3,30,,600.8522231,227.3522231,373.5,,,,,5.1,,0.4,7.3,KCl,,,
2052,23,,30.184,121.356,,,16.57,1283.86,temperate,Temperate Broadleaf & Mixed Forests,,,70,100,Blg,"Stagnic gleyic Cambisol (calcaric, siltic)",wetland,paddy,,,bulk soil,,34,12.2,26.7,,698.387605,149.387605,549,,,,,5.4,,0.4,7.3,KCl,,,
2053,23,,30.164,121.35,,,16.57,1283.86,temperate,Temperate Broadleaf & Mixed Forests,,,0,9,Alp1,"Gleyic Cambisol (eutric, siltic)",wetland,paddy,,,bulk soil,,524.3,37.8,445.6,,5934.458317,4233.458317,1701,,,,,17.6,,2.1,5.1,KCl,,,
2054,23,,30.164,121.35,,,16.57,1283.86,temperate,Temperate Broadleaf & Mixed Forests,,,9,15,Alp2,"Gleyic Cambisol (eutric, siltic)",wetland,paddy,,,bulk soil,,485.1,27.4,424.4,,5247.163965,4014.163965,1233,,,,,15.3,,1.8,5.1,KCl,,,
2055,23,,30.164,121.35,,,16.57,1283.86,temperate,Temperate Broadleaf & Mixed Forests,,,15,21,Ardp,"Gleyic Cambisol (eutric, siltic)",wetland,paddy,,,bulk soil,,154.3,13.2,199.4,,1813.250523,1219.250523,594,,,,,6.6,,0.9,5.1,KCl,,,
2056,23,,30.164,121.35,,,16.57,1283.86,temperate,Temperate Broadleaf & Mixed Forests,,,21,30,Bwg1,"Gleyic Cambisol (eutric, siltic)",wetland,paddy,,,bulk soil,,39,14,59.3,,801.2808582,171.2808582,630,,,,,5.8,,0.5,5.1,KCl,,,
2057,23,,30.164,121.35,,,16.57,1283.86,temperate,Temperate Broadleaf & Mixed Forests,,,30,50,Bwg2,"Gleyic Cambisol (eutric, siltic)",wetland,paddy,,,bulk soil,,27.4,11.4,35.1,,613.2572702,100.2572702,513,,,,,4.7,,0.4,5.1,KCl,,,
2058,23,,30.164,121.35,,,16.57,1283.86,temperate,Temperate Broadleaf & Mixed Forests,,,50,75,Bwlg1,"Gleyic Cambisol (eutric, siltic)",wetland,paddy,,,bulk soil,,27.2,10.6,31.6,,585.7269355,108.7269355,477,,,,,4.7,,0.4,5.1,KCl,,,
2059,23,,30.164,121.35,,,16.57,1283.86,temperate,Temperate Broadleaf & Mixed Forests,,,75,100,Bwlg2,"Gleyic Cambisol (eutric, siltic)",wetland,paddy,,,bulk soil,,31.1,10.7,35.5,,624.0432273,142.5432273,481.5,,,,,5.2,,0.4,5.1,KCl,,,
2060,23,,30.107,121.505,,,,,temperate,Temperate Broadleaf & Mixed Forests,,,0,18,Alp,"Gleyic Cambisol (eutric, siltic)",wetland,paddy,,,bulk soil,,512.5,49.4,474.4,,6201.348171,3978.348171,2223,,,,,22.6,,2.5,5.5,KCl,,,
2061,23,,30.107,121.505,,,,,temperate,Temperate Broadleaf & Mixed Forests,,,18,24,Ardp,"Gleyic Cambisol (eutric, siltic)",wetland,paddy,,,bulk soil,,474.5,21.8,427.5,,4971.651622,3990.651622,981,,,,,14.9,,1.6,5.5,KCl,,,
2062,23,,30.107,121.505,,,,,temperate,Temperate Broadleaf & Mixed Forests,,,24,30,Bwdl,"Gleyic Cambisol (eutric, siltic)",wetland,paddy,,,bulk soil,,106.7,3.3,138.2,,1066.437631,917.9376309,148.5,,,,,7.1,,0.7,5.5,KCl,,,
2063,23,,30.107,121.505,,,,,temperate,Temperate Broadleaf & Mixed Forests,,,30,50,Bwl,"Gleyic Cambisol (eutric, siltic)",wetland,paddy,,,bulk soil,,44.2,11.3,52.2,,761.2409784,252.7409784,508.5,,,,,5.2,,0.5,5.5,KCl,,,
2064,23,,30.107,121.505,,,,,temperate,Temperate Broadleaf & Mixed Forests,,,50,70,Bwlg1,"Gleyic Cambisol (eutric, siltic)",wetland,paddy,,,bulk soil,,34.6,17.1,41.4,,861.3859053,91.88590535,769.5,,,,,4.9,,0.5,5.5,KCl,,,
2065,23,"FNC is negative, but AS values are correct (as reported in the text)",30.107,121.505,,,,,temperate,Temperate Broadleaf & Mixed Forests,,,70,100,Bwlg2,"Gleyic Cambisol (eutric, siltic)",wetland,paddy,,,bulk soil,,29.8,42.1,41.5,,1894.5,0,1894.5,,,,,4.7,,0.5,5.5,KCl,,,
2066,23,,30.173,121.153,,,16.57,1283.86,temperate,Temperate Broadleaf & Mixed Forests,,,0,10,Alp1,"Endogleyic Stagnosol (albic, eutric, siltic, thaptomollic)",wetland,paddy,,,bulk soil,,472.1,101.7,410.8,,7519.868805,2943.368805,4576.5,,,,,23.2,,2.3,6.8,KCl,,,
2067,23,,30.173,121.153,,,16.57,1283.86,temperate,Temperate Broadleaf & Mixed Forests,,,10,16,Alp2,"Endogleyic Stagnosol (albic, eutric, siltic, thaptomollic)",wetland,paddy,,,bulk soil,,467,22.6,400.4,,4929.881957,3912.881957,1017,,,,,18,,2,6.8,KCl,,,
2068,23,,30.173,121.153,,,16.57,1283.86,temperate,Temperate Broadleaf & Mixed Forests,,,16,22,Ardp,"Endogleyic Stagnosol (albic, eutric, siltic, thaptomollic)",wetland,paddy,,,bulk soil,,175.6,59,180.6,,3478.012188,823.012188,2655,,,,,8.6,,1.1,6.8,KCl,,,
2069,23,,30.173,121.153,,,16.57,1283.86,temperate,Temperate Broadleaf & Mixed Forests,,,22,45,Bg,"Endogleyic Stagnosol (albic, eutric, siltic, thaptomollic)",wetland,paddy,,,bulk soil,,75.7,3.5,74.6,,793.8702145,636.3702145,157.5,,,,,4.1,,0.6,6.8,KCl,,,
2070,23,,30.173,121.153,,,16.57,1283.86,temperate,Temperate Broadleaf & Mixed Forests,,,45,69,2Ahgb,"Endogleyic Stagnosol (albic, eutric, siltic, thaptomollic)",wetland,paddy,,,bulk soil,,37.9,5.5,36.1,,517.9960514,270.4960514,247.5,,,,,5.3,,0.7,6.8,KCl,,,
2071,23,,30.173,121.153,,,16.57,1283.86,temperate,Temperate Broadleaf & Mixed Forests,,,69,106,2Blg1,"Endogleyic Stagnosol (albic, eutric, siltic, thaptomollic)",wetland,paddy,,,bulk soil,,14.6,3.6,13.4,,247.1865064,85.18650639,162,,,,,3.3,,0.5,6.8,KCl,,,
2072,23,,30.173,121.153,,,16.57,1283.86,temperate,Temperate Broadleaf & Mixed Forests,,,106,116,3Ahlgb,"Endogleyic Stagnosol (albic, eutric, siltic, thaptomollic)",wetland,paddy,,,bulk soil,,29,2.3,18.8,,334.9747124,231.4747124,103.5,,,,,6,,0.4,6.8,KCl,,,
2073,23,,30.173,121.153,,,16.57,1283.86,temperate,Temperate Broadleaf & Mixed Forests,,,116,130,3Blg,"Endogleyic Stagnosol (albic, eutric, siltic, thaptomollic)",wetland,paddy,,,bulk soil,,17.8,,15.3,,,,,,,,,2.1,,0.3,6.8,KCl,,,
2074,23,,30.163,121.116,,,16.57,1283.86,temperate,Temperate Broadleaf & Mixed Forests,,,0,10,Alp,"Endogleyic Stagnosol (albic, ruptic, eutric, siltic)",wetland,paddy,,,bulk soil,,368.7,86,304.5,,6084.310986,2214.310986,3870,,,,,14,,1.6,5.5,KCl,,,
2075,23,,30.163,121.116,,,16.57,1283.86,temperate,Temperate Broadleaf & Mixed Forests,,,10,16,Al(d)p1,"Endogleyic Stagnosol (albic, ruptic, eutric, siltic)",wetland,paddy,,,bulk soil,,508.7,19.6,375.4,,5208.693201,4326.693201,882,,,,,11,,1.3,5.5,KCl,,,
2076,23,,30.163,121.116,,,16.57,1283.86,temperate,Temperate Broadleaf & Mixed Forests,,,16,21,Aldp2,"Endogleyic Stagnosol (albic, ruptic, eutric, siltic)",wetland,paddy,,,bulk soil,,157.1,7.9,155.3,,1667.987056,1312.487056,355.5,,,,,6.1,,0.7,5.5,KCl,,,
2077,23,,30.163,121.116,,,16.57,1283.86,temperate,Temperate Broadleaf & Mixed Forests,,,21,40,2Ahgb,"Endogleyic Stagnosol (albic, ruptic, eutric, siltic)",wetland,paddy,,,bulk soil,,36,5.5,31.6,,500.8960514,253.3960514,247.5,,,,,4.6,,0.6,5.5,KCl,,,
2078,23,,30.163,121.116,,,16.57,1283.86,temperate,Temperate Broadleaf & Mixed Forests,,,40,55,2Bg,"Endogleyic Stagnosol (albic, ruptic, eutric, siltic)",wetland,paddy,,,bulk soil,,18.9,4.6,16.4,,318.0494248,111.0494248,207,,,,,2.8,,0.5,5.5,KCl,,,
2079,23,,30.163,121.116,,,16.57,1283.86,temperate,Temperate Broadleaf & Mixed Forests,,,55,80,2Bl1,"Endogleyic Stagnosol (albic, ruptic, eutric, siltic)",wetland,paddy,,,bulk soil,,30.9,5.7,28.9,,461.4286351,204.9286351,256.5,,,,,3.9,,0.6,5.5,KCl,,,
2080,23,,30.163,121.116,,,16.57,1283.86,temperate,Temperate Broadleaf & Mixed Forests,,,80,93,3Ahlb,"Endogleyic Stagnosol (albic, ruptic, eutric, siltic)",wetland,paddy,,,bulk soil,,41.3,15.7,32.2,,876.6578195,170.1578195,706.5,,,,,15.4,,1.4,5.5,KCl,,,
2081,23,,30.163,121.116,,,16.57,1283.86,temperate,Temperate Broadleaf & Mixed Forests,,,93,100,3Bl,"Endogleyic Stagnosol (albic, ruptic, eutric, siltic)",wetland,paddy,,,bulk soil,,16.7,10.1,21.1,,475.1454763,20.64547626,454.5,,,,,3.5,,0.5,5.5,KCl,,,
2082,23,,30.09,121.446,,,16.57,1283.86,temperate,Temperate Broadleaf & Mixed Forests,,,0,15,Alp,"Endogleyic Stagnosol (albic, ruptic, eutric, siltic)",wetland,paddy,,,bulk soil,,590,144.8,662.3,,9967.19059,3451.19059,6516,,,,,30,,3.6,5.1,KCl,,,
2083,23,,30.09,121.446,,,16.57,1283.86,temperate,Temperate Broadleaf & Mixed Forests,,,15,20,Ar(d)p,"Endogleyic Stagnosol (albic, ruptic, eutric, siltic)",wetland,paddy,,,bulk soil,,372.9,36.1,439.4,,4517.181356,2892.681356,1624.5,,,,,20.5,,2.1,5.1,KCl,,,
2084,23,,30.09,121.446,,,16.57,1283.86,temperate,Temperate Broadleaf & Mixed Forests,,,20,27,Bdg,"Endogleyic Stagnosol (albic, ruptic, eutric, siltic)",wetland,paddy,,,bulk soil,,51.5,32.9,76,,1521.660017,41.16001672,1480.5,,,,,5.5,,0.6,5.1,KCl,,,
2085,23,"FNC is negative, but AS values are correct (as reported in the text)",30.09,121.446,,,16.57,1283.86,temperate,Temperate Broadleaf & Mixed Forests,,,27,35,2AhgB,"Endogleyic Stagnosol (albic, ruptic, eutric, siltic)",wetland,paddy,,,bulk soil,,21.9,26.5,24.7,,1192.5,0,1192.5,,,,,3.5,,0.4,5.1,KCl,,,
2086,23,,30.09,121.446,,,16.57,1283.86,temperate,Temperate Broadleaf & Mixed Forests,,,35,50,2Bg1,"Endogleyic Stagnosol (albic, ruptic, eutric, siltic)",wetland,paddy,,,bulk soil,,23,2.7,18.9,,293.8398798,172.3398798,121.5,,,,,2.6,,0.4,5.1,KCl,,,
2087,23,"FNC is negative, but AS values are correct (as reported in the text)",30.09,121.446,,,16.57,1283.86,temperate,Temperate Broadleaf & Mixed Forests,,,50,70,2Bg2,"Endogleyic Stagnosol (albic, ruptic, eutric, siltic)",wetland,paddy,,,bulk soil,,10.9,12.8,8.7,,576,0,576,,,,,1.6,,0.3,5.1,KCl,,,
2088,23,,30.09,121.446,,,16.57,1283.86,temperate,Temperate Broadleaf & Mixed Forests,,,70,100,2Blg,"Endogleyic Stagnosol (albic, ruptic, eutric, siltic)",wetland,paddy,,,bulk soil,,10.3,2.1,6.7,,160.2421287,65.74212873,94.5,,,,,1.4,,0.3,5.1,KCl,,,
2089,23,,30.219,121.356,,,16.57,1283.86,temperate,Temperate Broadleaf & Mixed Forests,,,0,9,Ap,"Endogleyic, hyposalic, endofluvic Cambisol (calcaric, siltic)",cropland,,,,bulk soil,,270.6,12.7,233,,2843.869064,2272.369064,571.5,,,,,10.6,,1.1,7.1,KCl,,,
2090,23,,30.219,121.356,,,16.57,1283.86,temperate,Temperate Broadleaf & Mixed Forests,,,9,17,ABw,"Endogleyic, hyposalic, endofluvic Cambisol (calcaric, siltic)",cropland,,,,bulk soil,,164.8,14.7,155.6,,1955.994901,1294.494901,661.5,,,,,8.2,,0.8,7.1,KCl,,,
2091,23,,30.219,121.356,,,16.57,1283.86,temperate,Temperate Broadleaf & Mixed Forests,,,17,24,Bw,"Endogleyic, hyposalic, endofluvic Cambisol (calcaric, siltic)",cropland,,,,bulk soil,,62.5,19.3,64.6,,1183.244326,314.7443259,868.5,,,,,6.4,,0.6,7.1,KCl,,,
2092,23,,30.219,121.356,,,16.57,1283.86,temperate,Temperate Broadleaf & Mixed Forests,,,24,45,BCg,"Endogleyic, hyposalic, endofluvic Cambisol (calcaric, siltic)",cropland,,,,bulk soil,,61.7,11.4,58.9,,921.9572702,408.9572702,513,,,,,5.6,,0.5,7.1,KCl,,,
2093,23,,30.219,121.356,,,16.57,1283.86,temperate,Temperate Broadleaf & Mixed Forests,,,45,70,CBg,"Endogleyic, hyposalic, endofluvic Cambisol (calcaric, siltic)",cropland,,,,bulk soil,,84.8,24.2,56.1,,1541.542626,452.5426263,1089,,,,,4.8,,0.5,7.1,KCl,,,
2094,23,,30.219,121.356,,,16.57,1283.86,temperate,Temperate Broadleaf & Mixed Forests,,,70,100,CBlg,"Endogleyic, hyposalic, endofluvic Cambisol (calcaric, siltic)",cropland,,,,bulk soil,,37.8,4.6,34.2,,488.1494248,281.1494248,207,,,,,4.7,,0.4,7.1,KCl,,,
2095,23,,30.198,121.353,,,16.57,1283.86,temperate,Temperate Broadleaf & Mixed Forests,,,0,14,Ap1,"Endogleyic Cambisol (calcaric, siltic)",cropland,,,,bulk soil,,186.9,22.1,174.9,,2392.900498,1398.400498,994.5,,,,,10.8,,1,7.5,KCl,,,
2096,23,,30.198,121.353,,,16.57,1283.86,temperate,Temperate Broadleaf & Mixed Forests,,,14,25,Ap2,"Endogleyic Cambisol (calcaric, siltic)",cropland,,,,bulk soil,,143.6,16,156.3,,1807.006695,1087.006695,720,,,,,8.1,,0.8,7.5,KCl,,,
2097,23,,30.198,121.353,,,16.57,1283.86,temperate,Temperate Broadleaf & Mixed Forests,,,25,30,Bw,"Endogleyic Cambisol (calcaric, siltic)",cropland,,,,bulk soil,,106,18.5,107.7,,1549.013991,716.5139912,832.5,,,,,7,,0.7,7.5,KCl,,,
2098,23,,30.198,121.353,,,16.57,1283.86,temperate,Temperate Broadleaf & Mixed Forests,,,30,38,BCwg1,"Endogleyic Cambisol (calcaric, siltic)",cropland,,,,bulk soil,,60.7,12,68.9,,932.2550213,392.2550213,540,,,,,6.2,,0.5,7.5,KCl,,,
2099,23,,30.198,121.353,,,16.57,1283.86,temperate,Temperate Broadleaf & Mixed Forests,,,38,70,BCwg2,"Endogleyic Cambisol (calcaric, siltic)",cropland,,,,bulk soil,,63.1,12.5,76.5,,969.9364805,407.4364805,562.5,,,,,5.5,,0.5,7.5,KCl,,,
2100,23,,30.198,121.353,,,16.57,1283.86,temperate,Temperate Broadleaf & Mixed Forests,,,70,100,BCwlg,"Endogleyic Cambisol (calcaric, siltic)",cropland,,,,bulk soil,,65.1,11.9,76.7,,968.6387295,433.1387295,535.5,,,,,5.3,,0.5,7.5,KCl,,,
2101,23,,30.116,121.511,,,,,temperate,Temperate Broadleaf & Mixed Forests,,,0,11,Ah,"Haplic Cambisol (eutric, siltic)",cropland,,,,bulk soil,,278.6,22.8,212.8,,3240.71454,2214.71454,1026,,,,,10.5,,1.2,6.7,KCl,,,
2102,23,,30.116,121.511,,,,,temperate,Temperate Broadleaf & Mixed Forests,,,11,22,Bw1,"Haplic Cambisol (eutric, siltic)",cropland,,,,bulk soil,,159.9,11.3,149.8,,1802.540978,1294.040978,508.5,,,,,6.6,,0.7,6.7,KCl,,,
2103,23,,30.116,121.511,,,,,temperate,Temperate Broadleaf & Mixed Forests,,,22,32,Bw2,"Haplic Cambisol (eutric, siltic)",cropland,,,,bulk soil,,122.3,5.2,118.5,,1267.947176,1033.947176,234,,,,,6.2,,0.6,6.7,KCl,,,
2104,23,,30.116,121.511,,,,,temperate,Temperate Broadleaf & Mixed Forests,,,32,50,Bwg1,"Haplic Cambisol (eutric, siltic)",cropland,,,,bulk soil,,65.5,4.6,62.9,,737.4494248,530.4494248,207,,,,,5.3,,0.5,6.7,KCl,,,
2105,23,,30.116,121.511,,,,,temperate,Temperate Broadleaf & Mixed Forests,,,50,70,Bwg2,"Haplic Cambisol (eutric, siltic)",cropland,,,,bulk soil,,39.2,5.2,38.3,,520.0471759,286.0471759,234,,,,,4.6,,0.4,6.7,KCl,,,
2106,23,,30.116,121.511,,,,,temperate,Temperate Broadleaf & Mixed Forests,,,70,100,Bwlg,"Haplic Cambisol (eutric, siltic)",cropland,,,,bulk soil,,35.8,4.7,28,,473.3657167,261.8657167,211.5,,,,,4.4,,0.4,6.7,KCl,,,
2107,23,,30.183,121.145,,,16.57,1283.86,temperate,Temperate Broadleaf & Mixed Forests,,,0,12,Ap1,"Haplic Cambisol (eutric, siltic)",cropland,,,,bulk soil,,401.5,41,318,,4932.179656,3087.179656,1845,,,,,11,,1.4,6,KCl,,,
2108,23,,30.183,121.145,,,16.57,1283.86,temperate,Temperate Broadleaf & Mixed Forests,,,12,17,Ap2,"Haplic Cambisol (eutric, siltic)",cropland,,,,bulk soil,,227.7,17,188,,2596.069614,1831.069614,765,,,,,7.1,,0.9,6,KCl,,,
2109,23,,30.183,121.145,,,16.57,1283.86,temperate,Temperate Broadleaf & Mixed Forests,,,17,23,Bw1,"Haplic Cambisol (eutric, siltic)",cropland,,,,bulk soil,,112.4,6.1,84.8,,1207.793802,933.2938025,274.5,,,,,5.3,,0.5,6,KCl,,,
2110,23,,30.183,121.145,,,16.57,1283.86,temperate,Temperate Broadleaf & Mixed Forests,,,23,45,Bw2,"Haplic Cambisol (eutric, siltic)",cropland,,,,bulk soil,,73,5.4,64.9,,830.6797596,587.6797596,243,,,,,5.3,,0.4,6,KCl,,,
2111,23,,30.183,121.145,,,16.57,1283.86,temperate,Temperate Broadleaf & Mixed Forests,,,45,70,Bwl1,"Haplic Cambisol (eutric, siltic)",cropland,,,,bulk soil,,44.6,3.9,45.9,,526.8353819,351.3353819,175.5,,,,,5.2,,0.4,6,KCl,,,
2112,23,,30.183,121.145,,,16.57,1283.86,temperate,Temperate Broadleaf & Mixed Forests,,,70,100,Bwl2,"Haplic Cambisol (eutric, siltic)",cropland,,,,bulk soil,,25.5,2.4,18.8,,306.6910043,198.6910043,108,,,,,4.8,,0.4,6,KCl,,,
2113,22,,41.78,108.48,,,4.73,205.33,arid,Deserts & Xeric Shrublands,,,0,10,,,grassland,,,,bulk soil,,260.3,25.5,,,3162.85442,2015.35442,1147.5,,,141.5,,,5.3,0.6,,,,,
2114,22,,41.86,111.94,,,4.18,315.28,arid,Deserts & Xeric Shrublands,,,0,10,,,grassland,,,,bulk soil,,686.5,51,,,7818.808841,5523.808841,2295,,,273.3,,,12,1.4,8.62,,0.38,,
2115,22,,46.76,107.97,,,0.12,211.89,arid,"Temperate Grasslands, Savannas & Shrublands",,,0,10,,,grassland,,,,bulk soil,,557.1,65.6,,,7123.78745,4171.78745,2952,,,257.8,,,11.7,0.9,8.24,,0.64,,
2116,22,,41.83,108.29,,,4.73,205.33,arid,Deserts & Xeric Shrublands,,,0,10,,,grassland,,,,bulk soil,,151.9,20,,,2010.358369,1110.358369,900,,,105.5,,,3.7,0.4,7.18,,0.59,,
2117,22,,42.58,112.64,,,5.41,208.69,arid,Deserts & Xeric Shrublands,,,0,10,,,grassland,,,,bulk soil,,196,27.5,,,2648.480257,1410.980257,1237.5,,,128.4,,,4.7,0.6,8.49,,0.36,,
2118,22,,42.2,112.37,,,4.26,221.56,arid,Deserts & Xeric Shrublands,,,0,10,,,grassland,,,,bulk soil,,132,24.5,,,1975.991502,873.4915018,1102.5,,,142.8,,,5.4,0.6,8.57,,0.48,,
2119,22,,43.85,114.05,,,2.31,224.07,arid,"Temperate Grasslands, Savannas & Shrublands",,,0,10,,,grassland,,,,bulk soil,,320.3,53,,,4587.334677,2202.334677,2385,,,164,,,6.5,0.7,8.45,,0.41,,
2120,22,,47.32,107.52,,,-2.24,227.9,arid,"Temperate Grasslands, Savannas & Shrublands",,,0,10,,,grassland,,,,bulk soil,,3094,327,,,38363.27433,23648.27433,14715,,,698.6,,,41.2,3.6,7.92,,0.64,,
2121,22,,48.36,106.22,,,-0.85,260.28,snow,"Temperate Grasslands, Savannas & Shrublands",,,0,10,,,grassland,,,,bulk soil,,1083,99.8,,,12956.85926,8465.85926,4491,,,517.3,,,28.6,2.5,6.91,,0.36,,
2122,22,,43.55,116.67,,,1.93,314.92,snow,"Temperate Grasslands, Savannas & Shrublands",,,0,10,,,grassland,,,,bulk soil,,974.2,60.8,,,10723.30544,7987.305441,2736,,,435.1,,,22.7,1.9,6.65,,0.45,,
2123,22,,44.42,116.78,,,1.1,297.69,snow,"Temperate Grasslands, Savannas & Shrublands",,,0,10,,,grassland,,,,bulk soil,,1103.3,133.8,,,14233.09849,8212.098487,6021,,,380.6,,,19.3,1.7,6.99,,0.38,,
2124,22,,48.81,106.11,,,-1.04,278.82,snow,"Temperate Grasslands, Savannas & Shrublands",,,0,10,,,grassland,,,,bulk soil,,793.5,94.1,,,10168.03063,5933.530625,4234.5,,,329.9,,,16.2,1.4,6.7,,0.1,,
2125,22,,48.21,106.72,,,-0.35,261.36,snow,"Temperate Grasslands, Savannas & Shrublands",,,0,10,,,grassland,,,,bulk soil,,919.6,121.1,,,12171.32942,6721.829423,5449.5,,,617.1,,,33.2,2.5,7.68,,0.41,,
2126,22,,44.44,117.6,,,1.58,343.85,snow,"Temperate Grasslands, Savannas & Shrublands",,,0,10,,,grassland,,,,bulk soil,,2010.2,195.4,,,24376.43426,15583.43426,8793,,,615.5,,,34.9,3.1,7.08,,0.79,,
2127,22,,43.54,116.56,,,1.93,314.92,snow,"Temperate Grasslands, Savannas & Shrublands",,,0,10,,,grassland,,,,bulk soil,,1905.7,176,,,22811.97365,14891.97365,7920,,,669.3,,,39.6,4,6.92,,0.3,,
2128,22,,48.9,106.18,,,-1.04,278.82,snow,"Temperate Grasslands, Savannas & Shrublands",,,0,10,,,grassland,,,,bulk soil,,1085.5,109.9,,,13304.20474,8358.704737,4945.5,,,389.1,,,19.9,1.9,6.53,,0.55,,
2129,22,,44.46,117.41,,,1.94,323.32,snow,"Temperate Grasslands, Savannas & Shrublands",,,0,10,,,grassland,,,,bulk soil,,981.9,113.5,,,12487.59124,7380.091243,5107.5,,,334.7,,,16.5,1.4,7.42,,0.54,,
2130,22,,48.86,106.5,,,-1.04,278.82,snow,"Temperate Grasslands, Savannas & Shrublands",,,0,10,,,grassland,,,,bulk soil,,2262.5,172.7,,,25917.03601,18145.53601,7771.5,,,820.8,,,48.7,4.4,7.88,,0.52,,
2131,22,,49.53,119.67,,,-2.28,359.45,snow,"Temperate Grasslands, Savannas & Shrublands",,,0,10,,,grassland,,,,bulk soil,,854,71.1,,,9972.783501,6773.283501,3199.5,,,418.1,,,21,2.1,7.14,,0.45,,
2132,22,,49.13,120.42,,,-1.96,365.75,snow,"Temperate Grasslands, Savannas & Shrublands",,,0,10,,,grassland,,,,bulk soil,,394.6,36.7,,,4731.779107,3080.279107,1651.5,,,297.8,,,13.8,1.6,7.35,,0.43,,
2133,22,,49.16,106.07,,,-1.31,285.65,snow,"Temperate Grasslands, Savannas & Shrublands",,,0,10,,,grassland,,,,bulk soil,,650.1,51,,,7491.208841,5196.208841,2295,,,364.8,,,18.3,1.4,8.32,,0.21,,
2134,22,,49.37,105.94,,,-0.77,284.22,snow,"Temperate Grasslands, Savannas & Shrublands",,,0,10,,,grassland,,,,bulk soil,,1004.5,117.2,,,12809.99404,7535.994041,5274,,,615.5,,,34.1,2.9,6.52,,0.58,,
2135,22,,49.94,106.31,,,-1,293.69,snow,"Temperate Grasslands, Savannas & Shrublands",,,0,10,,,grassland,,,,bulk soil,,467.9,63.8,,,6263.094197,3392.094197,2871,,,313.1,,,14.9,1.8,6.54,,1.15,,
2136,22,,40.95,111.55,,,7.09,422.18,arid,"Temperate Grasslands, Savannas & Shrublands",,,0,10,,,grassland,,,,bulk soil,,900,84.6,,,10820.9829,7013.9829,3807,,,308.6,,,14.4,1.6,8.24,,0.37,,
2137,22,,49.38,120.03,,,-1.96,365.75,snow,"Temperate Grasslands, Savannas & Shrublands",,,0,10,,,grassland,,,,bulk soil,,888.2,86.2,,,10766.24357,6887.24357,3879,,,388.9,,,19.7,1.6,8.12,,0.37,,
2138,22,,49.52,120.02,,,-1.88,372.53,snow,"Temperate Grasslands, Savannas & Shrublands",,,0,10,,,grassland,,,,bulk soil,,945.2,76,,,10951.1818,7531.181802,3420,,,330.8,,,15.9,1.7,7.54,,0.36,,
2139,22,,48.86,119.76,,,-1.89,360.63,snow,"Temperate Grasslands, Savannas & Shrublands",,,0,10,,,grassland,,,,bulk soil,,712.4,58.8,,,8302.779604,5656.779604,2646,,,338.3,,,16.6,1.3,7.49,,0.42,,
2140,21,,44.2,125.55,,,5.05,554.17,snow,Temperate Broadleaf & Mixed Forests,biochar,NTMS,0,5,,,cropland,,,,bulk soil,,1046.6,54.1,,,11159.41389,8724.913888,2434.5,,,,,,24.39,,,,21,66,13
2141,21,,44.2,125.55,,,5.05,554.17,snow,Temperate Broadleaf & Mixed Forests,biochar,MPMS,0,5,,,cropland,,,,bulk soil,,642.8,40.9,,,7100.663364,5260.163364,1840.5,,,,,,17.55,,,,,,
2142,21,,44.2,125.55,,,5.05,554.17,snow,Temperate Broadleaf & Mixed Forests,biochar,NTMM,0,5,,,cropland,,,,bulk soil,,1011.7,61.5,,,11083.31948,8315.819484,2767.5,,,,,,24.53,,,,,,
2143,21,,44.2,125.55,,,5.05,554.17,snow,Temperate Broadleaf & Mixed Forests,biochar,MPMM,0,5,,,cropland,,,,bulk soil,,648.3,46.5,,,7330.275708,5237.775708,2092.5,,,,,,17.84,,,,,,
2144,21,,44.2,125.55,,,5.05,554.17,snow,Temperate Broadleaf & Mixed Forests,biochar,CTMM,0,5,,,cropland,,,,bulk soil,,630.1,41.3,,,6999.228532,5140.728532,1858.5,,,,,,14.99,,,,,,
2145,21,,44.2,125.55,,,5.05,554.17,snow,Temperate Broadleaf & Mixed Forests,biochar,NTMS,5,10,,,cropland,,,,bulk soil,,658,39.2,,,7182.786403,5418.786403,1764,,,,,,16.36,,,,,,
2146,21,,44.2,125.55,,,5.05,554.17,snow,Temperate Broadleaf & Mixed Forests,biochar,MPMS,5,10,,,cropland,,,,bulk soil,,647.1,40.1,,,7113.633029,5309.133029,1804.5,,,,,,17.87,,,,,,
2147,21,,44.2,125.55,,,5.05,554.17,snow,Temperate Broadleaf & Mixed Forests,biochar,NTMM,5,10,,,cropland,,,,bulk soil,,800.2,56.9,,,9031.870059,6471.370059,2560.5,,,,,,18.94,,,,,,
2148,21,,44.2,125.55,,,5.05,554.17,snow,Temperate Broadleaf & Mixed Forests,biochar,MPMM,5,10,,,cropland,,,,bulk soil,,659.8,45.8,,,7411.261665,5350.261665,2061,,,,,,17.93,,,,,,
2149,21,,44.2,125.55,,,5.05,554.17,snow,Temperate Broadleaf & Mixed Forests,biochar,CTMM,5,10,,,cropland,,,,bulk soil,,622.5,39.7,,,6879.367862,5092.867862,1786.5,,,,,,14.77,,,,,,
2150,21,,44.2,125.55,,,5.05,554.17,snow,Temperate Broadleaf & Mixed Forests,biochar,NTMS,10,20,,,cropland,,,,bulk soil,,525.9,32,,,5762.31339,4322.31339,1440,,,,,,15.2,,,,,,
2151,21,,44.2,125.55,,,5.05,554.17,snow,Temperate Broadleaf & Mixed Forests,biochar,MPMS,10,20,,,cropland,,,,bulk soil,,624.5,37.3,,,6820.176858,5141.676858,1678.5,,,,,,16.1,,,,,,
2152,21,,44.2,125.55,,,5.05,554.17,snow,Temperate Broadleaf & Mixed Forests,biochar,NTMM,10,20,,,cropland,,,,bulk soil,,560.2,37.3,,,6241.476858,4562.976858,1678.5,,,,,,16.23,,,,,,
2153,21,,44.2,125.55,,,5.05,554.17,snow,Temperate Broadleaf & Mixed Forests,biochar,MPMM,10,20,,,cropland,,,,bulk soil,,631.3,41.1,,,7003.595948,5154.095948,1849.5,,,,,,16.32,,,,,,
2154,21,,44.2,125.55,,,5.05,554.17,snow,Temperate Broadleaf & Mixed Forests,biochar,CTMM,10,20,,,cropland,,,,bulk soil,,506.9,30.7,,,5549.501596,4168.001596,1381.5,,,,,,14.41,,,,,,
2155,20,,43.36,124.4,,65,7.05,614.81,snow,Temperate Broadleaf & Mixed Forests,,,0,20,,Typic Hapludolls,cropland,,,,bulk soil,,708,43,251,,7755.005493,5820.005493,1935,,,,10.65,,12.51,1.52,,,,,
2156,19,,44.32,125.42,,221,5.44,548.57,snow,Temperate Broadleaf & Mixed Forests,,,0,5,,Typic Hapludolls,cropland,,,,bulk soil,,429,89,150,,6723.499741,2718.499741,4005,,,,,,16.3,1.39,6.5,,,,
2157,19,,44.32,125.42,,221,5.44,548.57,snow,Temperate Broadleaf & Mixed Forests,,,0,5,,Typic Hapludolls,cropland,,,,bulk soil,,871,120,301,,11698.55021,6298.550213,5400,,,,,,16.3,1.39,6.5,,,,
2158,19,,44.32,125.42,,221,5.44,548.57,snow,Temperate Broadleaf & Mixed Forests,,,43961,,,Typic Hapludolls,cropland,,,,bulk soil,,441,74,173,,6349.055965,3019.055965,3330,,,,,,16.3,1.39,6.5,,,,
2159,19,,44.32,125.42,,221,5.44,548.57,snow,Temperate Broadleaf & Mixed Forests,,,43961,,,Typic Hapludolls,cropland,,,,bulk soil,,717,119,280,,10280.38729,4925.387295,5355,,,,,,16.3,1.39,6.5,,,,
2160,19,,44.32,125.42,,221,5.44,548.57,snow,Temperate Broadleaf & Mixed Forests,,,44124,,,Typic Hapludolls,cropland,,,,bulk soil,,393,77,171,,6013.54472,2548.54472,3465,,,,,,16.3,1.39,6.5,,,,
2161,19,,44.32,125.42,,221,5.44,548.57,snow,Temperate Broadleaf & Mixed Forests,,,44124,,,Typic Hapludolls,cropland,,,,bulk soil,,644,108,269,,9269.595192,4409.595192,4860,,,,,,16.3,1.39,6.5,,,,
2162,18,,43.3,124.49,,65,7.05,614.81,snow,Temperate Broadleaf & Mixed Forests,nitrogen,,0,20,,Typic Hapludolls,cropland,,,,bulk soil,,769,51,553,,8561.308841,6266.308841,2295,,,,,,16.15,1.51,6.1,,22.2,50.1,27.7
2163,17,Data from Wang et al. 2021 (https://doi.org/10.1016/j.soilbio.2021.108422),42.33,127.92,,780,3.37,795.21,snow,Temperate Broadleaf & Mixed Forests,,,0,5,,Alfisol,forest,,,,bulk soil,,6982.75617,271.035556,,,71562.10001,59365.49999,12196.60002,,,5060.25,,,141.07,,7.15,,27.6,38.6,33.8
2164,17,Data from Wang et al. 2021 (https://doi.org/10.1016/j.soilbio.2021.108422),42.33,127.92,,780,3.37,795.21,snow,Temperate Broadleaf & Mixed Forests,,,0,5,,Alfisol,forest,,,,bulk soil,,8166.92677,301.317778,,,83193.60005,69634.30004,13559.30001,,,5839.7,,,156.16,,,,,,
2165,17,Data from Wang et al. 2021 (https://doi.org/10.1016/j.soilbio.2021.108422),42.33,127.92,,780,3.37,795.21,snow,Temperate Broadleaf & Mixed Forests,,,0,5,,Alfisol,forest,,,,bulk soil,,8654.46457,302.871111,,,87631.39997,74002.19998,13629.2,,,6289.61,,,155.34,,,,,,
2166,17,Data from Wang et al. 2021 (https://doi.org/10.1016/j.soilbio.2021.108422),42.33,127.92,,780,3.37,795.21,snow,Temperate Broadleaf & Mixed Forests,,,0,5,,Alfisol,forest,,,,bulk soil,,8852.07226,315.8,,,89825.69998,75614.69998,14211,,,6091.99,,,157.57,,,,,,
2167,17,Data from Wang et al. 2021 (https://doi.org/10.1016/j.soilbio.2021.108422),42.33,127.92,,780,3.37,795.21,snow,Temperate Broadleaf & Mixed Forests,,,0,5,,Alfisol,forest,,,,bulk soil,,7176.2466,302.391111,,,74312.00004,60704.40005,13607.6,,,5144.43,,,143.36,,,,,,
2168,17,Data from Wang et al. 2021 (https://doi.org/10.1016/j.soilbio.2021.108422),42.33,127.92,,780,3.37,795.21,snow,Temperate Broadleaf & Mixed Forests,,,5,15,,Alfisol,forest,,,,bulk soil,,3952.98534,200.409111,,,42022.60995,33004.19996,9018.409995,,,2946.55,,,129.05,,,,,,
2169,17,Data from Wang et al. 2021 (https://doi.org/10.1016/j.soilbio.2021.108422),42.33,127.92,,780,3.37,795.21,snow,Temperate Broadleaf & Mixed Forests,,,5,15,,Alfisol,forest,,,,bulk soil,,5415.57493,272.591111,,,57507.50004,45240.90005,12266.6,,,3726.13,,,157.11,,,,,,
2170,17,Data from Wang et al. 2021 (https://doi.org/10.1016/j.soilbio.2021.108422),42.33,127.92,,780,3.37,795.21,snow,Temperate Broadleaf & Mixed Forests,,,5,15,,Alfisol,forest,,,,bulk soil,,5771.88417,274.14,,,60764.09999,48427.79999,12336.3,,,4244.48,,,180.9,,,,,,
2171,17,Data from Wang et al. 2021 (https://doi.org/10.1016/j.soilbio.2021.108422),42.33,127.92,,780,3.37,795.21,snow,Temperate Broadleaf & Mixed Forests,,,5,15,,Alfisol,forest,,,,bulk soil,,5848.38672,278.691111,,,61598.99995,49057.89996,12541.1,,,4228.48,,,183.39,,,,,,
2172,17,Data from Wang et al. 2021 (https://doi.org/10.1016/j.soilbio.2021.108422),42.33,127.92,,780,3.37,795.21,snow,Temperate Broadleaf & Mixed Forests,,,5,15,,Alfisol,forest,,,,bulk soil,,5782.63838,275.455556,,,60903.2,48507.69998,12395.50002,,,4337.54,,,201.42,,,,,,
2173,16,,40.49,123.35,,157,8.48,986.84,snow,Temperate Broadleaf & Mixed Forests,,,0,10,,,forest,,,,bulk soil,,1096,81,,,12469.19639,8824.196394,3645,,,,,33.32,,,4.25,,11.5,,
2174,16,,40.49,123.35,,157,8.48,986.84,snow,Temperate Broadleaf & Mixed Forests,,,0,10,,,forest,,,,bulk soil,,493,28,,,5337.561716,4077.561716,1260,,,,,18.77,,,5.25,,,,
2175,16,,40.49,123.35,,157,8.48,986.84,snow,Temperate Broadleaf & Mixed Forests,,,0,10,,,forest,,,,bulk soil,,2192,133,,,24005.66815,18020.66815,5985,,,,,58.01,,,5.46,,,,
2176,16,,40.49,123.35,,157,8.48,986.84,snow,Temperate Broadleaf & Mixed Forests,,,0,10,,,forest,,,,bulk soil,,1248,65,,,13322.5897,10397.5897,2925,,,,,27.38,,,5.03,,,,
2177,16,,40.49,123.35,,157,8.48,986.84,snow,Temperate Broadleaf & Mixed Forests,,,0,10,,,forest,,,,bulk soil,,1977,141,,,22327.9715,15982.9715,6345,,,,,50.62,,,5.06,,,,
2178,16,,40.49,123.35,,157,8.48,986.84,snow,Temperate Broadleaf & Mixed Forests,,,0,10,,,forest,,,,bulk soil,,1327,60,,,13872.77511,11172.77511,2700,,,,,26.88,,,4.56,,,,
2179,16,,40.49,123.35,,157,8.48,986.84,snow,Temperate Broadleaf & Mixed Forests,,,0,10,,,forest,,,,aggregate,>2mm,490,28,,,5310.561716,4050.561716,1260,,,,,20.96,,,4.64,,,,
2180,16,,40.49,123.35,,157,8.48,986.84,snow,Temperate Broadleaf & Mixed Forests,,,0,10,,,forest,,,,aggregate,>2mm,1202,54,,,12554.7976,10124.7976,2430,,,,,23.01,,,5.46,,,,
2181,16,,40.49,123.35,,157,8.48,986.84,snow,Temperate Broadleaf & Mixed Forests,,,0,10,,,forest,,,,aggregate,0.250-2mm,544,27,,,5764.398798,4549.398798,1215,,,,,20.8,,,4.85,,,,
2182,16,,40.49,123.35,,157,8.48,986.84,snow,Temperate Broadleaf & Mixed Forests,,,0,10,,,forest,,,,aggregate,0.250-2mm,1271,60,,,13368.77511,10668.77511,2700,,,,,23.02,,,5.46,,,,
2183,16,,40.49,123.35,,157,8.48,986.84,snow,Temperate Broadleaf & Mixed Forests,,,0,10,,,forest,,,,aggregate,0.002-0.250mm,509,29,,,5513.724635,4208.724635,1305,,,,,20.39,,,4.85,,,,
2184,16,,40.49,123.35,,157,8.48,986.84,snow,Temperate Broadleaf & Mixed Forests,,,0,10,,,forest,,,,aggregate,0.002-0.250mm,1395,70,,,14806.40429,11656.40429,3150,,,,,29,,,5.46,,,,
2185,15,,42.42,128.27,,750,1.76,764.26,snow,Temperate Broadleaf & Mixed Forests,fertilizer,CT,0,20,,,forest,,,,bulk soil,,528.5,39.5,,,6026.935278,4249.435278,1777.5,,,,,,,,4.08,,,,
2186,15,,42.42,128.27,,750,1.76,764.26,snow,Temperate Broadleaf & Mixed Forests,fertilizer,N,0,20,,,forest,,,,bulk soil,,653.4,47.5,,,7408.338626,5270.838626,2137.5,,,,,,,,5.3,,,,
2187,15,,42.42,128.27,,750,1.76,764.26,snow,Temperate Broadleaf & Mixed Forests,fertilizer,P,0,20,,,forest,,,,bulk soil,,881.3,63.8,,,9983.694197,7112.694197,2871,,,,,,,,5.2,,,,
2188,15,,42.42,128.27,,750,1.76,764.26,snow,Temperate Broadleaf & Mixed Forests,fertilizer,NP,0,20,,,forest,,,,bulk soil,,880,61.9,,,9910.884652,7125.384652,2785.5,,,,,,,,4.8,,,,
2189,14,,23.1,112.1,,125,20.99,1653.52,temperate,Tropical & Subtropical Moist Broadleaf Forests,fertilizer,CT-0week,0,10,,Oxisols,forest,,,,bulk soil,,640,122.861,,,9711.568323,4182.823323,5528.745,,,,,,43.8,,5.6,,42,35.6,
2190,14,,23.1,112.1,,125,20.99,1653.52,temperate,Tropical & Subtropical Moist Broadleaf Forests,fertilizer,0.1mg N /g soil-0week,0,10,,Oxisols,forest,,,,bulk soil,,1455.94,84.6535,,,15826.16362,12016.75612,3809.4075,,,,,,42.5,3.08,,,41.3,32.8,26
2191,14,,23.1,112.1,,125,20.99,1653.52,temperate,Tropical & Subtropical Moist Broadleaf Forests,fertilizer,0.5mg N /g soil-0week,0,10,,Oxisols,forest,,,,bulk soil,,1456.47,84.6535,,,15830.93362,12021.52612,3809.4075,,,,,,42.5,3.08,,,29.3,33,37.8
2192,14,,23.1,112.1,,125,20.99,1653.52,temperate,Tropical & Subtropical Moist Broadleaf Forests,fertilizer,CT-1week,0,10,,Oxisols,forest,,,,bulk soil,,1447.06,84.6535,,,15746.24362,11936.83612,3809.4075,,,,,,42.5,3.08,,,29.3,33,37.8
2193,14,,23.1,112.1,,125,20.99,1653.52,temperate,Tropical & Subtropical Moist Broadleaf Forests,fertilizer,0.1mg N /g soil-1week,0,10,,Oxisols,forest,,,,bulk soil,,1457.91,89.8515,,,16011.07647,11967.75897,4043.3175,,,,,,42.5,3.08,,,29.3,33,37.8
2194,14,,23.1,112.1,,125,20.99,1653.52,temperate,Tropical & Subtropical Moist Broadleaf Forests,fertilizer,0.5mg N /g soil-1week,0,10,,Oxisols,forest,,,,bulk soil,,1547.54,83.1683,,,16602.79525,12860.22175,3742.5735,,,,,,42.5,3.08,,,29.3,33,37.8
2195,14,,23.1,112.1,,125,20.99,1653.52,temperate,Tropical & Subtropical Moist Broadleaf Forests,fertilizer,CT-2week,0,10,,Oxisols,forest,,,,bulk soil,,1637.17,109.901,,,18269.2669,13323.7219,4945.545,,,,,,42.5,3.08,,,29.3,33,37.8
2196,14,,23.1,112.1,,125,20.99,1653.52,temperate,Tropical & Subtropical Moist Broadleaf Forests,fertilizer,0.1mg N /g soil-2week,0,10,,Oxisols,forest,,,,bulk soil,,1529.21,75.7426,,,16198.99307,12790.57607,3408.417,,,,,,42.5,3.08,,,29.3,33,37.8
2197,14,,23.1,112.1,,125,20.99,1653.52,temperate,Tropical & Subtropical Moist Broadleaf Forests,fertilizer,0.5mg N /g soil-2week,0,10,,Oxisols,forest,,,,bulk soil,,1519.83,84.6535,,,16401.17362,12591.76612,3809.4075,,,,,,42.5,3.08,,,29.3,33,37.8
2198,14,,23.1,112.1,,125,20.99,1653.52,temperate,Tropical & Subtropical Moist Broadleaf Forests,fertilizer,CT-4week,0,10,,Oxisols,forest,,,,bulk soil,,1500.5,86.8812,,,16298.85295,12389.19895,3909.654,,,,,,42.5,3.08,,,29.3,33,37.8
2199,14,,23.1,112.1,,125,20.99,1653.52,temperate,Tropical & Subtropical Moist Broadleaf Forests,fertilizer,0.1mg N /g soil-4week,0,10,,Oxisols,forest,,,,bulk soil,,1541.05,89.1089,,,16735.45228,12725.55178,4009.9005,,,,,,42.5,3.08,,,29.3,33,37.8
2200,14,,23.1,112.1,,125,20.99,1653.52,temperate,Tropical & Subtropical Moist Broadleaf Forests,fertilizer,0.5mg N /g soil-4week,0,10,,Oxisols,forest,,,,bulk soil,,1581.2,95.0495,,,17287.86932,13010.64182,4277.2275,,,,,,42.5,3.08,,,29.3,33,37.8
2201,14,,23.1,112.1,,125,20.99,1653.52,temperate,Tropical & Subtropical Moist Broadleaf Forests,fertilizer,CT-4week,0,10,,Oxisols,forest,,,,bulk soil,,1522.31,100.99,,,16948.92313,12404.37313,4544.55,,,,,,42.5,3.08,,,29.3,33,37.8
2202,14,,23.1,112.1,,125,20.99,1653.52,temperate,Tropical & Subtropical Moist Broadleaf Forests,fertilizer,0.1mg N /g soil-8week,0,10,,Oxisols,forest,,,,bulk soil,,1107.39,60.1485,,,11901.0613,9194.3788,2706.6825,,,,,,42.5,3.08,,,29.3,33,37.8
2203,14,,23.1,112.1,,125,20.99,1653.52,temperate,Tropical & Subtropical Moist Broadleaf Forests,fertilizer,0.5mg N /g soil-8week,0,10,,Oxisols,forest,,,,bulk soil,,1335.64,74.25,,,14408.85669,11067.60669,3341.25,,,,,,42.5,3.08,,,29.3,33,37.8
2204,13,,23.1,112.1,,125,20.99,1653.52,temperate,Tropical & Subtropical Moist Broadleaf Forests,,,0,20,,,forest,,,,bulk soil,,1090,63,275,,11836.26386,9001.263862,2835,,,,,27.69,,,3.55,,29.3,,
2205,13,,23.1,112.1,,125,20.99,1653.52,temperate,Tropical & Subtropical Moist Broadleaf Forests,,,0,20,,,forest,,,,bulk soil,,1090,63,277,,11836.26386,9001.263862,2835,,,,,27.69,,,3.77,,29.3,,
2206,13,,23.1,112.1,,325,20.99,1653.52,temperate,Tropical & Subtropical Moist Broadleaf Forests,,,0,20,,,forest,,,,bulk soil,,1157,79,413,,12953.87056,9398.870557,3555,,,,,33.52,,,3.77,,29.3,,
2207,13,,23.1,112.1,,325,20.99,1653.52,temperate,Tropical & Subtropical Moist Broadleaf Forests,,,0,20,,,forest,,,,bulk soil,,1151,82,421,,12996.35931,9306.359312,3690,,,,,33.52,,,3.55,,29.3,,
2208,13,,23.1,112.1,,125,20.99,1653.52,temperate,Tropical & Subtropical Moist Broadleaf Forests,,,0,20,,,forest,,,,bulk soil,,1238,106,301,,14551.26935,9781.269355,4770,,,,,26.51,,,3.55,,29.3,,
2209,13,,23.1,112.1,,125,20.99,1653.52,temperate,Tropical & Subtropical Moist Broadleaf Forests,,,0,20,,,forest,,,,bulk soil,,1191,95,310,,13774.47725,9499.477252,4275,,,,,27.02,,,3.77,,29.3,,
2210,13,,23.1,112.1,,325,20.99,1653.52,temperate,Tropical & Subtropical Moist Broadleaf Forests,,,0,20,,,forest,,,,bulk soil,,1733,170,448,,21064.69614,13414.69614,7650,,,,,34.36,,,3.77,,29.3,,
2211,13,,23.1,112.1,,325,20.99,1653.52,temperate,Tropical & Subtropical Moist Broadleaf Forests,,,0,20,,,forest,,,,bulk soil,,1667,156,566,,20020.41528,13000.41528,7020,,,,,35.71,,,3.55,,29.3,,
2212,13,,23.1,112.1,,125,20.99,1653.52,temperate,Tropical & Subtropical Moist Broadleaf Forests,,,0,20,,,forest,,,,bulk soil,,1183,96,336,,13734.64017,9414.64017,4320,,,,,26.09,,,3.55,,29.3,,
2213,13,,23.1,112.1,,125,20.99,1653.52,temperate,Tropical & Subtropical Moist Broadleaf Forests,,,0,20,,,forest,,,,bulk soil,,1136,90,310,,13118.66266,9068.66266,4050,,,,,27.1,,,3.77,,29.3,,
2214,13,,23.1,112.1,,325,20.99,1653.52,temperate,Tropical & Subtropical Moist Broadleaf Forests,,,0,20,,,forest,,,,bulk soil,,1713,195,524,,21688.7691,12913.7691,8775,,,,,37.06,,,3.77,,29.3,,
2215,13,,23.1,112.1,,325,20.99,1653.52,temperate,Tropical & Subtropical Moist Broadleaf Forests,,,0,20,,,forest,,,,bulk soil,,1681,168,480,,20532.3703,12972.3703,7560,,,,,37.4,,,3.55,,29.3,,
2216,13,,23.1,112.1,,125,20.99,1653.52,temperate,Tropical & Subtropical Moist Broadleaf Forests,,,0,20,,,forest,,,,bulk soil,,881,49,297,,9504.983004,7299.983004,2205,,,,,28.54,,,3.55,,29.3,,
2217,13,,23.1,112.1,,125,20.99,1653.52,temperate,Tropical & Subtropical Moist Broadleaf Forests,,,0,20,,,forest,,,,bulk soil,,861,50,287,,9357.145922,7107.145922,2250,,,,,26.76,,,3.77,,29.3,,
2218,13,,23.1,112.1,,325,20.99,1653.52,temperate,Tropical & Subtropical Moist Broadleaf Forests,,,0,20,,,forest,,,,bulk soil,,1252,84,526,,13969.68515,10189.68515,3780,,,,,36.73,,,3.77,,29.3,,
2219,13,,23.1,112.1,,325,20.99,1653.52,temperate,Tropical & Subtropical Moist Broadleaf Forests,,,0,20,,,forest,,,,bulk soil,,1281,85,533,,14262.84807,10437.84807,3825,,,,,36.47,,,3.55,,29.3,,
2220,13,,23.1,112.1,,125,20.99,1653.52,temperate,Tropical & Subtropical Moist Broadleaf Forests,,,0,20,,,forest,,,,bulk soil,,843,48,323,,9130.820085,6970.820085,2160,,,,,26.43,,,3.55,,29.3,,
2221,13,,23.1,112.1,,125,20.99,1653.52,temperate,Tropical & Subtropical Moist Broadleaf Forests,,,0,20,,,forest,,,,bulk soil,,864,50,311,,9384.145922,7134.145922,2250,,,,,26.85,,,3.77,,29.3,,
2222,13,,23.1,112.1,,325,20.99,1653.52,temperate,Tropical & Subtropical Moist Broadleaf Forests,,,0,20,,,forest,,,,bulk soil,,1258,72,430,,13637.73013,10397.73013,3240,,,,,36.56,,,3.77,,29.3,,
2223,13,,23.1,112.1,,325,20.99,1653.52,temperate,Tropical & Subtropical Moist Broadleaf Forests,,,0,20,,,forest,,,,bulk soil,,1258,84,378,,14023.68515,10243.68515,3780,,,,,37.06,,,3.55,,29.3,,
2224,13,,23.1,112.1,,125,20.99,1653.52,temperate,Tropical & Subtropical Moist Broadleaf Forests,,,0,20,,,forest,,,,bulk soil,,843,47,243,,9098.657167,6983.657167,2115,,,,,26.68,,,3.55,,29.3,,
2225,13,,23.1,112.1,,125,20.99,1653.52,temperate,Tropical & Subtropical Moist Broadleaf Forests,,,0,20,,,forest,,,,bulk soil,,887,44,295,,9398.168411,7418.168411,1980,,,,,29.3,,,3.77,,29.3,,
2226,13,,23.1,112.1,,325,20.99,1653.52,temperate,Tropical & Subtropical Moist Broadleaf Forests,,,0,20,,,forest,,,,bulk soil,,1255,87,421,,14093.1739,10178.1739,3915,,,,,36.39,,,3.77,,29.3,,
2227,13,,23.1,112.1,,325,20.99,1653.52,temperate,Tropical & Subtropical Moist Broadleaf Forests,,,0,20,,,forest,,,,bulk soil,,1243,82,413,,13824.35931,10134.35931,3690,,,,,35.97,,,3.55,,29.3,,
2228,12,,42.217,-82.733,,,9.17,855.76,snow,Temperate Broadleaf & Mixed Forests,,,0,20,,,cropland,,,,bulk soil,,934.9,106.6,,,11842.66711,7045.667106,4797,4797,7045.44,,,19.1,,2.1,,,,,
2229,12,,42.383,128.083,,,1.76,764.26,snow,Temperate Broadleaf & Mixed Forests,,,0,20,,,forest,,,,bulk soil,,7204.82,412.54,,,78111.87037,59547.57037,18564.3,18564.2,59546.7,,,171.05,,11.5,,,37,,
2230,12,,42.15,128.15,,,1.76,764.26,snow,Temperate Broadleaf & Mixed Forests,,,0,20,,,forest,,,,bulk soil,,2441.4,108.34,,,25457.13058,20581.83058,4875.3,4875.19,20581.67,,,59.63,,3.1,5.1,,,,
2231,12,,41.067,128.067,,,1.19,571.35,snow,Temperate Broadleaf & Mixed Forests,,,0,20,,,forest,,,,bulk soil,,2956.69,111.93,,,30210.20546,25173.35546,5036.85,5036.92,25173.07,,,96.53,,4.55,4.57,,,,
2232,12,,41.05,128.067,,,1.19,571.35,snow,Temperate Broadleaf & Mixed Forests,,,0,20,,,forest,,,,bulk soil,,2698.75,122.71,,,28235.46172,22713.51172,5521.95,5521.78,22713.29,,,65.39,,4.25,3.95,,,,
2233,11,,43.19,124.14,"lat-lon of Lishu, Jilin, China",138,7.05,614.81,snow,Temperate Broadleaf & Mixed Forests,,,0,20,,,cropland,,,,aggregate,>2mm,607,33,331,,6524.376309,5039.376309,1485,,,,,,13.32,1.2,7.1,,27.54,47.65,24.81
2234,11,,43.19,124.14,"lat-lon of Lishu, Jilin, China",138,7.05,614.81,snow,Temperate Broadleaf & Mixed Forests,,,0,20,,,cropland,,,,aggregate,>2mm,547,28,311,,5823.561716,4563.561716,1260,,,,,,13.46,1.2,7.1,,27.54,47.65,24.81
2235,11,,43.19,124.14,"lat-lon of Lishu, Jilin, China",138,7.05,614.81,snow,Temperate Broadleaf & Mixed Forests,,,0,20,,,cropland,,,,aggregate,>2mm,683,33,376,,7208.376309,5723.376309,1485,,,,,,16.73,1.2,7.1,,27.54,47.65,24.81
2236,11,,43.19,124.14,"lat-lon of Lishu, Jilin, China",138,7.05,614.81,snow,Temperate Broadleaf & Mixed Forests,,,0,20,,,cropland,,,,aggregate,0.250-2mm,577,42,330,,6543.842575,4653.842575,1890,,,,,,13.37,1.2,7.1,,27.54,47.65,24.81
2237,11,,43.19,124.14,"lat-lon of Lishu, Jilin, China",138,7.05,614.81,snow,Temperate Broadleaf & Mixed Forests,,,0,20,,,cropland,,,,aggregate,0.250-2mm,563,33,330,,6128.376309,4643.376309,1485,,,,,,12.88,1.2,7.1,,27.54,47.65,24.81
2238,11,,43.19,124.14,"lat-lon of Lishu, Jilin, China",138,7.05,614.81,snow,Temperate Broadleaf & Mixed Forests,,,0,20,,,cropland,,,,aggregate,0.250-2mm,803,45,434,,8674.33133,6649.33133,2025,,,,,,18.11,1.2,7.1,,27.54,47.65,24.81
2239,11,,43.19,124.14,"lat-lon of Lishu, Jilin, China",138,7.05,614.81,snow,Temperate Broadleaf & Mixed Forests,,,0,20,,,cropland,,,,aggregate,<0.250mm,544,33,302,,5957.376309,4472.376309,1485,,,,,,12.03,1.2,7.1,,27.54,47.65,24.81
2240,11,,43.19,124.14,"lat-lon of Lishu, Jilin, China",138,7.05,614.81,snow,Temperate Broadleaf & Mixed Forests,,,0,20,,,cropland,,,,aggregate,<0.250mm,522,35,315,,5823.702145,4248.702145,1575,,,,,,11.89,1.2,7.1,,27.54,47.65,24.81
2241,11,,43.19,124.14,"lat-lon of Lishu, Jilin, China",138,7.05,614.81,snow,Temperate Broadleaf & Mixed Forests,,,0,20,,,cropland,,,,aggregate,<0.250mm,751,38,391,,7981.190901,6271.190901,1710,,,,,,17.04,1.2,7.1,,27.54,47.65,24.81
2242,11,,43.19,124.14,"lat-lon of Lishu, Jilin, China",138,7.05,614.81,snow,Temperate Broadleaf & Mixed Forests,,,0,20,,,cropland,,,,aggregate,<0.250mm,493,35,256,,5562.702145,3987.702145,1575,,,,,,11.87,1.2,7.1,,27.54,47.65,24.81
2243,11,,43.19,124.14,"lat-lon of Lishu, Jilin, China",138,7.05,614.81,snow,Temperate Broadleaf & Mixed Forests,,,0,20,,,cropland,,,,aggregate,<0.250mm,463,35,274,,5292.702145,3717.702145,1575,,,,,,11.52,1.2,7.1,,27.54,47.65,24.81
2244,11,,43.19,124.14,"lat-lon of Lishu, Jilin, China",138,7.05,614.81,snow,Temperate Broadleaf & Mixed Forests,,,0,20,,,cropland,,,,aggregate,<0.250mm,588,35,320,,6417.702145,4842.702145,1575,,,,,,14.93,1.2,7.1,,27.54,47.65,24.81
2245,11,,43.19,124.14,"lat-lon of Lishu, Jilin, China",138,7.05,614.81,snow,Temperate Broadleaf & Mixed Forests,,,0,20,,,cropland,,,,aggregate,>2mm,561,26,286,,5885.235879,4715.235879,1170,,,,,,12.61,1.2,7.1,,27.54,47.65,24.81
2246,11,,43.19,124.14,"lat-lon of Lishu, Jilin, China",138,7.05,614.81,snow,Temperate Broadleaf & Mixed Forests,,,0,20,,,cropland,,,,aggregate,>2mm,525,38,295,,5947.190901,4237.190901,1710,,,,,,12.18,1.2,7.1,,27.54,47.65,24.81
2247,11,,43.19,124.14,"lat-lon of Lishu, Jilin, China",138,7.05,614.81,snow,Temperate Broadleaf & Mixed Forests,,,0,20,,,cropland,,,,aggregate,>2mm,506,29,290,,5486.724635,4181.724635,1305,,,,,,14.13,1.2,7.1,,27.54,47.65,24.81
2248,11,,43.19,124.14,"lat-lon of Lishu, Jilin, China",138,7.05,614.81,snow,Temperate Broadleaf & Mixed Forests,,,0,20,,,cropland,,,,aggregate,0.250-2mm,563,36,282,,6224.865064,4604.865064,1620,,,,,,12.8,1.2,7.1,,27.54,47.65,24.81
2249,11,,43.19,124.14,"lat-lon of Lishu, Jilin, China",138,7.05,614.81,snow,Temperate Broadleaf & Mixed Forests,,,0,20,,,cropland,,,,aggregate,0.250-2mm,503,35,278,,5652.702145,4077.702145,1575,,,,,,12.09,1.2,7.1,,27.54,47.65,24.81
2250,11,,43.19,124.14,"lat-lon of Lishu, Jilin, China",138,7.05,614.81,snow,Temperate Broadleaf & Mixed Forests,,,0,20,,,cropland,,,,aggregate,0.250-2mm,522,32,298,,5727.21339,4287.21339,1440,,,,,,13.77,1.2,7.1,,27.54,47.65,24.81
2251,11,,43.19,124.14,"lat-lon of Lishu, Jilin, China",138,7.05,614.81,snow,Temperate Broadleaf & Mixed Forests,,,0,20,,,cropland,,,,aggregate,<0.250mm,522,26,278,,5534.235879,4364.235879,1170,,,,,,11.32,1.2,7.1,,27.54,47.65,24.81
2252,11,,43.19,124.14,"lat-lon of Lishu, Jilin, China",138,7.05,614.81,snow,Temperate Broadleaf & Mixed Forests,,,0,20,,,cropland,,,,aggregate,<0.250mm,487,32,278,,5412.21339,3972.21339,1440,,,,,,11.17,1.2,7.1,,27.54,47.65,24.81
2253,11,,43.19,124.14,"lat-lon of Lishu, Jilin, China",138,7.05,614.81,snow,Temperate Broadleaf & Mixed Forests,,,0,20,,,cropland,,,,aggregate,<0.250mm,452,28,261,,4968.561716,3708.561716,1260,,,,,,12.14,1.2,7.1,,27.54,47.65,24.81
2254,11,,43.19,124.14,"lat-lon of Lishu, Jilin, China",138,7.05,614.81,snow,Temperate Broadleaf & Mixed Forests,,,0,20,,,cropland,,,,aggregate,<0.250mm,498,31,268,,5479.050472,4084.050472,1395,,,,,,12.06,1.2,7.1,,27.54,47.65,24.81
2255,11,,43.19,124.14,"lat-lon of Lishu, Jilin, China",138,7.05,614.81,snow,Temperate Broadleaf & Mixed Forests,,,0,20,,,cropland,,,,aggregate,<0.250mm,465,31,272,,5182.050472,3787.050472,1395,,,,,,11.78,1.2,7.1,,27.54,47.65,24.81
2256,11,,43.19,124.14,"lat-lon of Lishu, Jilin, China",138,7.05,614.81,snow,Temperate Broadleaf & Mixed Forests,,,0,20,,,cropland,,,,aggregate,<0.250mm,487,28,319,,5283.561716,4023.561716,1260,,,,,,13.17,1.2,7.1,,27.54,47.65,24.81
2257,11,,43.19,124.14,"lat-lon of Lishu, Jilin, China",138,7.05,614.81,snow,Temperate Broadleaf & Mixed Forests,,,0,20,,,cropland,,,,aggregate,>2mm,503,37,289,,5717.027982,4052.027982,1665,,,,,,11.68,1.2,7.1,,27.54,47.65,24.81
2258,11,,43.19,124.14,"lat-lon of Lishu, Jilin, China",138,7.05,614.81,snow,Temperate Broadleaf & Mixed Forests,,,0,20,,,cropland,,,,aggregate,>2mm,498,29,283,,5414.724635,4109.724635,1305,,,,,,11.95,1.2,7.1,,27.54,47.65,24.81
2259,11,,43.19,124.14,"lat-lon of Lishu, Jilin, China",138,7.05,614.81,snow,Temperate Broadleaf & Mixed Forests,,,0,20,,,cropland,,,,aggregate,>2mm,446,35,245,,5139.702145,3564.702145,1575,,,,,,13.21,1.2,7.1,,27.54,47.65,24.81
2260,11,,43.19,124.14,"lat-lon of Lishu, Jilin, China",138,7.05,614.81,snow,Temperate Broadleaf & Mixed Forests,,,0,20,,,cropland,,,,aggregate,0.250-2mm,479,32,270,,5340.21339,3900.21339,1440,,,,,,11.8,1.2,7.1,,27.54,47.65,24.81
2261,11,,43.19,124.14,"lat-lon of Lishu, Jilin, China",138,7.05,614.81,snow,Temperate Broadleaf & Mixed Forests,,,0,20,,,cropland,,,,aggregate,0.250-2mm,509,33,292,,5642.376309,4157.376309,1485,,,,,,12.01,1.2,7.1,,27.54,47.65,24.81
2262,11,,43.19,124.14,"lat-lon of Lishu, Jilin, China",138,7.05,614.81,snow,Temperate Broadleaf & Mixed Forests,,,0,20,,,cropland,,,,aggregate,0.250-2mm,435,30,264,,4879.887553,3529.887553,1350,,,,,,12.49,1.2,7.1,,27.54,47.65,24.81
2263,11,,43.19,124.14,"lat-lon of Lishu, Jilin, China",138,7.05,614.81,snow,Temperate Broadleaf & Mixed Forests,,,0,20,,,cropland,,,,aggregate,<0.250mm,460,36,253,,5297.865064,3677.865064,1620,,,,,,10.6,1.2,7.1,,27.54,47.65,24.81
2264,11,,43.19,124.14,"lat-lon of Lishu, Jilin, China",138,7.05,614.81,snow,Temperate Broadleaf & Mixed Forests,,,0,20,,,cropland,,,,aggregate,<0.250mm,479,30,269,,5275.887553,3925.887553,1350,,,,,,10.59,1.2,7.1,,27.54,47.65,24.81
2265,11,,43.19,124.14,"lat-lon of Lishu, Jilin, China",138,7.05,614.81,snow,Temperate Broadleaf & Mixed Forests,,,0,20,,,cropland,,,,aggregate,<0.250mm,435,30,264,,4879.887553,3529.887553,1350,,,,,,11.7,1.2,7.1,,27.54,47.65,24.81
2266,11,,43.19,124.14,"lat-lon of Lishu, Jilin, China",138,7.05,614.81,snow,Temperate Broadleaf & Mixed Forests,,,0,20,,,cropland,,,,aggregate,<0.250mm,471,30,267,,5203.887553,3853.887553,1350,,,,,,11.14,1.2,7.1,,27.54,47.65,24.81
2267,11,,43.19,124.14,"lat-lon of Lishu, Jilin, China",138,7.05,614.81,snow,Temperate Broadleaf & Mixed Forests,,,0,20,,,cropland,,,,aggregate,<0.250mm,506,45,296,,6001.33133,3976.33133,2025,,,,,,11.83,1.2,7.1,,27.54,47.65,24.81
2268,11,,43.19,124.14,"lat-lon of Lishu, Jilin, China",138,7.05,614.81,snow,Temperate Broadleaf & Mixed Forests,,,0,20,,,cropland,,,,aggregate,<0.250mm,444,34,256,,5089.539227,3559.539227,1530,,,,,,12.38,1.2,7.1,,27.54,47.65,24.81
2269,10,,52.867,-105.783,,,0.91,423.01,snow,"Temperate Grasslands, Savannas & Shrublands",,,0,10,,,grassland,,,,bulk soil,,2659.74,256.08,,,32173.94015,20650.34015,11523.6,11523.6,20649.79,,,58.2,,5.29,6.06,,,,
2270,10,,52.317,-106.283,,,1.45,361.42,snow,"Temperate Grasslands, Savannas & Shrublands",,,0,10,,,grassland,,,,bulk soil,,2339.19,207.27,,,27719.11811,18391.96811,9327.15,9327.15,18391.52,,,42.3,,4.23,7.4,,29.1,,
2271,10,,50.283,-107.783,,,3.87,319.15,snow,"Temperate Grasslands, Savannas & Shrublands",,,0,10,,,grassland,,,,bulk soil,,2356.11,228.42,,,28551.64383,18272.74383,10278.9,10278.9,18272.25,,,42.3,,3.89,7.2,,16.2,,
2272,10,,45.583,-95,,,6.07,631.49,snow,Temperate Broadleaf & Mixed Forests,,,0,10,,,grassland,,,,bulk soil,,3910.4,294.4,,,44662.36319,31414.36319,13248,13248,31413.73,,,64,,5.34,5.6,,22.2,,
2273,10,,46.817,-100.883,,,5.78,444.01,snow,"Temperate Grasslands, Savannas & Shrublands",,,0,10,,,grassland,,,,bulk soil,,1861.24,224.36,,,23967.23238,13871.03238,10096.2,10096.2,13870.55,,,31.6,,3.31,5.9,,34.4,,
2274,10,,48.533,-109.683,,,5.62,302.63,arid,"Temperate Grasslands, Savannas & Shrublands",,,0,10,,,grassland,,,,bulk soil,,1044.68,150.88,,,14254.86113,7465.261134,6789.6,6789.6,7464.94,,,16.4,,1.65,5.9,,20.6,,
2275,10,,44.65,-106.117,,,7.68,306.35,arid,"Temperate Grasslands, Savannas & Shrublands",,,0,10,,,grassland,,,,bulk soil,,1122.95,125.8,,,14152.64514,8491.64514,5661,5691.6,8537.27,,,18.5,,1.94,6.1,,16.5,,
2276,10,,40.15,-103.2,,,9.99,378.88,arid,"Temperate Grasslands, Savannas & Shrublands",,,0,10,,,grassland,,,,bulk soil,,1152.58,91.26,,,13308.40794,9201.707937,4106.7,4106.7,9201.51,,,16.9,,1.59,5.4,,23.8,,
2277,10,,40.433,-99.367,,,10.66,626.59,snow,"Temperate Grasslands, Savannas & Shrublands",,,0,10,,,grassland,,,,bulk soil,,2146.82,155.48,,,24322.07056,17325.47056,6996.6,6996.6,17325.14,,,29.9,,3.02,6.7,,17.7,,
2278,10,,38.867,-99.317,,,12,550.73,temperate,"Temperate Grasslands, Savannas & Shrublands",,,0,10,,,grassland,,,,bulk soil,,1897.5,121,,,20969.21313,15524.21313,5445,5445,15523.95,,,27.5,,2.68,6.2,,24.4,,
2279,10,,40.317,-96.683,,,11.22,765.49,snow,"Temperate Grasslands, Savannas & Shrublands",,,0,10,,,grassland,,,,bulk soil,,2997,222.75,,,34137.29008,24113.54008,10023.75,10023.75,24113.06,,,40.5,,3.46,7.1,,27.5,,
2280,10,,39.183,-96.567,,,12.71,840.38,temperate,"Temperate Grasslands, Savannas & Shrublands",,,0,10,,,grassland,,,,bulk soil,,2053.83,153.5,,,23421.47798,16513.97798,6907.5,6907.5,16513.65,,,30.7,,2.86,5.6,,32.3,,
2281,10,,37.333,-95.25,,,14.05,1019.01,temperate,"Temperate Grasslands, Savannas & Shrublands",,,0,10,,,grassland,,,,bulk soil,,2114.52,96.48,,,22133.75837,17792.15837,4341.6,4341.6,17791.95,,,26.8,,2.46,6,,33.2,,
2282,9,,41.08,-102.58,"lat-lon of Sidney, NE, USA",1222,9.7,443.38,arid,"Temperate Grasslands, Savannas & Shrublands",tillage,CT,0,20,,Pachic Haplustolls,cropland,,,,aggregate,<0.053mm,838,43,423,41,8925.005493,6990.005493,1935,,,,,14.3,14.3,1.5,,,,43,36
2283,9,,41.08,-102.58,"lat-lon of Sidney, NE, USA",1222,9.7,443.38,arid,"Temperate Grasslands, Savannas & Shrublands",tillage,NT,0,20,,Pachic Haplustolls,cropland,,,,aggregate,0.053-0.250mm,876,44,443,48,9299.168411,7319.168411,1980,,,,,12.9,12.9,1.3,,,,43,36
2284,9,,41.08,-102.58,"lat-lon of Sidney, NE, USA",1222,9.7,443.38,arid,"Temperate Grasslands, Savannas & Shrublands",tillage,CT,0,20,,Pachic Haplustolls,cropland,,,,aggregate,0.250-2mm,665,34,415,20,7078.539227,5548.539227,1530,,,,,11.8,11.8,1.1,,,,43,36
2285,9,,41.08,-102.58,"lat-lon of Sidney, NE, USA",1222,9.7,443.38,arid,"Temperate Grasslands, Savannas & Shrublands",tillage,NT,0,20,,Pachic Haplustolls,cropland,,,,aggregate,>2mm,1354,60,697,29,14115.77511,11415.77511,2700,,,,,21.5,21.5,2,,,,43,36
2286,9,,41.08,-102.58,"lat-lon of Sidney, NE, USA",1222,9.7,443.38,arid,"Temperate Grasslands, Savannas & Shrublands",tillage,CT,0,20,,Pachic Haplustolls,cropland,,,,aggregate,<0.053mm,934,41,426,45,9724.679656,7879.679656,1845,,,,,15.9,15.9,1.8,,,,43,36
2287,9,,41.08,-102.58,"lat-lon of Sidney, NE, USA",1222,9.7,443.38,arid,"Temperate Grasslands, Savannas & Shrublands",tillage,NT,0,20,,Pachic Haplustolls,cropland,,,,aggregate,0.053-0.250mm,1727,54,765,52,17279.7976,14849.7976,2430,,,,,20.6,20.6,2,,,,43,36
2288,9,,41.08,-102.58,"lat-lon of Sidney, NE, USA",1222,9.7,443.38,arid,"Temperate Grasslands, Savannas & Shrublands",tillage,CT,0,20,,Pachic Haplustolls,cropland,,,,aggregate,0.250-2mm,2543,82,1185,61,25524.35931,21834.35931,3690,,,,,30.4,30.4,2.7,,,,43,36
2289,9,,41.08,-102.58,"lat-lon of Sidney, NE, USA",1222,9.7,443.38,arid,"Temperate Grasslands, Savannas & Shrublands",tillage,NT,0,20,,Pachic Haplustolls,cropland,,,,aggregate,>2mm,2623,77,1220,57,26083.54472,22618.54472,3465,,,,,31.8,31.8,2.9,,,,43,36
2290,9,,38.01,-84.29,"lat-lon of Lexington, KY, USA",299,12.48,1134.98,temperate,Temperate Broadleaf & Mixed Forests,tillage,CT,0,20,,Typic Paleudalfs,cropland,,,,aggregate,<0.053mm,741,36,368,24,7826.865064,6206.865064,1620,,,,,9.1,9.1,1.1,,,,61,7
2291,9,,38.01,-84.29,"lat-lon of Lexington, KY, USA",299,12.48,1134.98,temperate,Temperate Broadleaf & Mixed Forests,tillage,NT,0,20,,Typic Paleudalfs,cropland,,,,aggregate,0.053-0.250mm,1002,45,503,31,10465.33133,8440.33133,2025,,,,,12.2,12.2,1.5,,,,61,7
2292,9,,38.01,-84.29,"lat-lon of Lexington, KY, USA",299,12.48,1134.98,temperate,Temperate Broadleaf & Mixed Forests,tillage,CT,0,20,,Typic Paleudalfs,cropland,,,,aggregate,0.250-2mm,901,38,414,36,9331.190901,7621.190901,1710,,,,,12.9,12.9,1.5,,,,61,7
2293,9,,38.01,-84.29,"lat-lon of Lexington, KY, USA",299,12.48,1134.98,temperate,Temperate Broadleaf & Mixed Forests,tillage,NT,0,20,,Typic Paleudalfs,cropland,,,,aggregate,>2mm,940,38,434,28,9682.190901,7972.190901,1710,,,,,16.6,16.6,1.5,,,,61,7
2294,9,,38.01,-84.29,"lat-lon of Lexington, KY, USA",299,12.48,1134.98,temperate,Temperate Broadleaf & Mixed Forests,tillage,CT,0,20,,Typic Paleudalfs,cropland,,,,aggregate,<0.053mm,1229,52,661,61,12733.47176,10393.47176,2340,,,,,14.7,14.7,1.3,,,,61,7
2295,9,,38.01,-84.29,"lat-lon of Lexington, KY, USA",299,12.48,1134.98,temperate,Temperate Broadleaf & Mixed Forests,tillage,NT,0,20,,Typic Paleudalfs,cropland,,,,aggregate,0.053-0.250mm,2307,53,1209,74,22467.63468,20082.63468,2385,,,,,24.6,24.6,2.6,,,,61,7
2296,9,,38.01,-84.29,"lat-lon of Lexington, KY, USA",299,12.48,1134.98,temperate,Temperate Broadleaf & Mixed Forests,tillage,CT,0,20,,Typic Paleudalfs,cropland,,,,aggregate,0.250-2mm,2297,56,1195,75,22474.12343,19954.12343,2520,,,,,25.8,25.8,2.7,,,,61,7
2297,9,,38.01,-84.29,"lat-lon of Lexington, KY, USA",299,12.48,1134.98,temperate,Temperate Broadleaf & Mixed Forests,tillage,NT,0,20,,Typic Paleudalfs,cropland,,,,aggregate,>2mm,2185,62,1073,72,21659.10094,18869.10094,2790,,,,,27.6,27.6,2.8,,,,61,7
2298,9,,46.817,-100.883,,,5.78,444.01,snow,"Temperate Grasslands, Savannas & Shrublands",tillage,ND CT,0,20,,,cropland,,,,bulk soil,,1479,79,646,56,15851.87056,12296.87056,3555,3555,12296.7,,,22.1,22.1,2,7.9,,28,52,20
2299,9,,46.817,-100.883,,,5.78,444.01,snow,"Temperate Grasslands, Savannas & Shrublands",tillage,ND NT,0,20,,,cropland,,,,bulk soil,,1438,71,609,56,15225.56721,12030.56721,3195,3195,12030.41,,,19.5,19.5,2,,,26,56,18
2300,9,,39.3,-102.6,,,10.1,424.4,arid,"Temperate Grasslands, Savannas & Shrublands",tillage,CO CT,0,20,,,cropland,,,,bulk soil,,745,39,308,28,7959.353819,6204.353819,1755,1755,6204.27,,,9.9,9.9,1.1,,,34,48,28
2301,9,,39.3,-102.6,,,10.1,424.4,arid,"Temperate Grasslands, Savannas & Shrublands",tillage,CO NT,0,20,,,cropland,,,,bulk soil,,856,39,345,29,8958.353819,7203.353819,1755,1755,7203.27,,,10.5,10.5,1.1,,,31,45,22
2302,9,,35.183,-102.05,,,13.3,492.65,arid,"Temperate Grasslands, Savannas & Shrublands",tillage,TX CT,0,20,,,cropland,,,,bulk soil,,782,46,341,31,8517.494248,6447.494248,2070,2070,6447.4,,,10.1,10.1,1.1,,,31,52,17
2303,9,,35.183,-102.05,,,13.3,492.65,arid,"Temperate Grasslands, Savannas & Shrublands",tillage,TX NT,0,20,,,cropland,,,,bulk soil,,766,41,333,30,8212.679656,6367.679656,1845,1845,6367.59,,,9.7,9.7,1.2,,,33,50,17
2304,9,,41.133,-102.967,,,9.7,443.38,arid,"Temperate Grasslands, Savannas & Shrublands",tillage,NE CT,0,20,,,cropland,,,,bulk soil,,809,43,452,38,8664.005493,6729.005493,1935,1935,6728.91,,,12.7,12.7,1.3,,,21,43,36
2305,9,,41.133,-102.967,,,9.7,443.38,arid,"Temperate Grasslands, Savannas & Shrublands",tillage,NE NT,0,20,,,cropland,,,,bulk soil,,1781,57,923,56,17862.28635,15297.28635,2565,2565,15297.16,,,23,23,2.3,,,31,54,15
2306,9,,39.183,-96.567,,,12.71,840.38,temperate,"Temperate Grasslands, Savannas & Shrublands",tillage,KS CT,0,20,,,cropland,,,,bulk soil,,885,40,427,42,9251.516738,7451.516738,1800,1800,7451.43,,,11.7,11.7,1.2,,,21,73,60
2307,9,,39.183,-96.567,,,12.71,840.38,temperate,"Temperate Grasslands, Savannas & Shrublands",tillage,KS NT,0,20,,,cropland,,,,bulk soil,,1641,55,893,64,16537.96051,14062.96051,2475,2475,14062.84,,,18.2,18.2,1.9,,,21,73,60
2308,9,,38.01,-84.29,,,12.48,1134.98,temperate,Temperate Broadleaf & Mixed Forests,tillage,KY CT,0,20,,,cropland,,,,bulk soil,,853,37,471,34,8867.027982,7202.027982,1665,,,,,12.1,12.1,1.5,,,32,61,70
2309,9,,38.01,-84.29,,,12.48,1134.98,temperate,Temperate Broadleaf & Mixed Forests,tillage,KY NT,0,20,,,cropland,,,,bulk soil,,2076,50,1202,66,20292.14592,18042.14592,2250,,,,,24.9,24.9,2.7,,,30,62,80
2310,8,,33.9,-83.4,,183,16.77,1237.78,temperate,Temperate Broadleaf & Mixed Forests,tillage,conventional tillage,0,5,,fine loamy siliceous thermic Rhodic Kanhapludult/Hiwassee series,cropland,,,2000,aggregate,>0.250mm,39,1.5,11,,399.2443777,331.7443777,67.5,,,,,13.5,,1.2,6.9,,21,13,66
2311,8,,33.9,-83.4,,183,16.77,1237.78,temperate,Temperate Broadleaf & Mixed Forests,tillage,conventional tillage,0,5,,fine loamy siliceous thermic Rhodic Kanhapludult/Hiwassee series,cropland,,,2000,aggregate,0.053-0.250mm,47,5,29,,583.8145922,358.8145922,225,,,,,13.5,,1.2,6.78,,21,13,66
2312,8,,33.9,-83.4,,183,16.77,1237.78,temperate,Temperate Broadleaf & Mixed Forests,tillage,conventional tillage,0,5,,fine loamy siliceous thermic Rhodic Kanhapludult/Hiwassee series,cropland,,,2000,aggregate,<0.053mm,35,3,21,,411.4887553,276.4887553,135,,,,,13.5,,1.2,6.78,,21,13,66
2313,8,,33.9,-83.4,,183,16.77,1237.78,temperate,Temperate Broadleaf & Mixed Forests,tillage,control,0,5,,fine loamy siliceous thermic Rhodic Kanhapludult/Hiwassee series,cropland,,,2000,aggregate,>0.250mm,63,3,21,,663.4887553,528.4887553,135,,,,,13.5,,1.2,6.78,,21,13,66
2314,8,,33.9,-83.4,,183,16.77,1237.78,temperate,Temperate Broadleaf & Mixed Forests,tillage,control,0,5,,fine loamy siliceous thermic Rhodic Kanhapludult/Hiwassee series,cropland,,,2000,aggregate,0.053-0.250mm,293,9,145,,2926.466266,2521.466266,405,,,,,13.5,,1.2,6.78,,21,13,66
2315,8,,33.9,-83.4,,183,16.77,1237.78,temperate,Temperate Broadleaf & Mixed Forests,tillage,control,0,5,,fine loamy siliceous thermic Rhodic Kanhapludult/Hiwassee series,cropland,,,2000,aggregate,<0.053mm,74,3,26,,762.4887553,627.4887553,135,,,,,13.5,,1.2,6.78,,21,13,66
2316,8,,33.9,-83.4,,183,16.77,1237.78,temperate,Temperate Broadleaf & Mixed Forests,tillage,conventional tillage,5,20,,fine loamy siliceous thermic Rhodic Kanhapludult/Hiwassee series,cropland,,,2000,aggregate,>0.250mm,9,0.5,4,,97.08145922,74.58145922,22.5,,,,,13.5,,1.2,6.78,,21,13,66
2317,8,,33.9,-83.4,,183,16.77,1237.78,temperate,Temperate Broadleaf & Mixed Forests,tillage,conventional tillage,5,20,,fine loamy siliceous thermic Rhodic Kanhapludult/Hiwassee series,cropland,,,2000,aggregate,0.053-0.250mm,58,5,35,,682.8145922,457.8145922,225,,,,,13.5,,1.2,6.78,,21,13,66
2318,8,,33.9,-83.4,,183,16.77,1237.78,temperate,Temperate Broadleaf & Mixed Forests,tillage,conventional tillage,5,20,,fine loamy siliceous thermic Rhodic Kanhapludult/Hiwassee series,cropland,,,2000,aggregate,<0.053mm,36,3,20,,420.4887553,285.4887553,135,,,,,13.5,,1.2,6.78,,21,13,66
2319,8,,33.9,-83.4,,183,16.77,1237.78,temperate,Temperate Broadleaf & Mixed Forests,tillage,control,5,20,,fine loamy siliceous thermic Rhodic Kanhapludult/Hiwassee series,cropland,,,2000,aggregate,>0.250mm,7,0.3,2,,72.64887553,59.14887553,13.5,,,,,,,,,,,,
2320,8,,33.9,-83.4,,183,16.77,1237.78,temperate,Temperate Broadleaf & Mixed Forests,tillage,control,5,20,,fine loamy siliceous thermic Rhodic Kanhapludult/Hiwassee series,cropland,,,2000,aggregate,0.053-0.250mm,85,4,43,,893.6516738,713.6516738,180,,,,,,,,,,,,
2321,8,,33.9,-83.4,,183,16.77,1237.78,temperate,Temperate Broadleaf & Mixed Forests,tillage,control,5,20,,fine loamy siliceous thermic Rhodic Kanhapludult/Hiwassee series,cropland,,,2000,aggregate,<0.053mm,30,3,15,,366.4887553,231.4887553,135,,,,,,,,,,,,
2322,7,,46.34,-71.13,"lat-lon of Saint-Lambertde-Lauzon, Canada",514,3.9,1187.32,snow,Temperate Broadleaf & Mixed Forests,,,0,20,,,cropland,,,,aggregate,>2mm,,,,,2258.09545,1403.09545,855,,,,,,18.5,,6.2,,,47,33
2323,7,,46.34,-71.13,"lat-lon of Saint-Lambertde-Lauzon, Canada",514,3.9,1187.32,snow,Temperate Broadleaf & Mixed Forests,,,0,20,,,cropland,,,,aggregate,0.250-2mm,,,,,2560.25837,1660.25837,900,,,,,,15.9,,6.2,,,47,33
2324,7,,46.34,-71.13,"lat-lon of Saint-Lambertde-Lauzon, Canada",514,3.9,1187.32,snow,Temperate Broadleaf & Mixed Forests,,,0,20,,,cropland,,,,aggregate,<0.250mm,,,,,2278.6067,1558.6067,720,,,,,,14.9,,6.2,,,47,33
2325,7,,46.34,-71.13,"lat-lon of Saint-Lambertde-Lauzon, Canada",514,3.9,1187.32,snow,Temperate Broadleaf & Mixed Forests,,,0,20,,,cropland,,,,aggregate,>2mm,,,,,2822.58421,1832.58421,990,,,,,,18.7,,6.2,,,47,33
2326,7,,46.34,-71.13,"lat-lon of Saint-Lambertde-Lauzon, Canada",514,3.9,1187.32,snow,Temperate Broadleaf & Mixed Forests,,,0,20,,,cropland,,,,aggregate,0.250-2mm,,,,,2666.93253,1856.93253,810,,,,,,15.2,,6.2,,,47,33
2327,7,,46.34,-71.13,"lat-lon of Saint-Lambertde-Lauzon, Canada",514,3.9,1187.32,snow,Temperate Broadleaf & Mixed Forests,,,0,20,,,cropland,,,,aggregate,<0.250mm,,,,,2314.6067,1594.6067,720,,,,,,14.3,,6.2,,,47,33
2328,7,,46.34,-71.13,"lat-lon of Saint-Lambertde-Lauzon, Canada",514,3.9,1187.32,snow,Temperate Broadleaf & Mixed Forests,,,0,20,,,cropland,,,,aggregate,>2mm,,,,,2973.07296,1848.07296,1125,,,,,,27.3,,6.2,,,47,33
2329,7,,46.34,-71.13,"lat-lon of Saint-Lambertde-Lauzon, Canada",514,3.9,1187.32,snow,Temperate Broadleaf & Mixed Forests,,,0,20,,,cropland,,,,aggregate,0.250-2mm,,,,,2736.42129,1791.42129,945,,,,,,21.9,,6.2,,,47,33
2330,7,,46.34,-71.13,"lat-lon of Saint-Lambertde-Lauzon, Canada",514,3.9,1187.32,snow,Temperate Broadleaf & Mixed Forests,,,0,20,,,cropland,,,,aggregate,<0.250mm,,,,,2233.6067,1513.6067,720,,,,,,16,,6.2,,,47,33
2331,7,,46.34,-71.13,"lat-lon of Saint-Lambertde-Lauzon, Canada",514,3.9,1187.32,snow,Temperate Broadleaf & Mixed Forests,,,0,20,,,cropland,,,,aggregate,>2mm,,,,,2321.09545,1466.09545,855,,,,,,28.3,,6.2,,,47,33
2332,7,,46.34,-71.13,"lat-lon of Saint-Lambertde-Lauzon, Canada",514,3.9,1187.32,snow,Temperate Broadleaf & Mixed Forests,,,0,20,,,cropland,,,,aggregate,0.250-2mm,,,,,3020.58421,2030.58421,990,,,,,,23.1,,6.2,,,47,33
2333,7,,46.34,-71.13,"lat-lon of Saint-Lambertde-Lauzon, Canada",514,3.9,1187.32,snow,Temperate Broadleaf & Mixed Forests,,,0,20,,,cropland,,,,aggregate,<0.250mm,,,,,2013.76961,1248.76961,765,,,,,,16,,6.2,,,47,33
2334,7,,46.34,-71.13,"lat-lon of Saint-Lambertde-Lauzon, Canada",514,3.9,1187.32,snow,Temperate Broadleaf & Mixed Forests,,,0,20,,,cropland,,,,aggregate,>2mm,,,,,3014.23588,1844.23588,1170,,,,,,26.4,,6.2,,,47,33
2335,7,,46.34,-71.13,"lat-lon of Saint-Lambertde-Lauzon, Canada",514,3.9,1187.32,snow,Temperate Broadleaf & Mixed Forests,,,0,20,,,cropland,,,,aggregate,0.250-2mm,,,,,2728.74712,1693.74712,1035,,,,,,20.3,,6.2,,,47,33
2336,7,,46.34,-71.13,"lat-lon of Saint-Lambertde-Lauzon, Canada",514,3.9,1187.32,snow,Temperate Broadleaf & Mixed Forests,,,0,20,,,cropland,,,,aggregate,<0.250mm,,,,,2225.93253,1415.93253,810,,,,,,14.9,,6.2,,,47,33
2337,7,,46.34,-71.13,"lat-lon of Saint-Lambertde-Lauzon, Canada",514,3.9,1187.32,snow,Temperate Broadleaf & Mixed Forests,,,0,20,,,cropland,,,,aggregate,>2mm,,,,,2523.07296,1398.07296,1125,,,,,,28.6,,6.2,,,47,33
2338,7,,46.34,-71.13,"lat-lon of Saint-Lambertde-Lauzon, Canada",514,3.9,1187.32,snow,Temperate Broadleaf & Mixed Forests,,,0,20,,,cropland,,,,aggregate,0.250-2mm,,,,,2793.07296,1668.07296,1125,,,,,,24,,6.2,,,47,33
2339,7,,46.34,-71.13,"lat-lon of Saint-Lambertde-Lauzon, Canada",514,3.9,1187.32,snow,Temperate Broadleaf & Mixed Forests,,,0,20,,,cropland,,,,aggregate,<0.250mm,,,,,2414.93253,1604.93253,810,,,,,,16.6,,6.2,,,47,33
2340,6,,42.13,-82.44,,188,9.21,841.26,snow,Temperate Broadleaf & Mixed Forests,,,0,10,,Typic Argiustolls,cropland,,,,bulk soil,,1069,135,621,,13962.99399,7887.99399,6075,,,,,,24,,,,37,35,28
2341,5,,42.22,-82.73,,,9.17,855.76,snow,Temperate Broadleaf & Mixed Forests,mixed management,Monoculture Corn,0,10,,,cropland,,,,bulk soil,,1011.53,116.71,,,12857.50421,7605.554211,5251.95,,,,,,23.5,2.3,3.9,,7,13,80
2342,5,,42.22,-82.73,,,9.17,855.76,snow,Temperate Broadleaf & Mixed Forests,mixed management,Corn following WW 3-y rotation,0,10,,,cropland,,,,bulk soil,,1069.88,123.2,,,13591.39155,8047.391552,5544,,,,,,23.8,2.4,,,37,35,28
2343,5,,42.22,-82.73,,,9.17,855.76,snow,Temperate Broadleaf & Mixed Forests,mixed management,Corn following WW+RC 3-y rotation,0,10,,,cropland,,,,bulk soil,,1092.3,124.27,,,13827.58587,8235.435875,5592.15,,,,,,24.5,2.4,,,37,35,28
2344,5,,42.22,-82.73,,,9.17,855.76,snow,Temperate Broadleaf & Mixed Forests,mixed management,Monoculture WW,0,10,,,cropland,,,,bulk soil,,941.86,111.19,,,12052.9349,7049.384901,5003.55,,,,,,20.5,2,,,37,35,28
2345,5,,42.22,-82.73,,,9.17,855.76,snow,Temperate Broadleaf & Mixed Forests,mixed management,WW following soybean 2-y rotation,0,10,,,cropland,,,,bulk soil,,954.94,117.73,,,12381.00039,7083.150388,5297.85,,,,,,22,2,,,37,35,28
2346,5,,42.22,-82.73,,,9.17,855.76,snow,Temperate Broadleaf & Mixed Forests,mixed management,WW following soybean 3-y rotation,0,10,,,cropland,,,,bulk soil,,886.96,97.83,,,11129.13831,6726.788311,4402.35,,,,,,19.8,2.1,,,37,35,28
2347,5,,42.22,-82.73,,,9.17,855.76,snow,Temperate Broadleaf & Mixed Forests,mixed management,Monoculture soybean,0,10,,,cropland,,,,bulk soil,,984.78,117.39,,,12638.625,7356.074996,5282.55,,,,,,24.1,2.4,,,37,35,28
2348,5,,42.22,-82.73,,,9.17,855.76,snow,Temperate Broadleaf & Mixed Forests,mixed management,Soybean following WW 2-y rotation,0,10,,,cropland,,,,bulk soil,,1095.65,130.43,,,14055.85945,8186.509452,5869.35,,,,,,23.8,2.4,,,37,35,28
2349,5,,42.22,-82.73,,,9.17,855.76,snow,Temperate Broadleaf & Mixed Forests,mixed management,Soybean following WW+RC 2-y rotation,0,10,,,cropland,,,,bulk soil,,997.83,110.87,,,12546.37277,7557.222768,4989.15,,,,,,23.2,2.3,,,37,35,28
2350,5,,42.22,-82.73,,,9.17,855.76,snow,Temperate Broadleaf & Mixed Forests,mixed management,Soybean following WW 3-y rotation,0,10,,,cropland,,,,bulk soil,,991.3,110.87,,,12487.60277,7498.452768,4989.15,,,,,,22.2,2.1,,,37,35,28
2351,5,,42.22,-82.73,,,9.17,855.76,snow,Temperate Broadleaf & Mixed Forests,mixed management,Soybean following WW+RC 3-y rotation,0,10,,,cropland,,,,bulk soil,,1167.89,131.96,,,14755.22872,8817.028718,5938.2,,,,,,28,2.7,,,37,35,28
2352,5,,42.22,-82.73,,,9.17,855.76,snow,Temperate Broadleaf & Mixed Forests,mixed management,Monoculture WW+RC,0,10,,,cropland,,,,bulk soil,,930.35,112.17,,,11980.86456,6933.214562,5047.65,,,,,,22.1,2.2,,,37,35,28
2353,5,,42.22,-82.73,,,9.17,855.76,snow,Temperate Broadleaf & Mixed Forests,mixed management,WW+RC following soybean 2-y rotation,0,10,,,cropland,,,,bulk soil,,1042.52,118.77,,,13202.66982,7858.019823,5344.65,,,,,,22.7,2,,,37,35,28
2354,5,,42.22,-82.73,,,9.17,855.76,snow,Temperate Broadleaf & Mixed Forests,mixed management,WW+RC following soybean 3-y rotation,0,10,,,cropland,,,,bulk soil,,1155.87,70.86,,,12681.8944,9493.194401,3188.7,,,,,,26.4,2.08,,,37,35,28
2355,4,,41.49,123.34,"lat-lon of Shengyang, China",75,8.18,795.71,snow,Temperate Broadleaf & Mixed Forests,,,0,20,,,cropland,,,,aggregate,0.250-2mm,,,,,7168.70759,5801.79209,1366.9155,,,,,,,,,,,,
2356,4,,41.49,123.34,"lat-lon of Shengyang, China",75,8.18,795.71,snow,Temperate Broadleaf & Mixed Forests,,,0,20,,,cropland,,,,aggregate,<0.250mm,,,,,7312.03565,5933.94665,1378.089,,,,,,,,,,,,
2357,4,,41.49,123.34,"lat-lon of Shenyang, China",75,8.18,795.71,snow,Temperate Broadleaf & Mixed Forests,,,0,20,,,cropland,,,,aggregate,0.250-2mm,,,,,,,32223.915,,,,,,,,,,,,
2358,4,,41.49,123.34,"lat-lon of Shenyang, China",75,8.18,795.71,snow,Temperate Broadleaf & Mixed Forests,,,0,20,,,cropland,,,,aggregate,<0.250mm,,,,,,,32957.865,,,,,,,,,,,,
2359,4,,41.49,123.34,"lat-lon of Shenyang, China",75,8.18,795.71,snow,Temperate Broadleaf & Mixed Forests,,,0,20,,,cropland,,,,aggregate,0.250-2mm,,,,,,,37359.765,,,,,,,,,,,,
2360,4,,41.49,123.34,"lat-lon of Shenyang, China",75,8.18,795.71,snow,Temperate Broadleaf & Mixed Forests,,,0,20,,,cropland,,,,aggregate,<0.250mm,,,,,,,39405.15,,,,,,,,,,,,
2361,3,,35.45,104.5,,2088,5.96,482.69,snow,Montane Grasslands & Shrublands,nitrogen,2014 No-N,0,20,,,cropland,,,,bulk soil,,148.6275,7.36735647,67.47081712,,1574.603185,1243.072144,331.5310412,,,,,8.63,,0.95,8.22,,20,,
2362,3,,35.45,104.5,,2088,5.96,482.69,snow,Montane Grasslands & Shrublands,nitrogen,2015 No-N,0,20,,,cropland,,,,bulk soil,,149.2157,7.563066419,67.78210117,,1586.191588,1245.8536,340.3379889,,,,,8.63,,0.95,8.22,,20,,
2363,3,,35.45,104.5,,2088,5.96,482.69,snow,Montane Grasslands & Shrublands,nitrogen,2016 No-N,0,20,,,cropland,,,,bulk soil,,151.9608,7.758687409,68.56031128,,1617.18923,1268.048297,349.1409334,,,,,8.63,,0.96,8.22,,20,,
2364,3,,35.45,104.5,,2088,5.96,482.69,snow,Montane Grasslands & Shrublands,nitrogen,2017 No-N,0,20,,,cropland,,,,bulk soil,,153.1373,7.797784919,70.42801556,,1629.03522,1278.134899,350.9003214,,,,,8.63,,98,8.22,,20,,
2365,3,,35.45,104.5,,2088,5.96,482.69,snow,Montane Grasslands & Shrublands,nitrogen,2018 No-N,0,20,,,cropland,,,,bulk soil,,153.7255,7.854273927,71.05058366,,1636.145872,1282.703545,353.4423267,,,,,8.63,,1.01,8.22,,20,,
2366,3,,35.45,104.5,,2088,5.96,482.69,snow,Montane Grasslands & Shrublands,nitrogen,2014 Low-N,0,20,,,cropland,,,,bulk soil,,150,7.489052475,67.93774319,,1590.869784,1253.862423,337.0073614,,,,,8.63,,0.96,8.22,,20,,
2367,3,,35.45,104.5,,2088,5.96,482.69,snow,Montane Grasslands & Shrublands,nitrogen,2015 Low-N,0,20,,,cropland,,,,bulk soil,,154.5098039,7.94559041,70.42801556,,1646.141611,1288.590043,357.5515685,,,,,8.63,,0.98,8.22,,20,,
2368,3,,35.45,104.5,,2088,5.96,482.69,snow,Montane Grasslands & Shrublands,nitrogen,2016 Low-N,0,20,,,cropland,,,,bulk soil,,159.8039216,8.193385893,76.0311284,,1701.758497,1333.056131,368.7023652,,,,,8.63,,0.99,8.22,,20,,
2369,3,,35.45,104.5,,2088,5.96,482.69,snow,Montane Grasslands & Shrublands,nitrogen,2017 Low-N,0,20,,,cropland,,,,bulk soil,,163.5294118,8.354223888,79.45525292,,1740.460928,1364.520853,375.940075,,,,,8.63,,1.06,8.22,,20,,
2370,3,,35.45,104.5,,2088,5.96,482.69,snow,Montane Grasslands & Shrublands,nitrogen,2018 Low-N,0,20,,,cropland,,,,bulk soil,,166.6666667,8.567280855,81.47859922,,1775.548756,1390.021117,385.5276385,,,,,8.63,,1.11,8.22,,20,,
2371,3,,35.45,104.5,,2088,5.96,482.69,snow,Montane Grasslands & Shrublands,nitrogen,2014 Medium-N,0,20,,,cropland,,,,bulk soil,,152.5490196,7.367489909,67.62645914,,1609.901153,1278.364108,331.5370459,,,,,8.63,,0.98,8.22,,20,,
2372,3,,35.45,104.5,,2088,5.96,482.69,snow,Montane Grasslands & Shrublands,nitrogen,2015 Medium-N,0,20,,,cropland,,,,bulk soil,,157.4509804,8.154243904,71.82879377,,1679.323105,1312.38213,366.9409757,,,,,8.63,,1,8.22,,20,,
2373,3,,35.45,104.5,,2088,5.96,482.69,snow,Montane Grasslands & Shrublands,nitrogen,2016 Medium-N,0,20,,,cropland,,,,bulk soil,,165.6862745,8.489130314,78.98832685,,1764.211676,1382.200812,382.0108641,,,,,8.63,,1.08,8.22,,20,,
2374,3,,35.45,104.5,,2088,5.96,482.69,snow,Montane Grasslands & Shrublands,nitrogen,2017 Medium-N,0,20,,,cropland,,,,bulk soil,,172.5490196,9.049972756,86.92607004,,1844.014712,1436.765938,407.248774,,,,,8.63,,1.14,8.22,,20,,
2375,3,,35.45,104.5,,2088,5.96,482.69,snow,Montane Grasslands & Shrublands,nitrogen,2018 Medium-N,0,20,,,cropland,,,,bulk soil,,177.8431373,9.315204217,87.54863813,,1900.192389,1481.008199,419.1841898,,,,,8.63,,1.23,8.22,,20,,
2376,3,,35.45,104.5,,2088,5.96,482.69,snow,Montane Grasslands & Shrublands,nitrogen,2014 High-N,0,20,,,cropland,,,,bulk soil,,156.0784314,7.541315927,69.02723735,,1647.256612,1307.897395,339.3592167,,,,,8.63,,0.99,8.22,,20,,
2377,3,,35.45,104.5,,2088,5.96,482.69,snow,Montane Grasslands & Shrublands,nitrogen,2015 High-N,0,20,,,cropland,,,,bulk soil,,159.8039216,8.241245872,72.45136187,,1703.297813,1332.441749,370.8560642,,,,,8.63,,1.03,8.22,,20,,
2378,3,,35.45,104.5,,2088,5.96,482.69,snow,Montane Grasslands & Shrublands,nitrogen,2016 High-N,0,20,,,cropland,,,,bulk soil,,168.8235294,8.767349798,81.01167315,,1801.395321,1406.86458,394.5307409,,,,,8.63,,1.11,8.22,,20,,
2379,3,,35.45,104.5,,2088,5.96,482.69,snow,Montane Grasslands & Shrublands,nitrogen,2017 High-N,0,20,,,cropland,,,,bulk soil,,177.0588235,9.536979172,88.94941634,,1900.266495,1471.102432,429.1640627,,,,,8.63,,1.19,8.22,,20,,
2380,3,,35.45,104.5,,2088,5.96,482.69,snow,Montane Grasslands & Shrublands,nitrogen,2018 High-N,0,20,,,cropland,,,,bulk soil,,181.1764706,9.871643185,90.6614786,,1948.08909,1503.865147,444.2239433,,,,,8.63,,1.28,8.22,,20,,
2381,2,,26.19,117.36,,315,17.34,1634.58,temperate,Tropical & Subtropical Moist Broadleaf Forests,,,0,10,,Ultisols,forest,,,,bulk soil,,1442,98,376,,16129.96601,11719.96601,4410,,,,,,51.8,2.75,4.08,,46.3,37.3,16.4
2382,2,,26.19,117.36,,315,17.34,1634.58,temperate,Tropical & Subtropical Moist Broadleaf Forests,,,0,10,,Ultisols,forest,,,,bulk soil,,898,58,322,,9947.44927,7337.44927,2610,,,,,,30,1.91,4.44,,50,34.9,15.2
2383,2,,26.19,117.36,,301,17.34,1634.58,temperate,Tropical & Subtropical Moist Broadleaf Forests,,,0,10,,Ultisols,forest,,,,bulk soil,,581,52,235,,6901.471759,4561.471759,2340,,,,,,18.6,1.13,4.47,,50,39,11.1
2384,2,,26.19,117.36,,303,17.34,1634.58,temperate,Tropical & Subtropical Moist Broadleaf Forests,,,0,10,,Ultisols,forest,,,,bulk soil,,712,61,276,,8369.938025,5624.938025,2745,,,,,,20.9,1.29,4.52,,50.3,37.5,12.3
2385,2,,26.19,117.36,,315,17.34,1634.58,temperate,Tropical & Subtropical Moist Broadleaf Forests,,,44124,,,Ultisols,forest,,,,bulk soil,,671,85,212,,8772.848068,4947.848068,3825,,,,,,27,1.47,4.1,,43.1,40.6,16.3
2386,2,,26.19,117.36,,315,17.34,1634.58,temperate,Tropical & Subtropical Moist Broadleaf Forests,,,44124,,,Ultisols,forest,,,,bulk soil,,298,42,98,,4032.842575,2142.842575,1890,,,,,,12.7,1.06,4.28,,45.8,36.6,17.5
2387,2,,26.19,117.36,,301,17.34,1634.58,temperate,Tropical & Subtropical Moist Broadleaf Forests,,,44124,,,Ultisols,forest,,,,bulk soil,,262,35,113,,3483.702145,1908.702145,1575,,,,,,10.7,0.75,4.39,,45.8,40.8,13.3
2388,2,,26.19,117.36,,303,17.34,1634.58,temperate,Tropical & Subtropical Moist Broadleaf Forests,,,44124,,,Ultisols,forest,,,,bulk soil,,309,44,103,,4196.168411,2216.168411,1980,,,,,,11.7,0.86,4.35,,42.4,41.1,16.6
2389,1,data from Ni et al. 2020 https://doi.org/10.1111/geb.13159,42.24,128.06,,600,1.76,764.26,snow,Temperate Broadleaf & Mixed Forests,,,,,litter,,forest,,,,bulk soil,,907,,410,,,,,,,,,451.5,,11.92,,,,,
2390,1,data from Ni et al. 2020 https://doi.org/10.1111/geb.13159,42.24,128.06,,600,1.76,764.26,snow,Temperate Broadleaf & Mixed Forests,,,,,O horizon,,forest,,,,bulk soil,,4215,206,1739,,44560.5612,35290.5612,9270,,,,,432.3,,16.91,,,,,
2391,1,data from Ni et al. 2020 https://doi.org/10.1111/geb.13159,42.24,128.06,,600,1.76,764.26,snow,Temperate Broadleaf & Mixed Forests,,,,,O horizon,,forest,,,,bulk soil,,9575,544,3454,,103671.6276,79191.62763,24480,,,,,324.9,,25.23,,,,,
2392,1,data from Ni et al. 2020 https://doi.org/10.1111/geb.13159,42.24,128.06,,600,1.76,764.26,snow,Temperate Broadleaf & Mixed Forests,,,0,13,,,forest,,,,bulk soil,,3570,203,1965,,38659.07244,29524.07244,9135,,,,,58.67,,5.61,,,,,
2393,1,data from Ni et al. 2020 https://doi.org/10.1111/geb.13159,42.05,128.04,,1680,1.76,764.26,snow,Temperate Broadleaf & Mixed Forests,,,,,litter,,forest,,,,bulk soil,,2436,,783,,,,,,,,,461.6,,17.52,4.08,,24.36,43.7,31.94
2394,1,data from Ni et al. 2020 https://doi.org/10.1111/geb.13159,42.05,128.04,,1680,1.76,764.26,snow,Temperate Broadleaf & Mixed Forests,,,,,O horizon,,forest,,,,bulk soil,,3752,201,2129,,40232.74661,31187.74661,9045,,,,,415.5,,17.81,,,,,
2395,1,data from Ni et al. 2020 https://doi.org/10.1111/geb.13159,42.05,128.04,,1680,1.76,764.26,snow,Temperate Broadleaf & Mixed Forests,,,,,O horizon,,forest,,,,bulk soil,,2858,224,1239,,32926.49373,22846.49373,10080,,,,,132,,13.56,,,,,
2396,1,data from Ni et al. 2020 https://doi.org/10.1111/geb.13159,42.05,128.04,,1680,1.76,764.26,snow,Temperate Broadleaf & Mixed Forests,,,0,10,,,forest,,,,bulk soil,,2744,186,1123,,30678.30283,22308.30283,8370,,,,,46.38,,3.94,,,,,
2397,1,data from Ni et al. 2020 https://doi.org/10.1111/geb.13159,42.01,128.06,,2580,1.76,764.26,snow,Temperate Broadleaf & Mixed Forests,,,,,litter,,forest,,,,bulk soil,,833,,243,,,,,,,,,425,,9.85,3.79,,14.25,23.44,62.31
2398,1,data from Ni et al. 2020 https://doi.org/10.1111/geb.13159,42.01,128.06,,2580,1.76,764.26,snow,Temperate Broadleaf & Mixed Forests,,,,,O horizon,,forest,,,,bulk soil,,1288,,388,,,,,,,,,140.2,,6.51,,,,,
2399,1,data from Ni et al. 2020 https://doi.org/10.1111/geb.13159,42.01,128.06,,2580,1.76,764.26,snow,Temperate Broadleaf & Mixed Forests,,,0,4,,,forest,,,,bulk soil,,1684,,795,,,,,,,,,94.28,,4.92,,,,,
2400,1,data from Ni et al. 2020 https://doi.org/10.1111/geb.13159,42.01,128.06,,2580,1.76,764.26,snow,Temperate Broadleaf & Mixed Forests,,,4,12,,,forest,,,,bulk soil,,405,,177,,,,,,,,,26.08,,1.81,3.65,,,,
2401,181,,37.79,118.63,,7,13.75,547.54,snow,Flooded Grasslands & Savannas,,,0,20,,,cropland,,,,bulk soil,,282,43,145,,3921.005493,1986.005493,1935,,,,,,8.81,0.91,7.82,,4.35,28,67.6
2402,181,,37.79,118.63,,7,13.75,547.54,snow,Flooded Grasslands & Savannas,,,0,20,,,cropland,,,,bulk soil,,164,59,58,,3373.612188,718.612188,2655,,,,,,5.43,0.61,8.14,,4.44,26.7,68.8
2403,180,,43.3,124.49,,65,7.05,614.81,snow,Temperate Broadleaf & Mixed Forests,,,0,20,,Typic Hapludolls,cropland,,,,bulk soil,,714,45,250,,7873.33133,5848.33133,2025,,,,,,17.4,1.65,6.3,,27,50,23
2404,179,,41.46,123.26,,229,8.18,795.71,snow,Temperate Broadleaf & Mixed Forests,,,0,10,,Hapli-Udic Cambisols,cropland,,,,aggregate,0.053-2mm,759,59,,,8728.612188,6073.612188,2655,,,,,,17.85,1.21,6,,19.39,58.06,21.08
2405,179,,41.46,123.26,,229,8.18,795.71,snow,Temperate Broadleaf & Mixed Forests,,,0,10,,Hapli-Udic Cambisols,cropland,,,,aggregate,0.053-2mm,808,50,,,8880.145922,6630.145922,2250,,,506.17,,,15.9,1.29,6,,19.39,58.06,21.08
2406,179,,41.46,123.26,,229,8.18,795.71,snow,Temperate Broadleaf & Mixed Forests,,,0,10,,Hapli-Udic Cambisols,cropland,,,,aggregate,0.053-2mm,862,65,,,9848.589699,6923.589699,2925,,,360.18,,,15.52,1.35,6,,19.39,58.06,21.08
2407,179,,41.46,123.26,,229,8.18,795.71,snow,Temperate Broadleaf & Mixed Forests,,,0,10,,Hapli-Udic Cambisols,cropland,,,,aggregate,0.053-2mm,1035,69,,,11534.24137,8429.241372,3105,,,364.29,,,15.41,1.4,6,,19.39,58.06,21.08
2408,179,,41.46,123.26,,229,8.18,795.71,snow,Temperate Broadleaf & Mixed Forests,,,0,10,,Hapli-Udic Cambisols,cropland,,,,aggregate,0.053-2mm,956,68,,,10791.07845,7731.078454,3060,,,312.91,,,14.73,1.41,6,,19.39,58.06,21.08
2409,179,,41.46,123.26,,229,8.18,795.71,snow,Temperate Broadleaf & Mixed Forests,,,0,10,,Hapli-Udic Cambisols,cropland,,,,aggregate,0.053-2mm,902,67,,,10272.91554,7257.915536,3015,,,317.23,,,14.78,1.44,6,,19.39,58.06,21.08
2410,179,,41.46,123.26,,229,8.18,795.71,snow,Temperate Broadleaf & Mixed Forests,,,0,10,,Hapli-Udic Cambisols,cropland,,,,aggregate,0.053-2mm,858,77,,,10198.54472,6733.54472,3465,,,368.1,,,14.69,1.53,6,,19.39,58.06,21.08
2411,179,,41.46,123.26,,229,8.18,795.71,snow,Temperate Broadleaf & Mixed Forests,,,0,10,,Hapli-Udic Cambisols,cropland,,,,aggregate,0.053-2mm,897,60,,,10002.77511,7302.775106,2700,,,281.41,,,14.74,1.55,6,,19.39,58.06,21.08
2412,179,,41.46,123.26,,229,8.18,795.71,snow,Temperate Broadleaf & Mixed Forests,,,0,10,,Hapli-Udic Cambisols,cropland,,,,aggregate,0.053-2mm,838,65,,,9632.589699,6707.589699,2925,,,387.85,,,14.5,1.55,6,,19.39,58.06,21.08
2413,179,,41.46,123.26,,229,8.18,795.71,snow,Temperate Broadleaf & Mixed Forests,,,0,10,,Hapli-Udic Cambisols,cropland,,,,aggregate,0.002-0.053mm,696,30,,,7228.887553,5878.887553,1350,,,,,,17.85,1.21,6,,19.39,58.06,21.08
2414,179,,41.46,123.26,,229,8.18,795.71,snow,Temperate Broadleaf & Mixed Forests,,,0,10,,Hapli-Udic Cambisols,cropland,,,,aggregate,0.002-0.053mm,601,42,,,6759.842575,4869.842575,1890,,,506.17,,,15.9,1.29,6,,19.39,58.06,21.08
2415,179,,41.46,123.26,,229,8.18,795.71,snow,Temperate Broadleaf & Mixed Forests,,,0,10,,Hapli-Udic Cambisols,cropland,,,,aggregate,0.002-0.053mm,769,40,,,8207.516738,6407.516738,1800,,,360.18,,,15.52,1.35,6,,19.39,58.06,21.08
2416,179,,41.46,123.26,,229,8.18,795.71,snow,Temperate Broadleaf & Mixed Forests,,,0,10,,Hapli-Udic Cambisols,cropland,,,,aggregate,0.002-0.053mm,765,56,,,8686.123433,6166.123433,2520,,,364.29,,,15.41,1.4,6,,19.39,58.06,21.08
2417,179,,41.46,123.26,,229,8.18,795.71,snow,Temperate Broadleaf & Mixed Forests,,,0,10,,Hapli-Udic Cambisols,cropland,,,,aggregate,0.002-0.053mm,848,52,,,9304.471759,6964.471759,2340,,,312.91,,,14.73,1.41,6,,19.39,58.06,21.08
2418,179,,41.46,123.26,,229,8.18,795.71,snow,Temperate Broadleaf & Mixed Forests,,,0,10,,Hapli-Udic Cambisols,cropland,,,,aggregate,0.002-0.053mm,834,59,,,9403.612188,6748.612188,2655,,,317.23,,,14.78,1.44,6,,19.39,58.06,21.08
2419,179,,41.46,123.26,,229,8.18,795.71,snow,Temperate Broadleaf & Mixed Forests,,,0,10,,Hapli-Udic Cambisols,cropland,,,,aggregate,0.002-0.053mm,755,50,,,8403.145922,6153.145922,2250,,,368.1,,,14.69,1.53,6,,19.39,58.06,21.08
2420,179,,41.46,123.26,,229,8.18,795.71,snow,Temperate Broadleaf & Mixed Forests,,,0,10,,Hapli-Udic Cambisols,cropland,,,,aggregate,0.002-0.053mm,765,48,,,8428.820085,6268.820085,2160,,,281.41,,,14.74,1.55,6,,19.39,58.06,21.08
2421,179,,41.46,123.26,,229,8.18,795.71,snow,Temperate Broadleaf & Mixed Forests,,,0,10,,Hapli-Udic Cambisols,cropland,,,,aggregate,0.002-0.053mm,676,40,,,7370.516738,5570.516738,1800,,,387.85,,,14.5,1.55,6,,19.39,58.06,21.08
2422,179,,41.46,123.26,,229,8.18,795.71,snow,Temperate Broadleaf & Mixed Forests,,,0,10,,Hapli-Udic Cambisols,cropland,,,,aggregate,<0.002mm,1210,112,,,14492.24687,9452.246865,5040,,,,,,17.85,1.21,6,,19.39,58.06,21.08
2423,179,,41.46,123.26,,229,8.18,795.71,snow,Temperate Broadleaf & Mixed Forests,,,0,10,,Hapli-Udic Cambisols,cropland,,,,aggregate,<0.002mm,1693,114,,,18903.5727,13773.5727,5130,,,506.17,,,15.9,1.29,6,,19.39,58.06,21.08
2424,179,,41.46,123.26,,229,8.18,795.71,snow,Temperate Broadleaf & Mixed Forests,,,0,10,,Hapli-Udic Cambisols,cropland,,,,aggregate,<0.002mm,1861,129,,,20898.01648,15093.01648,5805,,,360.18,,,15.52,1.35,6,,19.39,58.06,21.08
2425,179,,41.46,123.26,,229,8.18,795.71,snow,Temperate Broadleaf & Mixed Forests,,,0,10,,Hapli-Udic Cambisols,cropland,,,,aggregate,<0.002mm,1822,142,,,20965.13442,14575.13442,6390,,,364.29,,,15.41,1.4,6,,19.39,58.06,21.08
2426,179,,41.46,123.26,,229,8.18,795.71,snow,Temperate Broadleaf & Mixed Forests,,,0,10,,Hapli-Udic Cambisols,cropland,,,,aggregate,<0.002mm,1925,129,,,21474.01648,15669.01648,5805,,,312.91,,,14.73,1.41,6,,19.39,58.06,21.08
2427,179,,41.46,123.26,,229,8.18,795.71,snow,Temperate Broadleaf & Mixed Forests,,,0,10,,Hapli-Udic Cambisols,cropland,,,,aggregate,<0.002mm,1985,139,,,22335.64566,16080.64566,6255,,,317.23,,,14.78,1.44,6,,19.39,58.06,21.08
2428,179,,41.46,123.26,,229,8.18,795.71,snow,Temperate Broadleaf & Mixed Forests,,,0,10,,Hapli-Udic Cambisols,cropland,,,,aggregate,<0.002mm,1847,140,,,21125.80858,14825.80858,6300,,,368.1,,,14.69,1.53,6,,19.39,58.06,21.08
2429,179,,41.46,123.26,,229,8.18,795.71,snow,Temperate Broadleaf & Mixed Forests,,,0,10,,Hapli-Udic Cambisols,cropland,,,,aggregate,<0.002mm,1738,156,,,20659.41528,13639.41528,7020,,,281.41,,,14.74,1.55,6,,19.39,58.06,21.08
2430,179,,41.46,123.26,,229,8.18,795.71,snow,Temperate Broadleaf & Mixed Forests,,,0,10,,Hapli-Udic Cambisols,cropland,,,,aggregate,<0.002mm,1709,154,,,20334.08944,13404.08944,6930,,,387.85,,,14.5,1.55,6,,19.39,58.06,21.08
2431,179,,41.46,123.26,,229,8.18,795.71,snow,Temperate Broadleaf & Mixed Forests,,,0,10,,Hapli-Udic Cambisols,cropland,,,,bulk soil,,1020,73,,,11527.89305,8242.893046,3285,,,,,,17.85,1.21,6,,19.39,58.06,21.08
2432,179,,41.46,123.26,,229,8.18,795.71,snow,Temperate Broadleaf & Mixed Forests,,,0,10,,Hapli-Udic Cambisols,cropland,,,,bulk soil,,1202,73,,,13165.89305,9880.893046,3285,,,506.17,,,15.9,1.29,6,,19.39,58.06,21.08
2433,179,,41.46,123.26,,229,8.18,795.71,snow,Temperate Broadleaf & Mixed Forests,,,0,10,,Hapli-Udic Cambisols,cropland,,,,bulk soil,,1192,79,,,13268.87056,9713.870557,3555,,,360.18,,,15.52,1.35,6,,19.39,58.06,21.08
2434,179,,41.46,123.26,,229,8.18,795.71,snow,Temperate Broadleaf & Mixed Forests,,,0,10,,Hapli-Udic Cambisols,cropland,,,,bulk soil,,1361,85,,,14982.84807,11157.84807,3825,,,364.29,,,15.41,1.4,6,,19.39,58.06,21.08
2435,179,,41.46,123.26,,229,8.18,795.71,snow,Temperate Broadleaf & Mixed Forests,,,0,10,,Hapli-Udic Cambisols,cropland,,,,bulk soil,,1329,82,,,14598.35931,10908.35931,3690,,,312.91,,,14.73,1.41,6,,19.39,58.06,21.08
2436,179,,41.46,123.26,,229,8.18,795.71,snow,Temperate Broadleaf & Mixed Forests,,,0,10,,Hapli-Udic Cambisols,cropland,,,,bulk soil,,1311,90,,,14693.66266,10643.66266,4050,,,317.23,,,14.78,1.44,6,,19.39,58.06,21.08
2437,179,,41.46,123.26,,229,8.18,795.71,snow,Temperate Broadleaf & Mixed Forests,,,0,10,,Hapli-Udic Cambisols,cropland,,,,bulk soil,,1183,90,,,13541.66266,9491.66266,4050,,,368.1,,,14.69,1.53,6,,19.39,58.06,21.08
2438,179,,41.46,123.26,,229,8.18,795.71,snow,Temperate Broadleaf & Mixed Forests,,,0,10,,Hapli-Udic Cambisols,cropland,,,,bulk soil,,1192,86,,,13494.01099,9624.010986,3870,,,281.41,,,14.74,1.55,6,,19.39,58.06,21.08
2439,179,,41.46,123.26,,229,8.18,795.71,snow,Temperate Broadleaf & Mixed Forests,,,0,10,,Hapli-Udic Cambisols,cropland,,,,bulk soil,,1202,84,,,13519.68515,9739.685149,3780,,,387.85,,,14.5,1.55,6,,19.39,58.06,21.08
2440,179,,43.36,124.4,,65,7.05,614.81,snow,Temperate Broadleaf & Mixed Forests,,,0,10,,Typic Argiustolls,cropland,,,,aggregate,0.053-2mm,714,74,,,8806.055965,5476.055965,3330,,,,,,25.25,1.65,6.3,,23.28,49.81,26.03
2441,179,,43.36,124.4,,65,7.05,614.81,snow,Temperate Broadleaf & Mixed Forests,,,0,10,,Typic Argiustolls,cropland,,,,aggregate,0.053-2mm,759,78,,,9339.707638,5829.707638,3510,,,585.11,,,23.76,1.87,6.3,,23.28,49.81,26.03
2442,179,,43.36,124.4,,65,7.05,614.81,snow,Temperate Broadleaf & Mixed Forests,,,0,10,,Typic Argiustolls,cropland,,,,aggregate,0.053-2mm,750,82,,,9387.359312,5697.359312,3690,,,379.32,,,22.13,1.77,6.3,,23.28,49.81,26.03
2443,179,,43.36,124.4,,65,7.05,614.81,snow,Temperate Broadleaf & Mixed Forests,,,0,10,,Typic Argiustolls,cropland,,,,aggregate,0.053-2mm,819,101,,,10619.45476,6074.454763,4545,,,316.6,,,20.87,1.82,6.3,,23.28,49.81,26.03
2444,179,,43.36,124.4,,65,7.05,614.81,snow,Temperate Broadleaf & Mixed Forests,,,0,10,,Typic Argiustolls,cropland,,,,aggregate,0.053-2mm,894,89,,,10908.49974,6903.499741,4005,,,253.91,,,20.64,1.93,6.3,,23.28,49.81,26.03
2445,179,,43.36,124.4,,65,7.05,614.81,snow,Temperate Broadleaf & Mixed Forests,,,0,10,,Typic Argiustolls,cropland,,,,aggregate,0.053-2mm,831,85,,,10212.84807,6387.848068,3825,,,252.38,,,19.46,1.87,6.3,,23.28,49.81,26.03
2446,179,,43.36,124.4,,65,7.05,614.81,snow,Temperate Broadleaf & Mixed Forests,,,0,10,,Typic Argiustolls,cropland,,,,aggregate,0.053-2mm,723,77,,,8983.54472,5518.54472,3465,,,302.95,,,20.42,2.02,6.3,,23.28,49.81,26.03
2447,179,,43.36,124.4,,65,7.05,614.81,snow,Temperate Broadleaf & Mixed Forests,,,0,10,,Typic Argiustolls,cropland,,,,aggregate,0.053-2mm,768,83,,,9581.522231,5846.522231,3735,,,264.51,,,19.53,1.97,6.3,,23.28,49.81,26.03
2448,179,,43.36,124.4,,65,7.05,614.81,snow,Temperate Broadleaf & Mixed Forests,,,0,10,,Typic Argiustolls,cropland,,,,aggregate,0.053-2mm,749,74,,,9121.055965,5791.055965,3330,,,300.15,,,19.01,1.97,6.3,,23.28,49.81,26.03
2449,179,,43.36,124.4,,65,7.05,614.81,snow,Temperate Broadleaf & Mixed Forests,,,0,10,,Typic Argiustolls,cropland,,,,aggregate,0.002-0.053mm,384,66,,,5578.752617,2608.752617,2970,,,,,,25.25,1.65,6.3,,23.28,49.81,26.03
2450,179,,43.36,124.4,,65,7.05,614.81,snow,Temperate Broadleaf & Mixed Forests,,,0,10,,Typic Argiustolls,cropland,,,,aggregate,0.002-0.053mm,636,55,,,7492.960514,5017.960514,2475,,,585.11,,,23.76,1.87,6.3,,23.28,49.81,26.03
2451,179,,43.36,124.4,,65,7.05,614.81,snow,Temperate Broadleaf & Mixed Forests,,,0,10,,Typic Argiustolls,cropland,,,,aggregate,0.002-0.053mm,681,69,,,8348.241372,5243.241372,3105,,,379.32,,,22.13,1.77,6.3,,23.28,49.81,26.03
2452,179,,43.36,124.4,,65,7.05,614.81,snow,Temperate Broadleaf & Mixed Forests,,,0,10,,Typic Argiustolls,cropland,,,,aggregate,0.002-0.053mm,740,67,,,8814.915536,5799.915536,3015,,,316.6,,,20.87,1.82,6.3,,23.28,49.81,26.03
2453,179,,43.36,124.4,,65,7.05,614.81,snow,Temperate Broadleaf & Mixed Forests,,,0,10,,Typic Argiustolls,cropland,,,,aggregate,0.002-0.053mm,785,75,,,9477.218883,6102.218883,3375,,,253.91,,,20.64,1.93,6.3,,23.28,49.81,26.03
2454,179,,43.36,124.4,,65,7.05,614.81,snow,Temperate Broadleaf & Mixed Forests,,,0,10,,Typic Argiustolls,cropland,,,,aggregate,0.002-0.053mm,746,75,,,9126.218883,5751.218883,3375,,,252.38,,,19.46,1.87,6.3,,23.28,49.81,26.03
2455,179,,43.36,124.4,,65,7.05,614.81,snow,Temperate Broadleaf & Mixed Forests,,,0,10,,Typic Argiustolls,cropland,,,,aggregate,0.002-0.053mm,673,65,,,8147.589699,5222.589699,2925,,,302.95,,,20.42,2.02,6.3,,23.28,49.81,26.03
2456,179,,43.36,124.4,,65,7.05,614.81,snow,Temperate Broadleaf & Mixed Forests,,,0,10,,Typic Argiustolls,cropland,,,,aggregate,0.002-0.053mm,634,64,,,7764.42678,4884.42678,2880,,,264.51,,,19.53,1.97,6.3,,23.28,49.81,26.03
2457,179,,43.36,124.4,,65,7.05,614.81,snow,Temperate Broadleaf & Mixed Forests,,,0,10,,Typic Argiustolls,cropland,,,,aggregate,0.002-0.053mm,630,58,,,7535.44927,4925.44927,2610,,,300.15,,,19.01,1.97,6.3,,23.28,49.81,26.03
2458,179,,43.36,124.4,,65,7.05,614.81,snow,Temperate Broadleaf & Mixed Forests,,,0,10,,Typic Argiustolls,cropland,,,,aggregate,<0.002mm,1027,160,,,14389.06695,7189.066951,7200,,,,,,25.25,1.65,6.3,,23.28,49.81,26.03
2459,179,,43.36,124.4,,65,7.05,614.81,snow,Temperate Broadleaf & Mixed Forests,,,0,10,,Typic Argiustolls,cropland,,,,aggregate,<0.002mm,934,171,,,13905.85905,6210.859053,7695,,,585.11,,,23.76,1.87,6.3,,23.28,49.81,26.03
2460,179,,43.36,124.4,,65,7.05,614.81,snow,Temperate Broadleaf & Mixed Forests,,,0,10,,Typic Argiustolls,cropland,,,,aggregate,<0.002mm,980,183,,,14705.81407,6470.814075,8235,,,379.32,,,22.13,1.77,6.3,,23.28,49.81,26.03
2461,179,,43.36,124.4,,65,7.05,614.81,snow,Temperate Broadleaf & Mixed Forests,,,0,10,,Typic Argiustolls,cropland,,,,aggregate,<0.002mm,1069,179,,,15378.1624,7323.162401,8055,,,316.6,,,20.87,1.82,6.3,,23.28,49.81,26.03
2462,179,,43.36,124.4,,65,7.05,614.81,snow,Temperate Broadleaf & Mixed Forests,,,0,10,,Typic Argiustolls,cropland,,,,aggregate,<0.002mm,1315,186,,,17817.30283,9447.30283,8370,,,253.91,,,20.64,1.93,6.3,,23.28,49.81,26.03
2463,179,,43.36,124.4,,65,7.05,614.81,snow,Temperate Broadleaf & Mixed Forests,,,0,10,,Typic Argiustolls,cropland,,,,aggregate,<0.002mm,1394,193,,,18753.44326,10068.44326,8685,,,252.38,,,19.46,1.87,6.3,,23.28,49.81,26.03
2464,179,,43.36,124.4,,65,7.05,614.81,snow,Temperate Broadleaf & Mixed Forests,,,0,10,,Typic Argiustolls,cropland,,,,aggregate,<0.002mm,1316,182,,,17697.65116,9507.651156,8190,,,302.95,,,20.42,2.02,6.3,,23.28,49.81,26.03
2465,179,,43.36,124.4,,65,7.05,614.81,snow,Temperate Broadleaf & Mixed Forests,,,0,10,,Typic Argiustolls,cropland,,,,aggregate,<0.002mm,1317,161,,,17031.22987,9786.229869,7245,,,264.51,,,19.53,1.97,6.3,,23.28,49.81,26.03
2466,179,,43.36,124.4,,65,7.05,614.81,snow,Temperate Broadleaf & Mixed Forests,,,0,10,,Typic Argiustolls,cropland,,,,aggregate,<0.002mm,1273,160,,,16603.06695,9403.066951,7200,,,300.15,,,19.01,1.97,6.3,,23.28,49.81,26.03
2467,179,,43.36,124.4,,65,7.05,614.81,snow,Temperate Broadleaf & Mixed Forests,,,0,10,,Typic Argiustolls,cropland,,,,bulk soil,,809,96,,,10368.64017,6048.64017,4320,,,,,,25.25,1.65,6.3,,23.28,49.81,26.03
2468,179,,43.36,124.4,,65,7.05,614.81,snow,Temperate Broadleaf & Mixed Forests,,,0,10,,Typic Argiustolls,cropland,,,,bulk soil,,854,118,,,11481.22438,6171.224376,5310,,,585.11,,,23.76,1.87,6.3,,23.28,49.81,26.03
2469,179,,43.36,124.4,,65,7.05,614.81,snow,Temperate Broadleaf & Mixed Forests,,,0,10,,Typic Argiustolls,cropland,,,,bulk soil,,894,120,,,11905.55021,6505.550213,5400,,,379.32,,,22.13,1.77,6.3,,23.28,49.81,26.03
2470,179,,43.36,124.4,,65,7.05,614.81,snow,Temperate Broadleaf & Mixed Forests,,,0,10,,Typic Argiustolls,cropland,,,,bulk soil,,949,133,,,12818.66815,6833.668153,5985,,,316.6,,,20.87,1.82,6.3,,23.28,49.81,26.03
2471,179,,43.36,124.4,,65,7.05,614.81,snow,Temperate Broadleaf & Mixed Forests,,,0,10,,Typic Argiustolls,cropland,,,,bulk soil,,1053,134,,,13786.83107,7756.831071,6030,,,253.91,,,20.64,1.93,6.3,,23.28,49.81,26.03
2472,179,,43.36,124.4,,65,7.05,614.81,snow,Temperate Broadleaf & Mixed Forests,,,0,10,,Typic Argiustolls,cropland,,,,bulk soil,,1120,124,,,14068.20189,8488.201887,5580,,,252.38,,,19.46,1.87,6.3,,23.28,49.81,26.03
2473,179,,43.36,124.4,,65,7.05,614.81,snow,Temperate Broadleaf & Mixed Forests,,,0,10,,Typic Argiustolls,cropland,,,,bulk soil,,1092,109,,,13333.75811,8428.75811,4905,,,302.95,,,20.42,2.02,6.3,,23.28,49.81,26.03
2474,179,,43.36,124.4,,65,7.05,614.81,snow,Temperate Broadleaf & Mixed Forests,,,0,10,,Typic Argiustolls,cropland,,,,bulk soil,,1088,113,,,13426.40978,8341.409784,5085,,,264.51,,,19.53,1.97,6.3,,23.28,49.81,26.03
2475,179,,43.36,124.4,,65,7.05,614.81,snow,Temperate Broadleaf & Mixed Forests,,,0,10,,Typic Argiustolls,cropland,,,,bulk soil,,1055,110,,,13032.92103,8082.921029,4950,,,300.15,,,19.01,1.97,6.3,,23.28,49.81,26.03
2476,178,,26.32,117.6,,300,14.98,1687.99,temperate,Tropical & Subtropical Moist Broadleaf Forests,warming; fertilizer,Control,0,10,,,forest,,,,bulk soil,,478.004,25.1807,,,5111.9208,3978.7893,1133.1315,,,319.67,17.72,,12.9,1.1,7.33,,,,
2477,178,,26.32,117.6,,300,14.98,1687.99,temperate,Tropical & Subtropical Moist Broadleaf Forests,warming; fertilizer,warming,0,10,,,forest,,,,bulk soil,,483.653,26.747,,,5213.13858,4009.52358,1203.615,,,266.31,11.53,,12.1,1.1,4.4,,,,
2478,178,,26.32,117.6,,300,14.98,1687.99,temperate,Tropical & Subtropical Moist Broadleaf Forests,warming; fertilizer,Nitrogen addition,0,10,,,forest,,,,bulk soil,,465.598,29.1566,,,5128.143348,3816.096348,1312.047,,,256.87,40.61,,12.8,1.1,4.4,,,,
2479,178,,26.32,117.6,,300,14.98,1687.99,temperate,Tropical & Subtropical Moist Broadleaf Forests,warming; fertilizer,warming X Nitrogen addition,0,10,,,forest,,,,bulk soil,,436.601,27.3494,,,4809.045522,3578.322522,1230.723,,,191.32,28.41,,12.1,1.1,4.3,,,,
2480,178,,26.32,117.6,,300,14.98,1687.99,temperate,Tropical & Subtropical Moist Broadleaf Forests,warming; fertilizer,Control,10,20,,,forest,,,,bulk soil,,358.547,,,,,,,,,266,13.54,,9.2,0.8,4.3,,,,
2481,178,,26.32,117.6,,300,14.98,1687.99,temperate,Tropical & Subtropical Moist Broadleaf Forests,warming; fertilizer,warming,10,20,,,forest,,,,bulk soil,,358.735,25.1807,,,4038.4998,2905.3683,1133.1315,,,219.97,10.19,,8.7,0.8,4.6,,,,
2482,178,,26.32,117.6,,300,14.98,1687.99,temperate,Tropical & Subtropical Moist Broadleaf Forests,warming; fertilizer,Nitrogen addition,10,20,,,forest,,,,bulk soil,,322.428,19.0361,,,3514.108532,2657.484032,856.6245,,,130.02,29.75,,7.9,0.8,4.5,,,,
2483,178,,26.32,117.6,,300,14.98,1687.99,temperate,Tropical & Subtropical Moist Broadleaf Forests,warming; fertilizer,warming X Nitrogen addition,10,20,,,forest,,,,bulk soil,,240.549,,,,,,,,,132.78,11.53,,7.1,0.8,4.6,,,,
2484,177,,41.32,122.23,,5,8.92,705.06,snow,Temperate Broadleaf & Mixed Forests,,,0,10,,,cropland,,,,bulk soil,,461,72,171,,6464.730128,3224.730128,3240,,,,,,6.67,1.22,6.5,,,,
2485,176,,41.82,123.57,,75,7.75,793.81,snow,Temperate Broadleaf & Mixed Forests,straw,1year-Straw,0,10,,,cropland,,,,bulk soil,,541.176,24.1892,,,5648.579267,4560.065267,1088.514,,,,,,10.95,0.946405,4.5,,,,
2486,176,,41.82,123.57,,75,7.75,793.81,snow,Temperate Broadleaf & Mixed Forests,straw,1year-Straw,0,10,,,cropland,,,,bulk soil,,545.098,27.027,,,5775.149197,4558.934197,1216.215,,,,,,11.7,1.04575,,,,,
2487,176,,41.82,123.57,,75,7.75,793.81,snow,Temperate Broadleaf & Mixed Forests,straw,1year-Straw,0,10,,,cropland,,,,bulk soil,,572.549,23.9189,,,5922.24263,4845.89213,1076.3505,,,,,,12.64,1.10327,,,,,
2488,176,,41.82,123.57,,75,7.75,793.81,snow,Temperate Broadleaf & Mixed Forests,straw,2year-Straw,0,10,,,cropland,,,,bulk soil,,552.941,24.4595,,,5763.157904,4662.480404,1100.6775,,,,,,11.56,1.09804,,,,,
2489,176,,41.82,123.57,,75,7.75,793.81,snow,Temperate Broadleaf & Mixed Forests,straw,2year-Straw,0,10,,,cropland,,,,bulk soil,,576.471,29.7297,,,6144.432916,4806.596416,1337.8365,,,,,,11.62,1.09804,,,,,
2490,176,,41.82,123.57,,75,7.75,793.81,snow,Temperate Broadleaf & Mixed Forests,straw,2year-Straw,0,10,,,cropland,,,,bulk soil,,607.843,28.6486,,,6392.009585,5102.822585,1289.187,,,,,,13,1.18693,,,,,
2491,176,,41.82,123.57,,75,7.75,793.81,snow,Temperate Broadleaf & Mixed Forests,straw,4year-Straw,0,10,,,cropland,,,,bulk soil,,584.314,23.5135,,,6015.088783,4956.981283,1058.1075,,,,,,11.09,1.01438,,,,,
2492,176,,41.82,123.57,,75,7.75,793.81,snow,Temperate Broadleaf & Mixed Forests,straw,4year-Straw,0,10,,,cropland,,,,bulk soil,,690.196,34.0541,,,7307.043241,5774.608741,1532.4345,,,,,,14.15,1.12941,,,,,
2493,176,,41.82,123.57,,75,7.75,793.81,snow,Temperate Broadleaf & Mixed Forests,straw,4year-Straw,0,10,,,cropland,,,,bulk soil,,992.157,35.6757,,,10076.84763,8471.441129,1605.4065,,,,,,16.01,1.30719,,,,,
2494,176,,41.82,123.57,,75,7.75,793.81,snow,Temperate Broadleaf & Mixed Forests,straw,6year-Straw,0,10,,,cropland,,,,bulk soil,,615.686,25.6757,,,6366.979445,5211.572945,1155.4065,,,,,,12.98,1.05621,,,,,
2495,176,,41.82,123.57,,75,7.75,793.81,snow,Temperate Broadleaf & Mixed Forests,straw,6year-Straw,0,10,,,cropland,,,,bulk soil,,784.314,36.0811,,,8219.299477,6595.649977,1623.6495,,,,,,14.28,1.18693,,,,,
2496,176,,41.82,123.57,,75,7.75,793.81,snow,Temperate Broadleaf & Mixed Forests,straw,6year-Straw,0,10,,,cropland,,,,bulk soil,,988.235,39.7297,,,10171.9381,8384.101601,1787.8365,,,,,,18.43,1.43268,,,,,
2497,176,,41.82,123.57,,75,7.75,793.81,snow,Temperate Broadleaf & Mixed Forests,straw,1year-Straw,10,20,,,cropland,,,,bulk soil,,529.412,24.1629,,,5541.857382,4454.526882,1087.3305,,,,,,11.44,0.909251,,,,,
2498,176,,41.82,123.57,,75,7.75,793.81,snow,Temperate Broadleaf & Mixed Forests,straw,1year-Straw,10,20,,,cropland,,,,bulk soil,,525.49,25.3846,,,5545.852819,4403.545819,1142.307,,,,,,11.29,0.903965,,,,,
2499,176,,41.82,123.57,,75,7.75,793.81,snow,Temperate Broadleaf & Mixed Forests,straw,1year-Straw,10,20,,,cropland,,,,bulk soil,,529.412,21.448,,,5454.538275,4489.378275,965.16,,,,,,11,0.882819,,,,,
2500,176,,41.82,123.57,,75,7.75,793.81,snow,Temperate Broadleaf & Mixed Forests,straw,2year-Straw,10,20,,,cropland,,,,bulk soil,,545.098,28.0995,,,5809.643927,4545.166427,1264.4775,,,,,,10.8,0.898678,,,,,
2501,176,,41.82,123.57,,75,7.75,793.81,snow,Temperate Broadleaf & Mixed Forests,straw,2year-Straw,10,20,,,cropland,,,,bulk soil,,517.647,26.1991,,,5501.462517,4322.503017,1178.9595,,,,,,9.57,0.771806,,,,,
2502,176,,41.82,123.57,,75,7.75,793.81,snow,Temperate Broadleaf & Mixed Forests,straw,2year-Straw,10,20,,,cropland,,,,bulk soil,,521.569,21.448,,,5383.951275,4418.791275,965.16,,,,,,11.27,0.882819,,,,,
2503,176,,41.82,123.57,,75,7.75,793.81,snow,Temperate Broadleaf & Mixed Forests,straw,4year-Straw,10,20,,,cropland,,,,bulk soil,,541.176,22.5339,,,5595.339988,4581.314488,1014.0255,,,,,,10,0.898678,,,,,
2504,176,,41.82,123.57,,75,7.75,793.81,snow,Temperate Broadleaf & Mixed Forests,straw,4year-Straw,10,20,,,cropland,,,,bulk soil,,572.549,26.8778,,,6017.409489,4807.908489,1209.501,,,,,,11.12,0.903965,,,,,
2505,176,,41.82,123.57,,75,7.75,793.81,snow,Temperate Broadleaf & Mixed Forests,straw,4year-Straw,10,20,,,cropland,,,,bulk soil,,541.176,27.5566,,,5756.884678,4516.837678,1240.047,,,,,,12.85,0.972687,,,,,
2506,176,,41.82,123.57,,75,7.75,793.81,snow,Temperate Broadleaf & Mixed Forests,straw,6year-Straw,10,20,,,cropland,,,,bulk soil,,568.627,25.2489,,,5929.721311,4793.520811,1136.2005,,,,,,10.72,0.914537,,,,,
2507,176,,41.82,123.57,,75,7.75,793.81,snow,Temperate Broadleaf & Mixed Forests,straw,6year-Straw,10,20,,,cropland,,,,bulk soil,,560.784,27.0136,,,5915.892214,4700.280214,1215.612,,,,,,11.85,1.00441,,,,,
2508,176,,41.82,123.57,,75,7.75,793.81,snow,Temperate Broadleaf & Mixed Forests,straw,6year-Straw,10,20,,,cropland,,,,bulk soil,,541.176,21.5837,,,5564.778783,4593.512283,971.2665,,,,,,11.63,0.940969,,,,,
2509,175,,43.19,124.14,,138,7.05,614.81,snow,Temperate Broadleaf & Mixed Forests,,,0,5,,,cropland,,,,aggregate,>2mm,607,33,331,,6524.376309,5039.376309,1485,,,,,,13.32,1.2,7.1,,27.54,47.65,24.81
2510,175,,43.19,124.14,,138,7.05,614.81,snow,Temperate Broadleaf & Mixed Forests,,,0,5,,,cropland,,,,aggregate,>2mm,547,28,311,,5823.561716,4563.561716,1260,,,,,,13.46,1.2,7.1,,27.54,47.65,24.81
2511,175,,43.19,124.14,,138,7.05,614.81,snow,Temperate Broadleaf & Mixed Forests,,,0,5,,,cropland,,,,aggregate,>2mm,683,33,376,,7208.376309,5723.376309,1485,,,,,,16.73,1.2,7.1,,27.54,47.65,24.81
2512,175,,43.19,124.14,,138,7.05,614.81,snow,Temperate Broadleaf & Mixed Forests,,,0,5,,,cropland,,,,aggregate,0.250-2mm,577,42,330,,6543.842575,4653.842575,1890,,,,,,13.37,1.2,7.1,,27.54,47.65,24.81
2513,175,,43.19,124.14,,138,7.05,614.81,snow,Temperate Broadleaf & Mixed Forests,,,0,5,,,cropland,,,,aggregate,0.250-2mm,563,33,330,,6128.376309,4643.376309,1485,,,,,,12.88,1.2,7.1,,27.54,47.65,24.81
2514,175,,43.19,124.14,,138,7.05,614.81,snow,Temperate Broadleaf & Mixed Forests,,,0,5,,,cropland,,,,aggregate,0.250-2mm,803,45,434,,8674.33133,6649.33133,2025,,,,,,18.11,1.2,7.1,,27.54,47.65,24.81
2515,175,,43.19,124.14,,138,7.05,614.81,snow,Temperate Broadleaf & Mixed Forests,,,0,5,,,cropland,,,,aggregate,0.053-0.250mm,544,33,302,,5957.376309,4472.376309,1485,,,,,,12.03,1.2,7.1,,27.54,47.65,24.81
2516,175,,43.19,124.14,,138,7.05,614.81,snow,Temperate Broadleaf & Mixed Forests,,,0,5,,,cropland,,,,aggregate,0.053-0.250mm,522,35,315,,5823.702145,4248.702145,1575,,,,,,11.89,1.2,7.1,,27.54,47.65,24.81
2517,175,,43.19,124.14,,138,7.05,614.81,snow,Temperate Broadleaf & Mixed Forests,,,0,5,,,cropland,,,,aggregate,0.053-0.250mm,751,38,391,,7981.190901,6271.190901,1710,,,,,,17.04,1.2,7.1,,27.54,47.65,24.81
2518,175,,43.19,124.14,,138,7.05,614.81,snow,Temperate Broadleaf & Mixed Forests,,,0,5,,,cropland,,,,aggregate,<0.053mm,493,35,256,,5562.702145,3987.702145,1575,,,,,,11.87,1.2,7.1,,27.54,47.65,24.81
2519,175,,43.19,124.14,,138,7.05,614.81,snow,Temperate Broadleaf & Mixed Forests,,,0,5,,,cropland,,,,aggregate,<0.053mm,463,35,274,,5292.702145,3717.702145,1575,,,,,,11.52,1.2,7.1,,27.54,47.65,24.81
2520,175,,43.19,124.14,,138,7.05,614.81,snow,Temperate Broadleaf & Mixed Forests,,,0,5,,,cropland,,,,aggregate,<0.053mm,588,35,320,,6417.702145,4842.702145,1575,,,,,,14.93,1.2,7.1,,27.54,47.65,24.81
2521,175,,43.19,124.14,,138,7.05,614.81,snow,Temperate Broadleaf & Mixed Forests,,,43961,,,,cropland,,,,aggregate,>2mm,561,26,286,,5885.235879,4715.235879,1170,,,,,,12.61,1.2,7.1,,27.54,47.65,24.81
2522,175,,43.19,124.14,,138,7.05,614.81,snow,Temperate Broadleaf & Mixed Forests,,,43961,,,,cropland,,,,aggregate,>2mm,525,38,295,,5947.190901,4237.190901,1710,,,,,,12.18,1.2,7.1,,27.54,47.65,24.81
2523,175,,43.19,124.14,,138,7.05,614.81,snow,Temperate Broadleaf & Mixed Forests,,,43961,,,,cropland,,,,aggregate,>2mm,506,29,290,,5486.724635,4181.724635,1305,,,,,,14.13,1.2,7.1,,27.54,47.65,24.81
2524,175,,43.19,124.14,,138,7.05,614.81,snow,Temperate Broadleaf & Mixed Forests,,,43961,,,,cropland,,,,aggregate,0.250-2mm,563,36,282,,6224.865064,4604.865064,1620,,,,,,12.8,1.2,7.1,,27.54,47.65,24.81
2525,175,,43.19,124.14,,138,7.05,614.81,snow,Temperate Broadleaf & Mixed Forests,,,43961,,,,cropland,,,,aggregate,0.250-2mm,503,35,278,,5652.702145,4077.702145,1575,,,,,,12.09,1.2,7.1,,27.54,47.65,24.81
2526,175,,43.19,124.14,,138,7.05,614.81,snow,Temperate Broadleaf & Mixed Forests,,,43961,,,,cropland,,,,aggregate,0.250-2mm,522,32,298,,5727.21339,4287.21339,1440,,,,,,13.77,1.2,7.1,,27.54,47.65,24.81
2527,175,,43.19,124.14,,138,7.05,614.81,snow,Temperate Broadleaf & Mixed Forests,,,43961,,,,cropland,,,,aggregate,0.053-0.250mm,522,26,278,,5534.235879,4364.235879,1170,,,,,,11.32,1.2,7.1,,27.54,47.65,24.81
2528,175,,43.19,124.14,,138,7.05,614.81,snow,Temperate Broadleaf & Mixed Forests,,,43961,,,,cropland,,,,aggregate,0.053-0.250mm,487,32,278,,5412.21339,3972.21339,1440,,,,,,11.17,1.2,7.1,,27.54,47.65,24.81
2529,175,,43.19,124.14,,138,7.05,614.81,snow,Temperate Broadleaf & Mixed Forests,,,43961,,,,cropland,,,,aggregate,0.053-0.250mm,452,28,261,,4968.561716,3708.561716,1260,,,,,,12.14,1.2,7.1,,27.54,47.65,24.81
2530,175,,43.19,124.14,,138,7.05,614.81,snow,Temperate Broadleaf & Mixed Forests,,,43961,,,,cropland,,,,aggregate,<0.053mm,498,31,268,,5479.050472,4084.050472,1395,,,,,,12.06,1.2,7.1,,27.54,47.65,24.81
2531,175,,43.19,124.14,,138,7.05,614.81,snow,Temperate Broadleaf & Mixed Forests,,,43961,,,,cropland,,,,aggregate,<0.053mm,465,31,272,,5182.050472,3787.050472,1395,,,,,,11.78,1.2,7.1,,27.54,47.65,24.81
2532,175,,43.19,124.14,,138,7.05,614.81,snow,Temperate Broadleaf & Mixed Forests,,,43961,,,,cropland,,,,aggregate,<0.053mm,487,28,319,,5283.561716,4023.561716,1260,,,,,,13.17,1.2,7.1,,27.54,47.65,24.81
2533,175,,43.19,124.14,,138,7.05,614.81,snow,Temperate Broadleaf & Mixed Forests,,,44124,,,,cropland,,,,aggregate,>2mm,503,37,289,,5717.027982,4052.027982,1665,,,,,,11.68,1.2,7.1,,27.54,47.65,24.81
2534,175,,43.19,124.14,,138,7.05,614.81,snow,Temperate Broadleaf & Mixed Forests,,,44124,,,,cropland,,,,aggregate,>2mm,498,29,283,,5414.724635,4109.724635,1305,,,,,,11.95,1.2,7.1,,27.54,47.65,24.81
2535,175,,43.19,124.14,,138,7.05,614.81,snow,Temperate Broadleaf & Mixed Forests,,,44124,,,,cropland,,,,aggregate,>2mm,446,35,245,,5139.702145,3564.702145,1575,,,,,,13.21,1.2,7.1,,27.54,47.65,24.81
2536,175,,43.19,124.14,,138,7.05,614.81,snow,Temperate Broadleaf & Mixed Forests,,,44124,,,,cropland,,,,aggregate,0.250-2mm,479,32,270,,5340.21339,3900.21339,1440,,,,,,11.8,1.2,7.1,,27.54,47.65,24.81
2537,175,,43.19,124.14,,138,7.05,614.81,snow,Temperate Broadleaf & Mixed Forests,,,44124,,,,cropland,,,,aggregate,0.250-2mm,509,33,292,,5642.376309,4157.376309,1485,,,,,,12.01,1.2,7.1,,27.54,47.65,24.81
2538,175,,43.19,124.14,,138,7.05,614.81,snow,Temperate Broadleaf & Mixed Forests,,,44124,,,,cropland,,,,aggregate,0.250-2mm,435,30,264,,4879.887553,3529.887553,1350,,,,,,12.49,1.2,7.1,,27.54,47.65,24.81
2539,175,,43.19,124.14,,138,7.05,614.81,snow,Temperate Broadleaf & Mixed Forests,,,44124,,,,cropland,,,,aggregate,0.053-0.250mm,460,36,253,,5297.865064,3677.865064,1620,,,,,,10.6,1.2,7.1,,27.54,47.65,24.81
2540,175,,43.19,124.14,,138,7.05,614.81,snow,Temperate Broadleaf & Mixed Forests,,,44124,,,,cropland,,,,aggregate,0.053-0.250mm,479,30,269,,5275.887553,3925.887553,1350,,,,,,10.59,1.2,7.1,,27.54,47.65,24.81
2541,175,,43.19,124.14,,138,7.05,614.81,snow,Temperate Broadleaf & Mixed Forests,,,44124,,,,cropland,,,,aggregate,0.053-0.250mm,435,30,264,,4879.887553,3529.887553,1350,,,,,,11.7,1.2,7.1,,27.54,47.65,24.81
2542,175,,43.19,124.14,,138,7.05,614.81,snow,Temperate Broadleaf & Mixed Forests,,,44124,,,,cropland,,,,aggregate,<0.053mm,471,30,267,,5203.887553,3853.887553,1350,,,,,,11.14,1.2,7.1,,27.54,47.65,24.81
2543,175,,43.19,124.14,,138,7.05,614.81,snow,Temperate Broadleaf & Mixed Forests,,,44124,,,,cropland,,,,aggregate,<0.053mm,506,45,296,,6001.33133,3976.33133,2025,,,,,,11.83,1.2,7.1,,27.54,47.65,24.81
2544,175,,43.19,124.14,,138,7.05,614.81,snow,Temperate Broadleaf & Mixed Forests,,,44124,,,,cropland,,,,aggregate,<0.053mm,444,34,256,,5089.539227,3559.539227,1530,,,,,,12.38,1.2,7.1,,27.54,47.65,24.81
2545,174,,41.6,123.23,,,8.39,695.67,snow,Temperate Broadleaf & Mixed Forests,fertilizer; straw,CT >2mm,0,20,,,cropland,,,,aggregate,>2mm,451.42,30.7571,,,5052.018099,3667.948599,1384.0695,,,,,,16.35,1.48062,,,41.3,32.8,26
2546,174,,41.6,123.23,,,8.39,695.67,snow,Temperate Broadleaf & Mixed Forests,fertilizer; straw,IF >2mm,0,20,,,cropland,,,,aggregate,>3mm,489.205,30.753,,,5391.951231,4008.066231,1383.885,,,,,,16.69,1.58222,,,,,
2547,174,,41.6,123.23,,,8.39,695.67,snow,Temperate Broadleaf & Mixed Forests,fertilizer; straw,IF+S1>2mm,0,20,,,cropland,,,,aggregate,>4mm,443.466,29.3507,,,4935.19817,3614.41667,1320.7815,,,,,,16.83,1.59151,,,,,
2548,174,,41.6,123.23,,,8.39,695.67,snow,Temperate Broadleaf & Mixed Forests,fertilizer; straw,IF+S2>2mm,0,20,,,cropland,,,,aggregate,>5mm,473.295,38.7532,,,5506.071011,3762.177011,1743.894,,,,,,16.1,1.56234,,,,,
2549,174,,41.6,123.23,,,8.39,695.67,snow,Temperate Broadleaf & Mixed Forests,fertilizer; straw,IF+S3>2mm,0,20,,,cropland,,,,aggregate,>6mm,491.193,35.571,,,5564.804172,3964.109172,1600.695,,,,,,17.05,1.61202,,,,,
2550,174,,41.6,123.23,,,8.39,695.67,snow,Temperate Broadleaf & Mixed Forests,fertilizer; straw,IF+S4>2mm,0,20,,,cropland,,,,aggregate,>7mm,467.33,26.6684,,,5063.703574,3863.625574,1200.078,,,,,,17.16,1.63285,,,,,
2551,174,,41.6,123.23,,,8.39,695.67,snow,Temperate Broadleaf & Mixed Forests,fertilizer; straw,CT-0.25-2mm,0,20,,,cropland,,,,aggregate,0.250-2mm,479.261,25.5137,,,5133.944052,3985.827552,1148.1165,,,,,,17,1.57088,,,,,
2552,174,,41.6,123.23,,,8.39,695.67,snow,Temperate Broadleaf & Mixed Forests,fertilizer; straw,IF-0.25-2mm,0,20,,,cropland,,,,aggregate,0.250-2mm,503.125,26.5264,,,5381.29144,4187.60344,1193.688,,,,,,17.12,1.57599,,,,,
2553,174,,41.6,123.23,,,8.39,695.67,snow,Temperate Broadleaf & Mixed Forests,fertilizer; straw,IF+S1-0.25-2mm,0,20,,,cropland,,,,aggregate,0.250-2mm,461.364,26.1408,,,4993.040418,3816.704418,1176.336,,,,,,17.3,1.65326,,,,,
2554,174,,41.6,123.23,,,8.39,695.67,snow,Temperate Broadleaf & Mixed Forests,fertilizer; straw,IF+S2-0.25-2mm,0,20,,,cropland,,,,aggregate,0.250-2mm,485.227,26.645,,,5224.023962,4024.998962,1199.025,,,,,,17.71,1.6891,,,,,
2555,174,,41.6,123.23,,,8.39,695.67,snow,Temperate Broadleaf & Mixed Forests,fertilizer; straw,IF+S3-0.25-2mm,0,20,,,cropland,,,,aggregate,0.250-2mm,584.659,32.2338,,,6298.66408,4848.14308,1450.521,,,,,,18.1,1.71025,,,,,
2556,174,,41.6,123.23,,,8.39,695.67,snow,Temperate Broadleaf & Mixed Forests,fertilizer; straw,IF+S4-0.25-2mm,0,20,,,cropland,,,,aggregate,0.250-2mm,576.705,32.8655,,,6247.395396,4768.447896,1478.9475,,,,,,18.72,1.69667,,,,,
2557,174,,41.6,123.23,,,8.39,695.67,snow,Temperate Broadleaf & Mixed Forests,fertilizer; straw,CT-0.053-0.25mm,0,20,,,cropland,,,,aggregate,0.053-0.250mm,542.898,31.3294,,,5893.726937,4483.903937,1409.823,,,,,,16.21,1.60985,,,,,
2558,174,,41.6,123.23,,,8.39,695.67,snow,Temperate Broadleaf & Mixed Forests,fertilizer; straw,IF-0.053-0.25mm,0,20,,,cropland,,,,aggregate,0.053-0.250mm,542.898,34.122,,,5983.545103,4448.055103,1535.49,,,,,,16.23,1.61932,,,,,
2559,174,,41.6,123.23,,,8.39,695.67,snow,Temperate Broadleaf & Mixed Forests,fertilizer; straw,IF+S1-0.053-0.25mm,0,20,,,cropland,,,,aggregate,0.053-0.250mm,556.818,31.5751,,,6026.909366,4606.029866,1420.8795,,,,,,16.31,1.66667,,,,,
2560,174,,41.6,123.23,,,8.39,695.67,snow,Temperate Broadleaf & Mixed Forests,fertilizer; straw,IF+S2-0.053-0.25mm,0,20,,,cropland,,,,aggregate,0.053-0.250mm,548.864,31.5711,,,5955.194714,4534.495214,1420.6995,,,,,,17.83,1.76136,,,,,
2561,174,,41.6,123.23,,,8.39,695.67,snow,Temperate Broadleaf & Mixed Forests,fertilizer; straw,IF+S3-0.053-0.25mm,0,20,,,cropland,,,,aggregate,0.053-0.250mm,519.034,33.9821,,,5764.269511,4235.075011,1529.1945,,,,,,17.69,1.73295,,,,,
2562,174,,41.6,123.23,,,8.39,695.67,snow,Temperate Broadleaf & Mixed Forests,fertilizer; straw,IF+S4-0.053-0.25mm,0,20,,,cropland,,,,aggregate,0.053-0.250mm,511.08,39.0624,,,5856.080785,4098.272785,1757.808,,,,,,19.94,1.89394,,,,,
2563,174,,41.6,123.23,,,8.39,695.67,snow,Temperate Broadleaf & Mixed Forests,fertilizer; straw,CT-<0.053mm,0,20,,,cropland,,,,aggregate,<0.053mm,336.08,26.4672,,,3875.982395,2684.958395,1191.024,,,,,,11.61,1.29426,,,,,
2564,174,,41.6,123.23,,,8.39,695.67,snow,Temperate Broadleaf & Mixed Forests,fertilizer; straw,IF-<0.053mm,0,20,,,cropland,,,,aggregate,<0.053mm,350,27.2256,,,4025.654752,2800.502752,1225.152,,,,,,11.36,1.27656,,,,,
2565,174,,41.6,123.23,,,8.39,695.67,snow,Temperate Broadleaf & Mixed Forests,fertilizer; straw,IF+S1 <0.053mm,0,20,,,cropland,,,,aggregate,<0.053mm,348.011,25.3146,,,3946.290415,2807.133415,1139.157,,,,,,11.54,1.25262,,,,,
2566,174,,41.6,123.23,,,8.39,695.67,snow,Temperate Broadleaf & Mixed Forests,fertilizer; straw,IF+S2<0.053mm,0,20,,,cropland,,,,aggregate,<0.053mm,344.034,25.3105,,,3910.365547,2771.393047,1138.9725,,,,,,11.78,1.34117,,,,,
2567,174,,41.6,123.23,,,8.39,695.67,snow,Temperate Broadleaf & Mixed Forests,fertilizer; straw,IF+S3<0.053mm,0,20,,,cropland,,,,aggregate,<0.053mm,346.023,25.052,,,3919.952433,2792.612433,1127.34,,,,,,11.57,1.33594,,,,,
2568,174,,41.6,123.23,,,8.39,695.67,snow,Temperate Broadleaf & Mixed Forests,fertilizer; straw,IF+S4<0.053mm,0,20,,,cropland,,,,aggregate,<0.053mm,379.83,32.0393,,,4448.947393,3007.178893,1441.7685,,,,,,12.89,1.43701,,,,,
2569,173,from Wang et al. 2021 (https://doi.org/10.1016/j.soilbio.2021.108422),36.08,109.13,,1262,9.51,559.34,snow,Temperate Broadleaf & Mixed Forests,,,0,5.5,,Calcic cambisol,forest,,,,bulk soil,,4730.89948,164.311742,,,47862.84048,40468.81209,7394.02839,,,3600.8768,501.7195,,144.34,6.7364404,4.4,,,,
2570,173,from Wang et al. 2021 (https://doi.org/10.1016/j.soilbio.2021.108422),36.08,109.13,,1262,9.51,559.34,snow,Temperate Broadleaf & Mixed Forests,,,0,5.5,,Calcic cambisol,forest,,,,bulk soil,,4718.64745,153.930075,,,47418.6675,40491.81412,6926.853375,,,3250.9143,705.652,,135.43,6.997986,7.8,,11.7,41.9,46.26
2571,173,from Wang et al. 2021 (https://doi.org/10.1016/j.soilbio.2021.108422),36.08,109.13,,1262,9.51,559.34,snow,Temperate Broadleaf & Mixed Forests,,,0,5.5,,Calcic cambisol,forest,,,,bulk soil,,4724.77346,159.120908,,,47640.75393,40480.31307,7160.44086,,,2542.9432,728.57561,,139.88,6.8672132,7.8,,11.7,41.9,46.26
2572,173,from Wang et al. 2021 (https://doi.org/10.1016/j.soilbio.2021.108422),36.08,109.13,,1262,9.51,559.34,snow,Temperate Broadleaf & Mixed Forests,,,0,5.5,,Calcic cambisol,forest,,,,bulk soil,,3823.68303,128.884849,,,38558.46016,32758.64195,5799.818205,,,2208.1036,841.35963,,102.36,5.5058491,7.8,,11.7,41.9,46.26
2573,173,from Wang et al. 2021 (https://doi.org/10.1016/j.soilbio.2021.108422),36.08,109.13,,1262,9.51,559.34,snow,Temperate Broadleaf & Mixed Forests,,,0,5.5,,Calcic cambisol,forest,,,,bulk soil,,4008.05898,133.65499,,,40371.26536,34356.79081,6014.47455,,,2405.4483,678.6128,,92.72,5.6150507,7.8,,11.7,41.9,46.26
2574,173,from Wang et al. 2021 (https://doi.org/10.1016/j.soilbio.2021.108422),36.08,109.13,,1262,9.51,559.34,snow,Temperate Broadleaf & Mixed Forests,,,0,5.5,,Calcic cambisol,forest,,,,bulk soil,,3915.87101,131.26992,,,39464.86282,33557.71642,5907.1464,,,2512.5254,674.22878,,97.54,5.5604499,7.8,,11.7,41.9,46.26
2575,173,from Wang et al. 2021 (https://doi.org/10.1016/j.soilbio.2021.108422),36.08,109.13,,1262,9.51,559.34,snow,Temperate Broadleaf & Mixed Forests,,,0,5.5,,Calcic cambisol,forest,,,,bulk soil,,5316.40276,132.984161,,,52124.78356,46140.49632,5984.287245,,,2396.7888,616.42039,,112.17,6.6215693,7.8,,11.7,41.9,46.26
2576,173,from Wang et al. 2021 (https://doi.org/10.1016/j.soilbio.2021.108422),36.08,109.13,,1262,9.51,559.34,snow,Temperate Broadleaf & Mixed Forests,,,0,5.5,,Calcic cambisol,forest,,,,bulk soil,,5685.31335,149.244079,,,55967.94529,49251.96174,6715.983555,,,1220.8316,737.66643,,115.13,6.7514205,7.8,,11.7,41.9,46.26
2577,173,from Wang et al. 2021 (https://doi.org/10.1016/j.soilbio.2021.108422),36.08,109.13,,1262,9.51,559.34,snow,Temperate Broadleaf & Mixed Forests,,,0,5.5,,Calcic cambisol,forest,,,,bulk soil,,5500.85806,141.11412,,,54046.36447,47696.22907,6350.1354,,,1215.2497,646.86323,,113.65,6.6864949,7.8,,11.7,41.9,46.26
2578,173,from Wang et al. 2021 (https://doi.org/10.1016/j.soilbio.2021.108422),36.08,109.13,,1262,9.51,559.34,snow,Temperate Broadleaf & Mixed Forests,,,5.5,15.5,,Calcic cambisol,forest,,,,bulk soil,,1110.45218,32.9133671,,,11052.65956,9571.558042,1481.10152,,,776.91043,213.75234,,24.82,1.9829112,7.8,,11.7,41.9,46.26
2579,173,from Wang et al. 2021 (https://doi.org/10.1016/j.soilbio.2021.108422),36.08,109.13,,1262,9.51,559.34,snow,Temperate Broadleaf & Mixed Forests,,,5.5,15.5,,Calcic cambisol,forest,,,,bulk soil,,1163.13846,38.1364859,,,11694.82683,9978.68496,1716.141866,,,679.52562,176.08933,,23.68,1.9880796,8.2,,11.7,41.9,46.26
2580,173,from Wang et al. 2021 (https://doi.org/10.1016/j.soilbio.2021.108422),36.08,109.13,,1262,9.51,559.34,snow,Temperate Broadleaf & Mixed Forests,,,5.5,15.5,,Calcic cambisol,forest,,,,bulk soil,,1136.79532,35.5249265,,,11373.74319,9775.121501,1598.621693,,,633.82281,197.84113,,24.25,1.9854954,8.2,,11.7,41.9,46.26
2581,173,from Wang et al. 2021 (https://doi.org/10.1016/j.soilbio.2021.108422),36.08,109.13,,1262,9.51,559.34,snow,Temperate Broadleaf & Mixed Forests,,,5.5,15.5,,Calcic cambisol,forest,,,,bulk soil,,1117.09355,32.1248442,,,11087.07069,9641.452705,1445.617989,,,650.46013,172.75292,,24.22,1.7948247,8.2,,11.7,41.9,46.26
2582,173,from Wang et al. 2021 (https://doi.org/10.1016/j.soilbio.2021.108422),36.08,109.13,,1262,9.51,559.34,snow,Temperate Broadleaf & Mixed Forests,,,5.5,15.5,,Calcic cambisol,forest,,,,bulk soil,,1114.9097,32.5590985,,,11081.38293,9616.223497,1465.159433,,,630.06577,190.29862,,23.37,1.8329832,8.2,,11.7,41.9,46.26
2583,173,from Wang et al. 2021 (https://doi.org/10.1016/j.soilbio.2021.108422),36.08,109.13,,1262,9.51,559.34,snow,Temperate Broadleaf & Mixed Forests,,,5.5,15.5,,Calcic cambisol,forest,,,,bulk soil,,1116.00163,32.3419714,,,11084.22686,9628.838145,1455.388713,,,657.54934,180.16872,,23.79,1.813904,8.2,,11.7,41.9,46.26
2584,173,from Wang et al. 2021 (https://doi.org/10.1016/j.soilbio.2021.108422),36.08,109.13,,1262,9.51,559.34,snow,Temperate Broadleaf & Mixed Forests,,,5.5,15.5,,Calcic cambisol,forest,,,,bulk soil,,1858.2704,48.8707016,,,18296.25799,16097.07642,2199.181572,,,1100.0543,273.04061,,35.07,2.775489,8.2,,11.7,41.9,46.26
2585,173,from Wang et al. 2021 (https://doi.org/10.1016/j.soilbio.2021.108422),36.08,109.13,,1262,9.51,559.34,snow,Temperate Broadleaf & Mixed Forests,,,5.5,15.5,,Calcic cambisol,forest,,,,bulk soil,,1882.91106,53.7550817,,,18675.11985,16256.14117,2418.978677,,,1021.119,323.48273,,39.66,2.7686353,8.2,,11.7,41.9,46.26
2586,173,from Wang et al. 2021 (https://doi.org/10.1016/j.soilbio.2021.108422),36.08,109.13,,1262,9.51,559.34,snow,Temperate Broadleaf & Mixed Forests,,,5.5,15.5,,Calcic cambisol,forest,,,,bulk soil,,1870.59073,51.3128916,,,18485.68892,16176.6088,2309.080122,,,1089.6179,276.51247,,37.37,2.7720622,8.2,,11.7,41.9,46.26
2587,173,from Wang et al. 2021 (https://doi.org/10.1016/j.soilbio.2021.108422),36.08,109.13,,1262,9.51,559.34,snow,Temperate Broadleaf & Mixed Forests,,,15.5,34.5,,Calcic cambisol,forest,,,,bulk soil,,500.854967,12.6874747,,,4915.760917,4344.824556,570.9363615,,,257.841,84.451878,,13.43,1.2628067,8.2,,11.7,41.9,46.26
2588,173,from Wang et al. 2021 (https://doi.org/10.1016/j.soilbio.2021.108422),36.08,109.13,,1262,9.51,559.34,snow,Temperate Broadleaf & Mixed Forests,,,15.5,34.5,,Calcic cambisol,forest,,,,bulk soil,,500.492293,13.0121242,,,4922.938526,4337.392937,585.545589,,,274.54305,75.332207,,13.77,1.2548967,8.4,,11.7,41.9,46.26
2589,173,from Wang et al. 2021 (https://doi.org/10.1016/j.soilbio.2021.108422),36.08,109.13,,1262,9.51,559.34,snow,Temperate Broadleaf & Mixed Forests,,,15.5,34.5,,Calcic cambisol,forest,,,,bulk soil,,500.67363,12.8497994,,,4919.34972,4341.108747,578.240973,,,313.89067,64.263171,,13.6,1.2588517,8.4,,11.7,41.9,46.26
2590,173,from Wang et al. 2021 (https://doi.org/10.1016/j.soilbio.2021.108422),36.08,109.13,,1262,9.51,559.34,snow,Temperate Broadleaf & Mixed Forests,,,15.5,34.5,,Calcic cambisol,forest,,,,bulk soil,,441.518662,10.8034353,,,4321.137966,3834.983378,486.1545885,,,260.25728,82.344891,,11.66,1.068078,8.4,,11.7,41.9,46.26
2591,173,from Wang et al. 2021 (https://doi.org/10.1016/j.soilbio.2021.108422),36.08,109.13,,1262,9.51,559.34,snow,Temperate Broadleaf & Mixed Forests,,,15.5,34.5,,Calcic cambisol,forest,,,,bulk soil,,450.85924,8.83948965,,,4342.036945,3944.25991,397.7770343,,,210.22389,73.839238,,11.7,1.0625713,8.4,,11.7,41.9,46.26
2592,173,from Wang et al. 2021 (https://doi.org/10.1016/j.soilbio.2021.108422),36.08,109.13,,1262,9.51,559.34,snow,Temperate Broadleaf & Mixed Forests,,,15.5,34.5,,Calcic cambisol,forest,,,,bulk soil,,446.188951,9.82146249,,,4331.587456,3889.621644,441.9658121,,,242.68076,83.882907,,11.68,1.0653246,8.4,,11.7,41.9,46.26
2593,173,from Wang et al. 2021 (https://doi.org/10.1016/j.soilbio.2021.108422),36.08,109.13,,1262,9.51,559.34,snow,Temperate Broadleaf & Mixed Forests,,,15.5,34.5,,Calcic cambisol,forest,,,,bulk soil,,474.583501,6.42157093,,,4477.787971,4188.817279,288.9706919,,,326.32913,107.21636,,11.77,1.0474646,8.4,,11.7,41.9,46.26
2594,173,from Wang et al. 2021 (https://doi.org/10.1016/j.soilbio.2021.108422),36.08,109.13,,1262,9.51,559.34,snow,Temperate Broadleaf & Mixed Forests,,,15.5,34.5,,Calcic cambisol,forest,,,,bulk soil,,470.8686,6.64959491,,,4451.687779,4152.456008,299.231771,,,349.12275,111.53597,,11.96,1.0382668,8.4,,11.7,41.9,46.26
2595,173,from Wang et al. 2021 (https://doi.org/10.1016/j.soilbio.2021.108422),36.08,109.13,,1262,9.51,559.34,snow,Temperate Broadleaf & Mixed Forests,,,15.5,34.5,,Calcic cambisol,forest,,,,bulk soil,,472.72605,6.53558292,,,4464.73787,4170.636639,294.1012314,,,303.51184,96.107142,,11.86,1.0428657,8.4,,11.7,41.9,46.26
2596,172,"Wang, Q., 2020. Effect of Different Regeneration M ethods on Soil Microbial Residue Carbon and Lignin in subtropical Forests. Fujian Normal University",26.31,117.6,,330,14.98,1687.99,temperate,Tropical & Subtropical Moist Broadleaf Forests,,,0,10,,,forest,,,,bulk soil,,1441.58,97.9653,,,16125.06995,11716.63145,4408.4385,,,,,,51.8,2.75,,,,,
2597,172,"Wang, Q., 2020. Effect of Different Regeneration M ethods on Soil Microbial Residue Carbon and Lignin in subtropical Forests. Fujian Normal University",26.31,117.6,,330,14.98,1687.99,temperate,Tropical & Subtropical Moist Broadleaf Forests,,,0,10,,,forest,,,,bulk soil,,899.01,58.9578,,,9987.344913,7334.243913,2653.101,,,,,,30,1.91,4.08,,46.29,37.26,16.45
2598,172,"Wang, Q., 2020. Effect of Different Regeneration M ethods on Soil Microbial Residue Carbon and Lignin in subtropical Forests. Fujian Normal University",26.31,117.6,,330,14.98,1687.99,temperate,Tropical & Subtropical Moist Broadleaf Forests,,,0,10,,,forest,,,,bulk soil,,617.822,54.1935,,,7303.419121,4864.711621,2438.7075,,,,,,18.24,1.25,4.44,,49.95,34.88,8.38
2599,172,"Wang, Q., 2020. Effect of Different Regeneration M ethods on Soil Microbial Residue Carbon and Lignin in subtropical Forests. Fujian Normal University",26.31,117.6,,330,14.98,1687.99,temperate,Tropical & Subtropical Moist Broadleaf Forests,,,0,10,,,forest,,,,bulk soil,,697.03,55.3846,,,8054.600373,5562.293373,2492.307,,,,,,18.6,1.13,4.37,,49.95,38.97,11.08
2600,172,"Wang, Q., 2020. Effect of Different Regeneration M ethods on Soil Microbial Residue Carbon and Lignin in subtropical Forests. Fujian Normal University",26.31,117.6,,330,14.98,1687.99,temperate,Tropical & Subtropical Moist Broadleaf Forests,,,0,10,,,forest,,,,bulk soil,,586.139,51.8114,,,6941.656833,4610.143833,2331.513,,,,,,20.9,1.29,4.47,,47.25,40.47,11.78
2601,172,"Wang, Q., 2020. Effect of Different Regeneration M ethods on Soil Microbial Residue Carbon and Lignin in subtropical Forests. Fujian Normal University",26.31,117.6,,330,14.98,1687.99,temperate,Tropical & Subtropical Moist Broadleaf Forests,,,10,20,,,forest,,,,bulk soil,,681.188,86.3524,,,8908.037198,5022.179198,3885.858,,,,,,27,1.47,4.52,,50.27,37.47,12.26
2602,172,"Wang, Q., 2020. Effect of Different Regeneration M ethods on Soil Microbial Residue Carbon and Lignin in subtropical Forests. Fujian Normal University",26.31,117.6,,330,14.98,1687.99,temperate,Tropical & Subtropical Moist Broadleaf Forests,,,10,20,,,forest,,,,bulk soil,,304.95,42.5806,,,4114.066365,2197.939365,1916.127,,,,,,12.7,1.06,4.1,,43.12,40.62,16.27
2603,172,"Wang, Q., 2020. Effect of Different Regeneration M ethods on Soil Microbial Residue Carbon and Lignin in subtropical Forests. Fujian Normal University",26.31,117.6,,330,14.98,1687.99,temperate,Tropical & Subtropical Moist Broadleaf Forests,,,10,20,,,forest,,,,bulk soil,,293.069,41.6873,,,3978.40623,2102.47773,1875.9285,,,,,,10.86,0.83,4.28,,45.83,36.62,11.12
2604,172,"Wang, Q., 2020. Effect of Different Regeneration M ethods on Soil Microbial Residue Carbon and Lignin in subtropical Forests. Fujian Normal University",26.31,117.6,,330,14.98,1687.99,temperate,Tropical & Subtropical Moist Broadleaf Forests,,,10,20,,,forest,,,,bulk soil,,320.792,44.665,,,4323.684752,2313.759752,2009.925,,,,,,10.7,0.75,4.33,,45.83,40.84,13.33
2605,172,"Wang, Q., 2020. Effect of Different Regeneration M ethods on Soil Microbial Residue Carbon and Lignin in subtropical Forests. Fujian Normal University",26.31,117.6,,330,14.98,1687.99,temperate,Tropical & Subtropical Moist Broadleaf Forests,,,10,20,,,forest,,,,bulk soil,,269.307,35.4342,,,3563.430285,1968.891285,1594.539,,,,,,11.7,0.86,4.39,,46.11,40.45,13.45
2606,171,,23.09,112.3,,125,20.99,1653.52,temperate,Tropical & Subtropical Moist Broadleaf Forests,,,0,5,,,forest,,,,bulk soil,,921,69,291,,10508.24137,7403.241372,3105,,,,,154.94,,,,,,,
2607,171,,23.09,112.3,,125,20.99,1653.52,temperate,Tropical & Subtropical Moist Broadleaf Forests,,,5,10,,,forest,,,,bulk soil,,459,49,185,,5706.983004,3501.983004,2205,,,,,95.46,,,,,29.3,,
2608,171,,23.09,112.3,,125,20.99,1653.52,temperate,Tropical & Subtropical Moist Broadleaf Forests,,,10,20,,,forest,,,,bulk soil,,266,34,101,,3487.539227,1957.539227,1530,,,,,62.22,,,,,29.3,,
2609,171,,23.09,112.3,,125,20.99,1653.52,temperate,Tropical & Subtropical Moist Broadleaf Forests,,,20,40,,,forest,,,,bulk soil,,197,24,83,,2544.910043,1464.910043,1080,,,,,47.43,,,,,29.3,,
2610,171,,23.09,112.3,,175,20.99,1653.52,temperate,Tropical & Subtropical Moist Broadleaf Forests,,,0,5,,,forest,,,,bulk soil,,1317,79,458,,14393.87056,10838.87056,3555,,,,,114.2,,,,,29.3,,
2611,171,,23.09,112.3,,175,20.99,1653.52,temperate,Tropical & Subtropical Moist Broadleaf Forests,,,5,10,,,forest,,,,bulk soil,,789,61,330,,9062.938025,6317.938025,2745,,,,,75.24,,,,,29.3,,
2612,171,,23.09,112.3,,175,20.99,1653.52,temperate,Tropical & Subtropical Moist Broadleaf Forests,,,10,20,,,forest,,,,bulk soil,,389,40,151,,4787.516738,2987.516738,1800,,,,,41.41,,,,,29.3,,
2613,171,,23.09,112.3,,175,20.99,1653.52,temperate,Tropical & Subtropical Moist Broadleaf Forests,,,20,40,,,forest,,,,bulk soil,,283,36,110,,3704.865064,2084.865064,1620,,,,,21.21,,,,,29.3,,
2614,171,,23.09,112.3,,175,20.99,1653.52,temperate,Tropical & Subtropical Moist Broadleaf Forests,,,0,5,,,forest,,,,bulk soil,,1324,119,394,,15743.38729,10388.38729,5355,,,,,103.25,,,,,29.3,,
2615,171,,23.09,112.3,,175,20.99,1653.52,temperate,Tropical & Subtropical Moist Broadleaf Forests,,,5,10,,,forest,,,,bulk soil,,897,121,274,,11964.71313,6519.713131,5445,,,,,61.8,,,,,29.3,,
2616,171,,23.09,112.3,,175,20.99,1653.52,temperate,Tropical & Subtropical Moist Broadleaf Forests,,,10,20,,,forest,,,,bulk soil,,489,86,165,,7167.010986,3297.010986,3870,,,,,36.13,,,,,29.3,,
2617,171,,23.09,112.3,,175,20.99,1653.52,temperate,Tropical & Subtropical Moist Broadleaf Forests,,,20,40,,,forest,,,,bulk soil,,225,38,82,,3247.190901,1537.190901,1710,,,,,25.4,,,,,29.3,,
2618,171,,23.09,112.3,,175,20.99,1653.52,temperate,Tropical & Subtropical Moist Broadleaf Forests,,,0,5,,,forest,,,,bulk soil,,1278,160,384,,16648.06695,9448.066951,7200,,,,,127.93,,,,,29.3,,
2619,171,,23.09,112.3,,175,20.99,1653.52,temperate,Tropical & Subtropical Moist Broadleaf Forests,,,5,10,,,forest,,,,bulk soil,,871,120,370,,11698.55021,6298.550213,5400,,,,,80.18,,,,,29.3,,
2620,171,,23.09,112.3,,175,20.99,1653.52,temperate,Tropical & Subtropical Moist Broadleaf Forests,,,10,20,,,forest,,,,bulk soil,,573,78,242,,7665.707638,4155.707638,3510,,,,,47.21,,,,,29.3,,
2621,171,,23.09,112.3,,175,20.99,1653.52,temperate,Tropical & Subtropical Moist Broadleaf Forests,,,20,40,,,forest,,,,bulk soil,,306,50,117,,4362.145922,2112.145922,2250,,,,,28.88,,,,,29.3,,
2622,171,,23.09,112.3,,325,20.99,1653.52,temperate,Tropical & Subtropical Moist Broadleaf Forests,,,0,5,,,forest,,,,bulk soil,,2053,169,624,,23912.53322,16307.53322,7605,,,,,132.53,,,,,29.3,,
2623,171,,23.09,112.3,,325,20.99,1653.52,temperate,Tropical & Subtropical Moist Broadleaf Forests,,,5,10,,,forest,,,,bulk soil,,849,260,389,,16003.35879,4303.358795,11700,,,,,47.12,,,,,29.3,,
2624,171,,23.09,112.3,,325,20.99,1653.52,temperate,Tropical & Subtropical Moist Broadleaf Forests,,,10,20,,,forest,,,,bulk soil,,670,161,221,,11208.22987,3963.229869,7245,,,,,28.12,,,,,29.3,,
2625,171,,23.09,112.3,,325,20.99,1653.52,temperate,Tropical & Subtropical Moist Broadleaf Forests,,,20,40,,,forest,,,,bulk soil,,462,126,168,,8210.527724,2540.527724,5670,,,,,15.63,,,,,29.3,,
2626,170,,43.36,124.4,,65,7.05,614.81,snow,Temperate Broadleaf & Mixed Forests,,,0,20,,Typic Hapludolls,cropland,,,,bulk soil,,962,61,451,,10619.93802,7874.938025,2745,,,,,,15.56,1.47,,,,,
2627,170,,43.36,124.4,,65,7.05,614.81,snow,Temperate Broadleaf & Mixed Forests,,,0,20,,Typic Hapludolls,cropland,,,,bulk soil,,985,55,465,,10633.96051,8158.960514,2475,,,,,,15.56,1.47,,,,,
2628,170,,43.36,124.4,,65,7.05,614.81,snow,Temperate Broadleaf & Mixed Forests,,,0,20,,Typic Hapludolls,cropland,,,,bulk soil,,895,46,376,,9534.494248,7464.494248,2070,,,,,,15.56,1.47,,,,,
2629,170,,43.36,124.4,,65,7.05,614.81,snow,Temperate Broadleaf & Mixed Forests,,,0,20,,Typic Hapludolls,cropland,,,,bulk soil,,1027,53,470,,10947.63468,8562.634677,2385,,,,,,15.56,1.47,,,,,
2630,170,,43.36,124.4,,65,7.05,614.81,snow,Temperate Broadleaf & Mixed Forests,,,0,20,,Typic Hapludolls,cropland,,,,bulk soil,,1056,46,457,,10983.49425,8913.494248,2070,,,,,,15.56,1.47,,,,,
2631,170,,43.36,124.4,,65,7.05,614.81,snow,Temperate Broadleaf & Mixed Forests,,,0,20,,Typic Hapludolls,cropland,,,,bulk soil,,1019,49,421,,10746.983,8541.983004,2205,,,,,,15.56,1.47,,,,,
2632,170,,43.36,124.4,,65,7.05,614.81,snow,Temperate Broadleaf & Mixed Forests,,,0,20,,Typic Hapludolls,cropland,,,,bulk soil,,995,47,460,,10466.65717,8351.657167,2115,,,,,,15.56,1.47,,,,,
2633,170,,43.36,124.4,,65,7.05,614.81,snow,Temperate Broadleaf & Mixed Forests,,,0,20,,Typic Hapludolls,cropland,,,,bulk soil,,897,44,480,,9488.168411,7508.168411,1980,,,,,,15.56,1.47,,,,,
2634,170,,43.36,124.4,,65,7.05,614.81,snow,Temperate Broadleaf & Mixed Forests,,,0,20,,Typic Hapludolls,cropland,,,,bulk soil,,963,47,479,,10178.65717,8063.657167,2115,,,,,,15.56,1.47,,,,,
2635,170,,43.36,124.4,,65,7.05,614.81,snow,Temperate Broadleaf & Mixed Forests,,,0,20,,Typic Hapludolls,cropland,,,,bulk soil,,894,47,473,,9557.657167,7442.657167,2115,,,,,,15.56,1.47,,,,,
2636,169,,43.3,124.48,,65,7.05,614.81,snow,Temperate Broadleaf & Mixed Forests,,,0,20,,Typic Hapludolls,cropland,,,,bulk soil,,852,53,416,,9372.634677,6987.634677,2385,,,,,,15.56,1.47,6.07,,27,50,23
2637,168,,41.82,123.57,,75,7.75,793.81,snow,Temperate Broadleaf & Mixed Forests,fertilizer,CK,0,20,,,cropland,,,,bulk soil,,615.929,18.2903,,,6131.630427,5308.566927,823.0635,,,,,,10.78,,5.58,,41.2,33.2,25.6
2638,168,,41.82,123.57,,75,7.75,793.81,snow,Temperate Broadleaf & Mixed Forests,fertilizer,N2,0,20,,,cropland,,,,bulk soil,,387.611,16.6998,,,4025.613305,3274.122305,751.491,,,,,,10.32,,6.66,,,,
2639,168,,41.82,123.57,,75,7.75,793.81,snow,Temperate Broadleaf & Mixed Forests,fertilizer,M2,0,20,,,cropland,,,,bulk soil,,623.894,23.8569,,,6382.353529,5308.793029,1073.5605,,,,,,13.97,,5.05,,,,
2640,168,,41.82,123.57,,75,7.75,793.81,snow,Temperate Broadleaf & Mixed Forests,fertilizer,M2N2,0,20,,,cropland,,,,bulk soil,,865.487,82.3062,,,10436.5906,6732.811598,3703.779,,,,,,15.8,,6.57,,,,
2641,168,,41.82,123.57,,75,7.75,793.81,snow,Temperate Broadleaf & Mixed Forests,fertilizer,CK,20,40,,,cropland,,,,bulk soil,,634.395,52.3379,,,7392.894609,5037.689109,2355.2055,,,,,,7.4,,5.74,,,,
2642,168,,41.82,123.57,,75,7.75,793.81,snow,Temperate Broadleaf & Mixed Forests,fertilizer,N2,20,40,,,cropland,,,,bulk soil,,647.134,43.8507,,,7234.572488,5261.290988,1973.2815,,,,,,7.12,,6.86,,,,
2643,168,,41.82,123.57,,75,7.75,793.81,snow,Temperate Broadleaf & Mixed Forests,fertilizer,M2,20,40,,,cropland,,,,bulk soil,,777.07,23.4185,,,7746.837306,6693.004806,1053.8325,,,,,,9.5,,5.18,,,,
2644,168,,41.82,123.57,,75,7.75,793.81,snow,Temperate Broadleaf & Mixed Forests,fertilizer,M2N2,20,40,,,cropland,,,,bulk soil,,675.159,25.3045,,,6890.29757,5751.59507,1138.7025,,,,,,9.27,,6.71,,,,
2645,168,,41.82,123.57,,75,7.75,793.81,snow,Temperate Broadleaf & Mixed Forests,fertilizer,CK,40,60,,,cropland,,,,bulk soil,,575.551,17.7305,,,5750.223625,4952.351125,797.8725,,,,,,3.7,,6.76,,,,
2646,168,,41.82,123.57,,75,7.75,793.81,snow,Temperate Broadleaf & Mixed Forests,fertilizer,N2,40,60,,,cropland,,,,bulk soil,,601.202,15.9574,,,5924.054555,5205.971555,718.083,,,,,,3.7,,5.6,,,,
2647,168,,41.82,123.57,,75,7.75,793.81,snow,Temperate Broadleaf & Mixed Forests,fertilizer,M2,40,60,,,cropland,,,,bulk soil,,373.547,21.2766,,,4046.240551,3088.793551,957.447,,,,,,4.98,,5.56,,,,
2648,168,,41.82,123.57,,75,7.75,793.81,snow,Temperate Broadleaf & Mixed Forests,fertilizer,M2N2,40,60,,,cropland,,,,bulk soil,,322.244,10.0473,,,3223.34649,2771.21799,452.1285,,,,,,5.48,,6.75,,,,
2649,168,,41.82,123.57,,75,7.75,793.81,snow,Temperate Broadleaf & Mixed Forests,fertilizer,CK,0,20,,,cropland,,,,bulk soil,,663.717,165.805,,,11306.22569,3845.000692,7461.225,,,,,,10.78,,6.75,,,,
2650,168,,41.82,123.57,,75,7.75,793.81,snow,Temperate Broadleaf & Mixed Forests,fertilizer,N2,0,20,,,cropland,,,,bulk soil,,671.681,151.491,,,10917.52168,4100.426678,6817.095,,,,,,10.91,,6.58,,,,
2651,168,,41.82,123.57,,75,7.75,793.81,snow,Temperate Broadleaf & Mixed Forests,fertilizer,M2,0,20,,,cropland,,,,bulk soil,,825.664,29.0258,,,8364.530438,7058.369438,1306.161,,,,,,11.61,,5.07,,,,
2652,168,,41.82,123.57,,75,7.75,793.81,snow,Temperate Broadleaf & Mixed Forests,fertilizer,M2N2,0,20,,,cropland,,,,bulk soil,,1109.73,73.9563,,,12366.22045,9038.186945,3328.0335,,,,,,14.91,,6.14,,,,
2653,168,,41.82,123.57,,75,7.75,793.81,snow,Temperate Broadleaf & Mixed Forests,fertilizer,CK,20,40,,,cropland,,,,bulk soil,,677.707,63.9686,,,8156.779865,5278.192865,2878.587,,,,,,8.39,,5.62,,,,
2654,168,,41.82,123.57,,75,7.75,793.81,snow,Temperate Broadleaf & Mixed Forests,fertilizer,N2,20,40,,,cropland,,,,bulk soil,,868.79,27.3477,,,8698.691845,7468.045345,1230.6465,,,,,,9.87,,6.72,,,,
2655,168,,41.82,123.57,,75,7.75,793.81,snow,Temperate Broadleaf & Mixed Forests,fertilizer,M2,20,40,,,cropland,,,,bulk soil,,963.057,28.7623,,,9592.592509,8298.289009,1294.3035,,,,,,10.17,,5.62,,,,
2656,168,,41.82,123.57,,75,7.75,793.81,snow,Temperate Broadleaf & Mixed Forests,fertilizer,M2N2,20,40,,,cropland,,,,bulk soil,,1052.23,56.7387,,,11294.95218,8741.710681,2553.2415,,,,,,10.26,,6.48,,,,
2657,168,,41.82,123.57,,75,7.75,793.81,snow,Temperate Broadleaf & Mixed Forests,fertilizer,CK,40,60,,,cropland,,,,bulk soil,,626.854,22.4586,,,6364.02012,5353.38312,1010.637,,,,,,4.91,,6.22,,,,
2658,168,,41.82,123.57,,75,7.75,793.81,snow,Temperate Broadleaf & Mixed Forests,fertilizer,N2,40,60,,,cropland,,,,bulk soil,,549.9,47.2813,,,6469.804596,4342.146096,2127.6585,,,,,,5.57,,6.79,,,,
2659,168,,41.82,123.57,,75,7.75,793.81,snow,Temperate Broadleaf & Mixed Forests,fertilizer,M2,40,60,,,cropland,,,,bulk soil,,493.788,203.901,,,11002.14323,1826.598233,9175.545,,,,,,5.78,,6.34,,,,
2660,168,,41.82,123.57,,75,7.75,793.81,snow,Temperate Broadleaf & Mixed Forests,fertilizer,M2N2,40,60,,,cropland,,,,bulk soil,,307.816,60.8747,,,4728.252011,1988.890511,2739.3615,,,,,,4.65,,6.25,,,,
2661,167,,35.2,107.67,,1220,10.62,595.55,snow,Temperate Broadleaf & Mixed Forests,CK,,0,10,,,cropland,,,,bulk soil,,451.737,38.61,,,5307.443281,3569.993281,1737.45,,,,,,8.48,0.95,,,,,6.1
2662,167,,35.2,107.67,,1220,10.62,595.55,snow,Temperate Broadleaf & Mixed Forests,PF,,0,10,,,cropland,,,,bulk soil,,362.934,30.888,,,4259.854225,2869.894225,1389.96,,,,,,8.17,0.91,,,,,
2663,167,,35.2,107.67,,1220,10.62,595.55,snow,Temperate Broadleaf & Mixed Forests,FM,,0,10,,,cropland,,,,bulk soil,,559.846,54.0541,,,6777.15161,4344.71711,2432.4345,,,,,,12.38,1.37,,,,,
2664,167,,35.2,107.67,,1220,10.62,595.55,snow,Temperate Broadleaf & Mixed Forests,CK,,10,20,,,cropland,,,,bulk soil,,350.201,32.1285,,,4185.155325,2739.372825,1445.7825,,,,,,7.84,0.88,,,,,
2665,167,,35.2,107.67,,1220,10.62,595.55,snow,Temperate Broadleaf & Mixed Forests,PF,,10,20,,,cropland,,,,bulk soil,,318.072,25.7028,,,3689.32506,2532.69906,1156.626,,,,,,7.58,0.82,,,,,
2666,167,,35.2,107.67,,1220,10.62,595.55,snow,Temperate Broadleaf & Mixed Forests,FM,,10,20,,,cropland,,,,bulk soil,,485.141,44.9799,,,5812.953855,3788.858355,2024.0955,,,,,,9.77,1.16,,,,,
2667,,,41.517,123.4,,,8.39,695.67,snow,Temperate Broadleaf & Mixed Forests,,,0,20,,,cropland,,,,bulk soil,,586,31.8,,,6296.780806,4865.780806,1431,1431,4865.71,,,10.01,,1.21,7.4,,,,
2668,,,42.24,128.06,,600,1.76,764.26,snow,Temperate Broadleaf & Mixed Forests,,,0,5,,,forest,,,,bulk soil,,346,,212,,,,,,,,,58.67,,,,,7,,
2669,187,Data from Wang et al. 2021 https://doi.org/10.1016/j.soilbio.2021.108422,28.07,112.18,,,16.89,1451.07,temperate,Tropical & Subtropical Moist Broadleaf Forests,fertilizer,Rhizosphere-CT,0,15,,,cropland,,,,rhizosphere,,727.119,55.9322,,,8343.013787,5826.064787,2516.949,,,,,,20.6,,6.61,,,,
2670,187,Data from Wang et al. 2021 https://doi.org/10.1016/j.soilbio.2021.108422,28.07,112.18,,,16.89,1451.07,temperate,Tropical & Subtropical Moist Broadleaf Forests,fertilizer,Rhizosphere-NPK,0,15,,,cropland,,,,rhizosphere,,706.78,45.2542,,,7816.527144,5780.088144,2036.439,,,,,,20.16,,,,,,
2671,187,Data from Wang et al. 2021 https://doi.org/10.1016/j.soilbio.2021.108422,28.07,112.18,,,16.89,1451.07,temperate,Tropical & Subtropical Moist Broadleaf Forests,fertilizer,Rhizosphere-NPKS,0,15,,,cropland,,,,rhizosphere,,838.983,51.3559,,,9202.602623,6891.587123,2311.0155,,,,,,20.92,,,,,,
2672,187,Data from Wang et al. 2021 https://doi.org/10.1016/j.soilbio.2021.108422,28.07,112.18,,,16.89,1451.07,temperate,Tropical & Subtropical Moist Broadleaf Forests,fertilizer,Rhizosphere-LOM,0,15,,,cropland,,,,rhizosphere,,788.136,58.4746,,,8973.937791,6342.580791,2631.357,,,,,,20.6,,,,,,
2673,187,Data from Wang et al. 2021 https://doi.org/10.1016/j.soilbio.2021.108422,28.07,112.18,,,16.89,1451.07,temperate,Tropical & Subtropical Moist Broadleaf Forests,fertilizer,Rhizosphere-HOM,0,15,,,cropland,,,,rhizosphere,,1057.63,62.5424,,,11530.21611,8715.80811,2814.408,,,,,,24.93,,,,,,
2674,187,Data from Wang et al. 2021 https://doi.org/10.1016/j.soilbio.2021.108422,28.07,112.18,,,16.89,1451.07,temperate,Tropical & Subtropical Moist Broadleaf Forests,fertilizer,Non-Rhizosphere-CT,0,15,,,cropland,,,,bulk soil,,1016.95,67.6271,,,11327.6349,8284.415402,3043.2195,,,,,,24.82,,,,,,
2675,187,Data from Wang et al. 2021 https://doi.org/10.1016/j.soilbio.2021.108422,28.07,112.18,,,16.89,1451.07,temperate,Tropical & Subtropical Moist Broadleaf Forests,fertilizer,Non-Rhizosphere-NPK,0,15,,,cropland,,,,bulk soil,,1103.39,76.2712,,,12383.61439,8951.410385,3432.204,,,,,,29.81,,,,,,
2676,187,Data from Wang et al. 2021 https://doi.org/10.1016/j.soilbio.2021.108422,28.07,112.18,,,16.89,1451.07,temperate,Tropical & Subtropical Moist Broadleaf Forests,fertilizer,Non-Rhizosphere-NPKS,0,15,,,cropland,,,,bulk soil,,1093.22,92.5424,,,12815.41366,8651.005664,4164.408,,,,,,29.16,,,,,,
2677,187,Data from Wang et al. 2021 https://doi.org/10.1016/j.soilbio.2021.108422,28.07,112.18,,,16.89,1451.07,temperate,Tropical & Subtropical Moist Broadleaf Forests,fertilizer,Non-Rhizosphere-LOM,0,15,,,cropland,,,,bulk soil,,1225.42,110.847,,,14593.94302,9605.82802,4988.115,,,,,,33.82,,,,,,
2678,187,Data from Wang et al. 2021 https://doi.org/10.1016/j.soilbio.2021.108422,28.07,112.18,,,16.89,1451.07,temperate,Tropical & Subtropical Moist Broadleaf Forests,fertilizer,Non-Rhizosphere-HOM,0,15,,,cropland,,,,bulk soil,,1205.08,95.5932,,,13920.2763,9618.582295,4301.694,,,,,,33.28,,,,,,
2679,186,,43.36,124.4,,65,7.05,614.81,snow,Temperate Broadleaf & Mixed Forests,,,0,20,,Typic Hapludolls,cropland,,,,bulk soil,,883,79,517,,10487.87056,6932.870557,3555,,,,,,15.6,1.65,6.3,,,,
2680,186,,43.36,124.4,,65,7.05,614.81,snow,Temperate Broadleaf & Mixed Forests,,,0,20,,Typic Hapludolls,cropland,,,,bulk soil,,916,99,658,,11428.12893,6973.128926,4455,,,,,,15.6,1.65,6.3,,,,
2681,186,,43.36,124.4,,65,7.05,614.81,snow,Temperate Broadleaf & Mixed Forests,,,0,20,,Typic Hapludolls,cropland,,,,bulk soil,,899,96,737,,11178.64017,6858.64017,4320,,,,,,15.6,1.65,6.3,,,,
2682,186,,43.36,124.4,,65,7.05,614.81,snow,Temperate Broadleaf & Mixed Forests,,,0,20,,Typic Hapludolls,cropland,,,,bulk soil,,964,108,695,,12149.59519,7289.595192,4860,,,,,,15.6,1.65,6.3,,,,
2683,186,,43.36,124.4,,65,7.05,614.81,snow,Temperate Broadleaf & Mixed Forests,,,0,20,,Typic Hapludolls,cropland,,,,bulk soil,,1050,114,760,,13116.5727,7986.572702,5130,,,,,,15.6,1.65,6.3,,,,
2684,186,,43.36,124.4,,65,7.05,614.81,snow,Temperate Broadleaf & Mixed Forests,,,0,20,,Typic Hapludolls,cropland,,,,bulk soil,,1151,110,909,,13896.92103,8946.921029,4950,,,,,,15.6,1.65,6.3,,,,
2685,186,,43.36,124.4,,65,7.05,614.81,snow,Temperate Broadleaf & Mixed Forests,,,0,20,,Typic Hapludolls,cropland,,,,bulk soil,,1196,104,922,,14108.94352,9428.943518,4680,,,,,,15.6,1.65,6.3,,,,
2686,186,,43.36,124.4,,65,7.05,614.81,snow,Temperate Broadleaf & Mixed Forests,,,0,20,,Typic Hapludolls,cropland,,,,bulk soil,,1164,104,867,,13820.94352,9140.943518,4680,,,,,,15.6,1.65,6.3,,,,
2687,186,,43.36,124.4,,65,7.05,614.81,snow,Temperate Broadleaf & Mixed Forests,,,0,20,,Typic Hapludolls,cropland,,,,bulk soil,,1145,96,868,,13392.64017,9072.64017,4320,,,,,,15.6,1.65,6.3,,,,
2688,185,,41.08,123.4,,229,8.18,795.71,snow,Temperate Broadleaf & Mixed Forests,,,0,20,,Hapli-Udic Cambisols,cropland,,,,bulk soil,,507,63,205,,6589.263862,3754.263862,2835,,,,,,10.5,0.9,6,,19.39,58.06,21.08
2689,185,,41.08,123.4,,229,8.18,795.71,snow,Temperate Broadleaf & Mixed Forests,,,0,20,,Hapli-Udic Cambisols,cropland,,,,bulk soil,,533,67,218,,6951.915536,3936.915536,3015,,,,,,10.5,0.9,6,,19.39,58.06,21.08
2690,185,,41.08,123.4,,229,8.18,795.71,snow,Temperate Broadleaf & Mixed Forests,,,0,20,,Hapli-Udic Cambisols,cropland,,,,bulk soil,,570,70,255,,7381.404291,4231.404291,3150,,,,,,10.5,0.9,6,,19.39,58.06,21.08
2691,185,,41.08,123.4,,229,8.18,795.71,snow,Temperate Broadleaf & Mixed Forests,,,0,20,,Hapli-Udic Cambisols,cropland,,,,bulk soil,,692,75,318,,8640.218883,5265.218883,3375,,,,,,10.5,0.9,6,,19.39,58.06,21.08
2692,185,,41.08,123.4,,229,8.18,795.71,snow,Temperate Broadleaf & Mixed Forests,,,0,20,,Hapli-Udic Cambisols,cropland,,,,bulk soil,,793,81,323,,9742.196394,6097.196394,3645,,,,,,10.5,0.9,6,,19.39,58.06,21.08
2693,185,,41.08,123.4,,229,8.18,795.71,snow,Temperate Broadleaf & Mixed Forests,,,0,20,,Hapli-Udic Cambisols,cropland,,,,bulk soil,,817,81,356,,9958.196394,6313.196394,3645,,,,,,10.5,0.9,6,,19.39,58.06,21.08
2694,185,,41.08,123.4,,229,8.18,795.71,snow,Temperate Broadleaf & Mixed Forests,,,0,20,,Hapli-Udic Cambisols,cropland,,,,bulk soil,,812,76,352,,9752.381802,6332.381802,3420,,,,,,10.5,0.9,6,,19.39,58.06,21.08
2695,185,,41.08,123.4,,229,8.18,795.71,snow,Temperate Broadleaf & Mixed Forests,,,0,20,,Hapli-Udic Cambisols,cropland,,,,bulk soil,,779,69,327,,9230.241372,6125.241372,3105,,,,,,10.5,0.9,6,,19.39,58.06,21.08
2696,184,from Wang et al. 2021 (https://doi.org/10.1016/j.soilbio.2021.108422),48.97,125.27,,,0.25,547.37,snow,"Temperate Grasslands, Savannas & Shrublands",,,0,15,,Chernozems,grassland,,,,bulk soil,,1886.54354,110.78,,,20541.89996,15556.79996,4985.1,,,,,,35.63,2.85,6.15,,,,
2697,184,from Wang et al. 2021 (https://doi.org/10.1016/j.soilbio.2021.108422),48.97,125.27,,,0.25,547.37,snow,"Temperate Grasslands, Savannas & Shrublands",,,15,30,,Chernozems,grassland,,,,bulk soil,,1495.90087,79.3644444,,,16015.69998,12444.29998,3571.399998,,,,,,25.35,1.85,6.42,,34.1,25.3,40.5
2698,184,from Wang et al. 2021 (https://doi.org/10.1016/j.soilbio.2021.108422),48.97,125.27,,,0.25,547.37,snow,"Temperate Grasslands, Savannas & Shrublands",,,30,60,,Chernozems,grassland,,,,bulk soil,,1058.69261,49.6026667,,,11123.60001,8891.480012,2232.120002,,,,,,15.62,1.22,6.5,,35.6,30.8,32.9
2699,184,from Wang et al. 2021 (https://doi.org/10.1016/j.soilbio.2021.108422),48.97,125.27,,,0.25,547.37,snow,"Temperate Grasslands, Savannas & Shrublands",,,60,90,,Chernozems,grassland,,,,bulk soil,,652.873014,29.7666667,,,6833.239999,5493.739998,1339.500002,,,,,,10.29,0.83,6.59,,35.2,33.6,30.6
2700,184,from Wang et al. 2021 (https://doi.org/10.1016/j.soilbio.2021.108422),48.97,125.27,,,0.25,547.37,snow,"Temperate Grasslands, Savannas & Shrublands",,,0,15,,Chernozems,cropland,,,,bulk soil,,1441.12596,100.866667,,,16214.30002,11675.30001,4539.000015,,,,,,30.61,2.41,6.67,,37.8,30.6,31.1
2701,184,from Wang et al. 2021 (https://doi.org/10.1016/j.soilbio.2021.108422),48.97,125.27,,,0.25,547.37,snow,"Temperate Grasslands, Savannas & Shrublands",,,15,30,,Chernozems,cropland,,,,bulk soil,,1019.32912,72.7464444,,,11513.70004,8240.11004,3273.589998,,,,,,17.25,1.38,6.25,,35.6,25.2,38.8
2702,184,from Wang et al. 2021 (https://doi.org/10.1016/j.soilbio.2021.108422),48.97,125.27,,,0.25,547.37,snow,"Temperate Grasslands, Savannas & Shrublands",,,30,60,,Chernozems,cropland,,,,bulk soil,,655.944212,39.6973333,,,7180.280001,5393.900003,1786.379999,,,,,,12.65,1.11,6.46,,35.8,31.6,32.1
2703,184,from Wang et al. 2021 (https://doi.org/10.1016/j.soilbio.2021.108422),48.97,125.27,,,0.25,547.37,snow,"Temperate Grasslands, Savannas & Shrublands",,,60,90,,Chernozems,cropland,,,,bulk soil,,474.914399,24.8015556,,,5071.920001,3955.849999,1116.070002,,,,,,9.27,0.82,6.53,,37.4,31.5,30.8
2704,183,,43.19,124.14,,138,7.05,614.81,snow,Temperate Broadleaf & Mixed Forests,,,0,2,,,cropland,,,,bulk soil,,513,41,258,,5935.679656,4090.679656,1845,,,,,,11.3,1.2,7.1,,24.8,47.7,27.5
2705,183,,43.19,124.14,,138,7.05,614.81,snow,Temperate Broadleaf & Mixed Forests,,,0,2,,,cropland,,,,bulk soil,,539,38,277,,6073.190901,4363.190901,1710,,,,,,11.3,1.2,7.1,,24.8,47.7,27.5
2706,183,,43.19,124.14,,138,7.05,614.81,snow,Temperate Broadleaf & Mixed Forests,,,0,2,,,cropland,,,,bulk soil,,607,42,310,,6813.842575,4923.842575,1890,,,,,,11.3,1.2,7.1,,24.8,47.7,27.5
2707,183,,43.19,124.14,,138,7.05,614.81,snow,Temperate Broadleaf & Mixed Forests,,,0,2,,,cropland,,,,bulk soil,,658,55,324,,7690.960514,5215.960514,2475,,,,,,11.3,1.2,7.1,,24.8,47.7,27.5
2708,182,,41.31,123.24,,55,8.18,795.71,snow,Temperate Broadleaf & Mixed Forests,,,0,20,,Hapli-Udic Cambisols,cropland,,,,bulk soil,,577,60,237,,7122.775106,4422.775106,2700,,,,,,8.97,0.96,6,,,,
2709,182,,41.31,123.24,,55,8.18,795.71,snow,Temperate Broadleaf & Mixed Forests,,,0,20,,Hapli-Udic Cambisols,cropland,,,,bulk soil,,582,69,238,,7457.241372,4352.241372,3105,,,,,,8.97,0.96,6,,,,
2710,182,,41.31,123.24,,55,8.18,795.71,snow,Temperate Broadleaf & Mixed Forests,,,0,20,,Hapli-Udic Cambisols,cropland,,,,bulk soil,,597,68,247,,7560.078454,4500.078454,3060,,,,,,8.97,0.96,6,,,,
2711,182,,41.31,123.24,,55,8.18,795.71,snow,Temperate Broadleaf & Mixed Forests,,,0,20,,Hapli-Udic Cambisols,cropland,,,,bulk soil,,600,73,257,,7747.893046,4462.893046,3285,,,,,,8.97,0.96,6,,,,
2712,182,,41.31,123.24,,55,8.18,795.71,snow,Temperate Broadleaf & Mixed Forests,,,0,20,,Hapli-Udic Cambisols,cropland,,,,bulk soil,,606,71,261,,7737.567209,4542.567209,3195,,,,,,8.97,0.96,6,,,,
2713,182,,41.31,123.24,,55,8.18,795.71,snow,Temperate Broadleaf & Mixed Forests,,,0,20,,Hapli-Udic Cambisols,cropland,,,,bulk soil,,611,71,264,,7782.567209,4587.567209,3195,,,,,,8.97,0.96,6,,,,