ACTION,AS_units,AS_COMPLETION,ROW_COMPLETION,skip,checked_for_duplicates,row_number,Source,Source DOI,author,author_doi,data_location,sample,notes,notes2,treatment_OLD,treatment,treatment_NOTES,treatment_level,latitude,longitude,lat_lon_notes,location,elevation_m,lyrtop_cm,lyrbot_cm,horizon,soil_type,ecosystem,wetland_type,aridity,plant_species,MAP(mm),MAT(°),Duration (year),year_sampled,fraction_scheme,aggregate_size_OLD,aggregate_size,amino_sugars,AS_units,gluN,gluN_units,murA,murA_units,galN,galN_units,manN,manN_units,microbial_necromass_C,MNC_units,fungal_necromass_C,FNC_units,bacterial_necromass_C,BNC_units,bacterial_biomass_C,bbc_units,fungal_biomass_C,fbc_units,microbial_biomass_C,MBC-units,microbial_biomass_N,MBN-units,soc,SOC_units,soil_C,TC_units,soil_N,TN_units,soil C/N,pH,pH_method,clay,silt,sand,texture,bulk_density,Method,other_variables_available
checked?,,,,,,2,,,,,,,,,check,,,check,,,,,,,,,,checked,checked,,checked,,,,,,,,,,,,,,,,,,,,,,,,,,,,,GET UNITS,,GET UNITS,,GET UNITS,CHECK UNITS,,CHECK UNITS,,,,,,,,,,,
,,,,,Y,2,,,,,,,,,,,,,,,,,m,cm,cm,,,,,,,,,,,bulk vs. aggregate,,,,,ug/g = mg/kg,,,,,,,,mg/kg,,mg/kg,,mg/kg,,,ug/g,,ug/g,mg/kg soil,,mg/kg soil,,,,mg/g = g/kg,,mg/g = g/kg,,,,,,,,,gcm3,,
,,,,,,3,STUDY,,,,,,,,EXPERIMENTAL,,,,,,,,,,,,,,,,,,,,,,,,AMINO SUGARS,,,,,,,,,,NECROMASS,,,,,,BIOMASS,,,,,,,,SOIL,,,,,,,,,,,,,,,
,,,,,,,,,,,,,,,,,,,,,,,,,,,,,,,,,,,,,,,,,,,,,,,,,,,,,,,,,,,,,,,,,,,,,,,,,,,,,,
,,,,,,,,,Qiu et al. 2026,https://doi.org/10.1007/s11104-026-08377-y,Fig 4,,,,,,,,,,,,,,,,,,,,,,,,,,,,,,,,,,,,,,,,,,,,,,,,,,,,,,,,,,,,,,,,,,,
,,,,,,,,,Fatima 2025,https://doi.org/10.1002/ldr.70255,Fig 4,,,,,,,,,,,,,,,,,,,,,,,,,,,,,,,,,,,,,,,,,,,,,,,,,,,,,,,,,,,,,,,,,,,
,,,,,,,,,Jin 2026,https://doi.org/10.1002/ldr.70495,Reasonable request,,,,,,,,,,,,,,,,,,,,,,,,,,,,,,,,,,,,,,,,,,,,,,,,,,,,,,,,,,,,,,,,,,,
,,,,,,,,,Sun et al. 2026,https://doi.org/10.1016/j.apsoil.2025.106671,Fig 6,,,,,,,,,,,,,,,,,,,,,,,,,,,,,,,,,,,,,,,,,,,,,,,,,,,,,,,,,,,,,,,,,,,
,,,,,,,,,Cong et al. 2025,https://doi.org/10.1111/nph.70768,Table S3,,,,,,,,,,,,,,,,,,,,,,,,,,,,,,,,,,,,,,,,,,,,,,,,,,,,,,,,,,,,,,,,,,,
,,,,,,,,,Yuan et al. 2026,https://doi.org/10.1007/s11104-026-08676-4,Fig,,,,,,,,,,,,,,,,,,,,,,,,,,,,,,,,,,,,,,,,,,,,,,,,,,,,,,,,,,,,,,,,,,,
,,,,,,,,,Wang et al. 2026,https://doi.org/10.1016/j.eti.2026.104951,Fig,,,,,,,,,,,,,,,,,,,,,,,,,,,,,,,,,,,,,,,,,,,,,,,,,,,,,,,,,,,,,,,,,,,
,,,,,,,,,He et al. 2026,https://doi.org/10.1007/s11104-026-08441-7,meta-analysis,,,,,,,,,,,,,,,,,,,,,,,,,,,,,,,,,,,,,,,,,,,,,,,,,,,,,,,,,,,,,,,,,,,
,,,,,,,,,Chen et al. 2026,https://doi.org/10.1038/s42003-026-09775-9,"Figshare, but as .rar file",,,,,,,,,,,,,,,,,,,,,,,,,,,,,,,,,,,,,,,,,,,,,,,,,,,,,,,,,,,,,,,,,,,
,,,,,,,,,Xia et al. 2026,https://doi.org/10.1016/j.still.2026.107199,Fig,,,,,,,,,,,,,,,,,,,,,,,,,,,,,,,,,,,,,,,,,,,,,,,,,,,,,,,,,,,,,,,,,,,
,,,,,,,,,Luo et al. 2026,https://doi.org/10.1002/ldr.70586,Fig,,,,,,,,,,,,,,,,,,,,,,,,,,,,,,,,,,,,,,,,,,,,,,,,,,,,,,,,,,,,,,,,,,,
,,,,,,,,,Zuo et al. 2026,https://doi.org/10.1016/j.pedobi.2026.151142,Fig,,,,,,,,,,,,,,,,,,,,,,,,,,,,,,,,,,,,,,,,,,,,,,,,,,,,,,,,,,,,,,,,,,,
,,,,,,,,,Zhu et al. 2026,https://doi.org/10.1111/1365-2664.70364,,,POM/MAOM fractions only,,,,,,,,,,,,,,,,,,,,,,,,,,,,,,,,,,,,,,,,,,,,,,,,,,,,,,,,,,,,,,,,,
,,,,,,,,,Wang et al. 2026,https://doi.org/10.1016/j.still.2025.107042,"Meta-analysis, no data",,,,,,,,,,,,,,,,,,,,,,,,,,,,,,,,,,,,,,,,,,,,,,,,,,,,,,,,,,,,,,,,,,,
,,,,,,,,,Lu et al. 2026,https://doi.org/10.5194/essd-18-3697-2026,meta-analysis with data available. CHECK,,,,,,,,,,,,,,,,,,,,,,,,,,,,,,,,,,,,,,,,,,,,,,,,,,,,,,,,,,,,,,,,,,,
,,,,,,,,,Zhang et al. 2026,https://doi.org/10.1016/j.still.2025.106831,Fig,,,,,,,,,,,,,,,,,,,,,,,,,,,,,,,,,,,,,,,,,,,,,,,,,,,,,,,,,,,,,,,,,,,
,,,,,,,,,Jing et al. 2026,https://doi.org/10.1186/s13717-025-00667-0,Fig,,,,,,,,,,,,,,,,,,,,,,,,,,,,,,,,,,,,,,,,,,,,,,,,,,,,,,,,,,,,,,,,,,,
,,,,,,,,,,"Gorka, Canarini as reviewers | https://doi.org/10.1016/j.soilbio.2025.109855",,,,,,,,,,,,,,,,,,,,,,,,,,,,,,,,,,,,,,,,,,,,,,,,,,,,,,,,,,,,,,,,,,,,
,,,,,,,,,Zhang et al. 2025,https://doi.org/10.1111/1365-2435.70095,"wetland data, but no site info; also, see lit review papers",,,,,,,,,,,,,,,,,,,,,,,,,,,,,,,,,,,,,,,,,,,,,,,,,,,,,,,,,,,,,,,,,,,
,,,,,,,,,Chen et al. 2025,https://doi.org/10.5194/soil-11-883-2025,Fig,,POM/MAOM fractions only,,,,,,,,,,,,,,,,,,,,,,,,,,,,,,,,,,,,,,,,,,,,,,,,,,,,,,,,,,,,,,,,,
,,,,,,,,,Fu et al. 2025,https://doi.org/10.1111/gcb.70413,,,"meta-analysis, verify later",,,,,,,,,,,,,,,,,,,,,,,,,,,,,,,,,,,,,,,,,,,,,,,,,,,,,,,,,,,,,,,,,
,,,,,,,,,Takele et al. 2025,https://doi.org/10.1016/j.soilbio.2025.109842,meta-analysis,,,,,,,,,,,,,,,,,,,,,,,,,,,,,,,,,,,,,,,,,,,,,,,,,,,,,,,,,,,,,,,,,,,
,,,,,,,,,Zhao et al. 2025,https://doi.org/10.1016/j.geodrs.2024.e00903,"meta-analysis, data upon request",,,,,,,,,,,,,,,,,,,,,,,,,,,,,,,,,,,,,,,,,,,,,,,,,,,,,,,,,,,,,,,,,,,
,,,,,,,,,ZHang et al. 2025,https://doi.org/10.1016/j.geoderma.2025.117604,Fig,,,,,,,,,,,,,,,,,,,,,,,,,,,,,,,,,,,,,,,,,,,,,,,,,,,,,,,,,,,,,,,,,,,
,,,,,,,,,Zhang et al. 2025,https://doi.org/10.1111/gcb.70235,"Dryad, but broken link",,,,,,,,,,,,,,,,,,,,,,,,,,,,,,,,,,,,,,,,,,,,,,,,,,,,,,,,,,,,,,,,,,,
,,,,,,,,,Xie et al. 2025,https://doi.org/10.1111/ejss.70129,Fig,,,,,,,,,,,,,,,,,,,,,,,,,,,,,,,,,,,,,,,,,,,,,,,,,,,,,,,,,,,,,,,,,,,
,,,,,,,,,Yan et al. 2025,https://doi.org/10.1016/j.jenvman.2025.125589,Fig,,,,,,,,,,,,,,,,,,,,,,,,,,,,,,,,,,,,,,,,,,,,,,,,,,,,,,,,,,,,,,,,,,,
,,,,,,,,,Liu et al. 2025,https://doi.org/10.1016/j.geoderma.2025.117336,Fig,,,,,,,,,,,,,,,,,,,,,,,,,,,,,,,,,,,,,,,,,,,,,,,,,,,,,,,,,,,,,,,,,,,
,,,,,,,,,Cong et al. 2025,https://doi.org/10.1016/j.apsoil.2025.106376,Fig,,,,,,,,,,,,,,,,,,,,,,,,,,,,,,,,,,,,,,,,,,,,,,,,,,,,,,,,,,,,,,,,,,,
,,,,,,,,,Liu et al. 2025,https://doi.org/10.1016/j.soilbio.2024.109649,Fig,,,,,,,,,,,,,,,,,,,,,,,,,,,,,,,,,,,,,,,,,,,,,,,,,,,,,,,,,,,,,,,,,,,
,,,,,,,,,Yang et al. 2025,https://doi.org/10.1016/j.apsoil.2025.106097,Fig,,,,,,,,,,,,,,,,,,,,,,,,,,,,,,,,,,,,,,,,,,,,,,,,,,,,,,,,,,,,,,,,,,,
,,,,,,,,,Han et al. 2023,https://doi.org/10.1111/geb.13776,Dryad,,"synthesis, double check",,,,,,,,,,,,,,,,,,,,,,,,,,,,,,,,,,,,,,,,,,,,,,,,,,,,,,,,,,,,,,,,,
,,,,,,,,,,,,,,,,,,,,,,,,,,,,,,,,,,,,,,,,,,,,,,,,,,,,,,,,,,,,,,,,,,,,,,,,,,,,,,
,,,,,,,,,,,,,,,,,,,,,,,,,,,,,,,,,,,,,,,,,,,,,,,,,,,,,,,,,,,,,,,,,,,,,,,,,,,,,,
,,,,,,,,,,,,,,,,,,,,,,,,,,,,,,,,,,,,,,,,,,,,,,,,,,,,,,,,,,,,,,,,,,,,,,,,,,,,,,
,,,,,,,,,,,,,,,,,,,,,,,,,,,,,,,,,,,,,,,,,,,,,,,,,,,,,,,,,,,,,,,,,,,,,,,,,,,,,,
,,,,,,,,,,,,,,,,,,,,,,,,,,,,,,,,,,,,,,,,,,,,,,,,,,,,,,,,,,,,,,,,,,,,,,,,,,,,,,
,,,,,,,,,,,,,,,,,,,,,,,,,,,,,,,,,,,,,,,,,,,,,,,,,,,,,,,,,,,,,,,,,,,,,,,,,,,,,,
,,,,,,,,,Sun et al. 2026,https://doi.org/10.1002/eap.70225,Dryad,,,,,,natural restoration,,,,,,,,,,,,,,,,,,,,,,2.57,mg/g,1.57,mg/g,0.06,mg/g,0.9,mg/g,0.04,mg/g,16.02,mg/g,13.33,mg/g,2.68,mg/g,,,,,0.78,mg/g,0.11,mg/g,34.28,mg/g,,,2.98,mg/g,,6.61,,3.316,51.304,45.38,,,,
,,,,,,,,,Sun et al. 2026,https://doi.org/10.1002/eap.70225,Dryad,,,,,,natural restoration,,,,,,,,,,,,,,,,,,,,,,3.72,mg/g,2.14,mg/g,0.09,mg/g,1.44,mg/g,0.05,mg/g,22.13,mg/g,18.06,mg/g,4.07,mg/g,,,,,0.91,mg/g,0.13,mg/g,37.05,mg/g,,,3,mg/g,,6.77,,3.748,56.61,39.642,,,,
,,,,,,,,,Sun et al. 2026,https://doi.org/10.1002/eap.70225,Dryad,,,,,,natural restoration,,,,,,,,,,,,,,,,,,,,,,1.85,mg/g,1.06,mg/g,0.03,mg/g,0.72,mg/g,0.03,mg/g,10.5,mg/g,9.17,mg/g,1.34,mg/g,,,,,0.31,mg/g,0.05,mg/g,32.59,mg/g,,,2.47,mg/g,,6.91,,2.774,48.408,48.818,,,,
,,,,,,,,,Sun et al. 2026,https://doi.org/10.1002/eap.70225,Dryad,,,,,,natural restoration,,,,,,,,,,,,,,,,,,,,,,4.28,mg/g,2.73,mg/g,0.09,mg/g,1.4,mg/g,0.05,mg/g,27.53,mg/g,23.41,mg/g,4.13,mg/g,,,,,1.11,mg/g,0.16,mg/g,61.54,mg/g,,,4.8,mg/g,,6.51,,3.892,64.72,31.388,,,,
,,,,,,,,,Sun et al. 2026,https://doi.org/10.1002/eap.70225,Dryad,,,,,,natural restoration,,,,,,,,,,,,,,,,,,,,,,5.78,mg/g,3.81,mg/g,0.12,mg/g,1.78,mg/g,0.06,mg/g,38.13,mg/g,32.76,mg/g,5.37,mg/g,,,,,1.83,mg/g,0.27,mg/g,77.28,mg/g,,,5.68,mg/g,,6.13,,5.696,73.272,21.032,,,,
,,,,,,,,,Sun et al. 2026,https://doi.org/10.1002/eap.70225,Dryad,,,,,,natural restoration,,,,,,,,,,,,,,,,,,,,,,4.42,mg/g,2.87,mg/g,0.12,mg/g,1.38,mg/g,0.06,mg/g,29.55,mg/g,24.31,mg/g,5.25,mg/g,,,,,1.68,mg/g,0.23,mg/g,67.04,mg/g,,,5.25,mg/g,,6.26,,3.194,55.878,40.928,,,,
,,,,,,,,,Sun et al. 2026,https://doi.org/10.1002/eap.70225,Dryad,,,,,,natural restoration,,,,,,,,,,,,,,,,,,,,,,5.36,mg/g,3.43,mg/g,0.12,mg/g,1.75,mg/g,0.06,mg/g,34.63,mg/g,29.33,mg/g,5.31,mg/g,,,,,1.49,mg/g,0.21,mg/g,57.25,mg/g,,,4.58,mg/g,,6.19,,3.372,50.834,45.794,,,,
,,,,,,,,,Sun et al. 2026,https://doi.org/10.1002/eap.70225,Dryad,,,,,,natural restoration,,,,,,,,,,,,,,,,,,,,,,4.8,mg/g,3.19,mg/g,0.12,mg/g,1.44,mg/g,0.06,mg/g,32.47,mg/g,27.15,mg/g,5.33,mg/g,,,,,1.87,mg/g,0.24,mg/g,65.59,mg/g,,,5.03,mg/g,,6.32,,3.372,50.834,45.794,,,,
,,,,,,,,,Sun et al. 2026,https://doi.org/10.1002/eap.70225,Dryad,,,,,,natural restoration,,,,,,,,,,,,,,,,,,,,,,3.87,mg/g,2.38,mg/g,0.07,mg/g,1.36,mg/g,0.05,mg/g,23.84,mg/g,20.49,mg/g,3.35,mg/g,,,,,1.33,mg/g,0.2,mg/g,58.73,mg/g,,,4.62,mg/g,,6.44,,3.322,54.756,41.922,,,,
,,,,,,,,,Sun et al. 2026,https://doi.org/10.1002/eap.70225,Dryad,,,,,,natural restoration,,,,,,,,,,,,,,,,,,,,,,4,mg/g,2.51,mg/g,0.08,mg/g,1.36,mg/g,0.05,mg/g,25.22,mg/g,21.59,mg/g,3.63,mg/g,,,,,1.35,mg/g,0.16,mg/g,55.25,mg/g,,,4.27,mg/g,,6.24,,4.63,57.428,37.942,,,,
,,,,,,,,,Sun et al. 2026,https://doi.org/10.1002/eap.70225,Dryad,,,,,,natural restoration,,,,,,,,,,,,,,,,,,,,,,4.07,mg/g,2.56,mg/g,0.09,mg/g,1.36,mg/g,0.06,mg/g,26.02,mg/g,21.83,mg/g,4.19,mg/g,,,,,1.91,mg/g,0.21,mg/g,76.64,mg/g,,,5.83,mg/g,,6.22,,4.71,69.16,26.13,,,,
,,,,,,,,,Sun et al. 2026,https://doi.org/10.1002/eap.70225,Dryad,,,,,,natural restoration,,,,,,,,,,,,,,,,,,,,,,4.23,mg/g,2.63,mg/g,0.1,mg/g,1.45,mg/g,0.06,mg/g,26.72,mg/g,22.41,mg/g,4.31,mg/g,,,,,2.45,mg/g,0.33,mg/g,76.79,mg/g,,,5.53,mg/g,,6.02,,4.86,67.944,27.196,,,,
,,,,,,,,,Sun et al. 2026,https://doi.org/10.1002/eap.70225,Dryad,,,,,,,,,,,,,,,,,,,,,,,,,,,,,,,,,,,,,,,,,,,,,,,,,,,,,,,,,,,,,,,,,,,
,,,,,,,,,Sun et al. 2026,https://doi.org/10.1002/eap.70225,Dryad,,,,,,active restoration,,,,,,,,,,,,,,,,,,,,,,2.57,mg/g,1.57,mg/g,0.06,mg/g,0.9,mg/g,0.04,mg/g,16.02,mg/g,13.33,mg/g,2.68,mg/g,,,,,0.78,mg/g,0.11,mg/g,34.28,mg/g,,,2.98,mg/g,,6.61,,3.32,51.3,45.38,,,,
,,,,,,,,,Sun et al. 2026,https://doi.org/10.1002/eap.70225,Dryad,,,,,,active restoration,,,,,,,,,,,,,,,,,,,,,,3.72,mg/g,2.14,mg/g,0.09,mg/g,1.44,mg/g,0.05,mg/g,22.13,mg/g,18.06,mg/g,4.07,mg/g,,,,,0.91,mg/g,0.13,mg/g,37.05,mg/g,,,3,mg/g,,6.77,,3.75,56.61,39.64,,,,
,,,,,,,,,Sun et al. 2026,https://doi.org/10.1002/eap.70225,Dryad,,,,,,active restoration,,,,,,,,,,,,,,,,,,,,,,1.85,mg/g,1.06,mg/g,0.03,mg/g,0.72,mg/g,0.03,mg/g,10.5,mg/g,9.17,mg/g,1.34,mg/g,,,,,0.31,mg/g,0.05,mg/g,32.59,mg/g,,,2.47,mg/g,,6.91,,2.77,48.41,48.82,,,,
,,,,,,,,,Sun et al. 2026,https://doi.org/10.1002/eap.70225,Dryad,,,,,,active restoration,,,,,,,,,,,,,,,,,,,,,,2.02,mg/g,1.25,mg/g,0.04,mg/g,0.69,mg/g,0.04,mg/g,12.72,mg/g,10.7,mg/g,2.02,mg/g,,,,,0.75,mg/g,0.1,mg/g,26.64,mg/g,,,2.43,mg/g,,6.58,,2.55,44.34,53.11,,,,
,,,,,,,,,Sun et al. 2026,https://doi.org/10.1002/eap.70225,Dryad,,,,,,active restoration,,,,,,,,,,,,,,,,,,,,,,2.08,mg/g,1.29,mg/g,0.05,mg/g,0.71,mg/g,0.03,mg/g,13.23,mg/g,10.96,mg/g,2.26,mg/g,,,,,1.15,mg/g,0.2,mg/g,29.13,mg/g,,,2.54,mg/g,,6.51,,3.13,51.46,45.42,,,,
,,,,,,,,,Sun et al. 2026,https://doi.org/10.1002/eap.70225,Dryad,,,,,,active restoration,,,,,,,,,,,,,,,,,,,,,,1.96,mg/g,1.25,mg/g,0.06,mg/g,0.61,mg/g,0.03,mg/g,13.13,mg/g,10.54,mg/g,2.59,mg/g,,,,,1.34,mg/g,0.22,mg/g,28.74,mg/g,,,2.41,mg/g,,6.52,,2.76,48.88,48.36,,,,
,,,,,,,,,Sun et al. 2026,https://doi.org/10.1002/eap.70225,Dryad,,,,,,active restoration,,,,,,,,,,,,,,,,,,,,,,2.3,mg/g,1.59,mg/g,0.07,mg/g,0.62,mg/g,0.03,mg/g,16.43,mg/g,13.46,mg/g,2.97,mg/g,,,,,0.64,mg/g,0.16,mg/g,40.04,mg/g,,,3.1,mg/g,,7.04,,5,63.66,31.34,,,,
,,,,,,,,,Sun et al. 2026,https://doi.org/10.1002/eap.70225,Dryad,,,,,,active restoration,,,,,,,,,,,,,,,,,,,,,,1.97,mg/g,1.34,mg/g,0.04,mg/g,0.57,mg/g,0.02,mg/g,13.31,mg/g,11.51,mg/g,1.8,mg/g,,,,,0.56,mg/g,0.13,mg/g,31.87,mg/g,,,2.5,mg/g,,6.83,,3.79,57.08,39.13,,,,
,,,,,,,,,Sun et al. 2026,https://doi.org/10.1002/eap.70225,Dryad,,,,,,active restoration,,,,,,,,,,,,,,,,,,,,,,2.47,mg/g,1.67,mg/g,0.07,mg/g,0.7,mg/g,0.03,mg/g,17.2,mg/g,14.19,mg/g,3.01,mg/g,,,,,0.69,mg/g,0.12,mg/g,36.94,mg/g,,,2.92,mg/g,,6.77,,5.83,69.23,24.94,,,,
,,,,,,,,,Sun et al. 2026,https://doi.org/10.1002/eap.70225,Dryad,,,,,,active restoration,,,,,,,,,,,,,,,,,,,,,,4,mg/g,2.51,mg/g,0.08,mg/g,1.36,mg/g,0.05,mg/g,25.22,mg/g,21.59,mg/g,3.63,mg/g,,,,,1.35,mg/g,0.16,mg/g,55.25,mg/g,,,4.27,mg/g,,6.24,,4.63,57.43,37.94,,,,
,,,,,,,,,Sun et al. 2026,https://doi.org/10.1002/eap.70225,Dryad,,,,,,active restoration,,,,,,,,,,,,,,,,,,,,,,4.07,mg/g,2.56,mg/g,0.09,mg/g,1.36,mg/g,0.06,mg/g,26.02,mg/g,21.83,mg/g,4.19,mg/g,,,,,1.91,mg/g,0.21,mg/g,76.64,mg/g,,,5.83,mg/g,,6.22,,4.71,69.16,26.13,,,,
,,,,,,,,,Sun et al. 2026,https://doi.org/10.1002/eap.70225,Dryad,,,,,,active restoration,,,,,,,,,,,,,,,,,,,,,,4.23,mg/g,2.63,mg/g,0.1,mg/g,1.45,mg/g,0.06,mg/g,26.72,mg/g,22.41,mg/g,4.31,mg/g,,,,,2.45,mg/g,0.33,mg/g,76.79,mg/g,,,5.53,mg/g,,6.02,,4.86,67.94,27.2,,,,
,,,,,,,,,,,,,,,,,,,,,,,,,,,,,,,,,,,,,,,,,,,,,,,,,,,,,,,,,,,,,,,,,,,,,,,,,,,,,,
,,,,,,,,,Pan et al. 2026,https://doi.org/10.1111/gcb.70906,Figshare,,,,,,,,,,,,,0,23,,Chromic Luvisols,,,,,,,,,,,,,,,,,,,,,,,,Fungal necromass-C,,Bacterial necromass-C,,,,,,MBC,,,,SOC,,,,,,,pH,,,,,,,,
,,,,,,,,,Pan et al. 2026,https://doi.org/10.1111/gcb.70906,Figshare,,,,,,"Cattle-derived farmyard manure was applied at a rate of 35 t ha−1 year−1, supplying approximately 3250 kg C ha−1 year−1, 144 kg N ha−1 year−1, 48 kg P ha−1 year−1 and 326 kg K ha−1 year−1",FYM,51°45′34″ N,0°22′22″ W,,,,0,23,,Chromic Luvisols,,,,,,,,,,,,,,,,,,,,,,,,5.804342324,g/kg,4.325800747,g/kg,,,,,727.94,mg/kg,,,28.39333,g/kg,,,,,,7.3,,25,50,25,,,,
,,,,,,,,,Pan et al. 2026,https://doi.org/10.1111/gcb.70906,Figshare,,,,,,"Cattle-derived farmyard manure was applied at a rate of 35 t ha−1 year−1, supplying approximately 3250 kg C ha−1 year−1, 144 kg N ha−1 year−1, 48 kg P ha−1 year−1 and 326 kg K ha−1 year−1",FYM,51°45′34″ N,0°22′22″ W,,,,0,23,,Chromic Luvisols,,,,,,,,,,,,,,,,,,,,,,,,5.615008863,g/kg,4.111324376,g/kg,,,,,773.47,mg/kg,,,28.59813,g/kg,,,,,,7.34,,,,,,,,
,,,,,,,,,Pan et al. 2026,https://doi.org/10.1111/gcb.70906,Figshare,,,,,,"Cattle-derived farmyard manure was applied at a rate of 35 t ha−1 year−1, supplying approximately 3250 kg C ha−1 year−1, 144 kg N ha−1 year−1, 48 kg P ha−1 year−1 and 326 kg K ha−1 year−1",FYM,51°45′34″ N,0°22′22″ W,,,,0,23,,Chromic Luvisols,,,,,,,,,,,,,,,,,,,,,,,,5.161262891,g/kg,3.622684743,g/kg,,,,,715.36,mg/kg,,,28.28571,g/kg,,,,,,7.29,,,,,,,,
,,,,,,,,,Pan et al. 2026,https://doi.org/10.1111/gcb.70906,Figshare,,,,,,"Cattle-derived farmyard manure was applied at a rate of 35 t ha−1 year−1, supplying approximately 3250 kg C ha−1 year−1, 144 kg N ha−1 year−1, 48 kg P ha−1 year−1 and 326 kg K ha−1 year−1",FYM,51°45′34″ N,0°22′22″ W,,,,0,23,,Chromic Luvisols,,,,,,,,,,,,,,,,,,,,,,,,5.08785799,g/kg,3.479078695,g/kg,,,,,726.82,mg/kg,,,29.18564,g/kg,,,,,,7.27,,,,,,,,
,,,,,,,,,Pan et al. 2026,https://doi.org/10.1111/gcb.70906,Figshare,,,,,,"Inorganic fertiliser was applied annually, supplying 144 kg N ha−1 year−1, 35 kg P ha−1 year−1 and 90 kg K ha−1 year−1",NPK,51°45′34″ N,0°22′22″ W,,,,0,23,,Chromic Luvisols,,,,,,,,,,,,,,,,,,,,,,,,3.477089166,g/kg,1.02959285,g/kg,,,,,421.24,mg/kg,,,14.28087,g/kg,,,,,,6.32,,,,,,,,
,,,,,,,,,Pan et al. 2026,https://doi.org/10.1111/gcb.70906,Figshare,,,,,,"Inorganic fertiliser was applied annually, supplying 144 kg N ha−1 year−1, 35 kg P ha−1 year−1 and 90 kg K ha−1 year−1",NPK,51°45′34″ N,0°22′22″ W,,,,0,23,,Chromic Luvisols,,,,,,,,,,,,,,,,,,,,,,,,4.194408775,g/kg,1.23782235,g/kg,,,,,397.52,mg/kg,,,13.46331,g/kg,,,,,,6.36,,,,,,,,
,,,,,,,,,Pan et al. 2026,https://doi.org/10.1111/gcb.70906,Figshare,,,,,,"Inorganic fertiliser was applied annually, supplying 144 kg N ha−1 year−1, 35 kg P ha−1 year−1 and 90 kg K ha−1 year−1",NPK,51°45′34″ N,0°22′22″ W,,,,0,23,,Chromic Luvisols,,,,,,,,,,,,,,,,,,,,,,,,3.35969212,g/kg,1.029274005,g/kg,,,,,390.6,mg/kg,,,13.41696,g/kg,,,,,,6.38,,,,,,,,
,,,,,,,,,Pan et al. 2026,https://doi.org/10.1111/gcb.70906,Figshare,,,,,,"Inorganic fertiliser was applied annually, supplying 144 kg N ha−1 year−1, 35 kg P ha−1 year−1 and 90 kg K ha−1 year−1",NPK,51°45′34″ N,0°22′22″ W,,,,0,23,,Chromic Luvisols,,,,,,,,,,,,,,,,,,,,,,,,3.184681529,g/kg,0.996923077,g/kg,,,,,411.29,mg/kg,,,14.55253,g/kg,,,,,,6.22,,,,,,,,
,,,,,,,,,Pan et al. 2026,https://doi.org/10.1111/gcb.70906,Figshare,,,,,,Control,NIL,51°45′34″ N,0°22′22″ W,,,,0,23,,Chromic Luvisols,,,,,,,,,,,,,,,,,,,,,,,,2.806454714,g/kg,0.752321981,g/kg,,,,,330.71,mg/kg,,,12.03404,g/kg,,,,,,7.59,,,,,,,,
,,,,,,,,,Pan et al. 2026,https://doi.org/10.1111/gcb.70906,Figshare,,,,,,Control,NIL,51°45′34″ N,0°22′22″ W,,,,0,23,,Chromic Luvisols,,,,,,,,,,,,,,,,,,,,,,,,2.772341285,g/kg,0.776289878,g/kg,,,,,324.06,mg/kg,,,10.34483,g/kg,,,,,,7.62,,,,,,,,
,,,,,,,,,Pan et al. 2026,https://doi.org/10.1111/gcb.70906,Figshare,,,,,,Control,NIL,51°45′34″ N,0°22′22″ W,,,,0,23,,Chromic Luvisols,,,,,,,,,,,,,,,,,,,,,,,,2.778536033,g/kg,0.768484378,g/kg,,,,,371.43,mg/kg,,,10.93168,g/kg,,,,,,7.65,,,,,,,,
,,,,,,,,,Pan et al. 2026,https://doi.org/10.1111/gcb.70906,Figshare,,,,,,Control,NIL,51°45′34″ N,0°22′22″ W,,,,0,23,,Chromic Luvisols,,,,,,,,,,,,,,,,,,,,,,,,2.691650847,g/kg,0.773302647,g/kg,,,,,365.69,mg/kg,,,10.88048,g/kg,,,,,,7.6,,,,,,,,
,,,,,,,,,,,,,,,,,,,,,,,,,,,,,,,,,,,,,,,,,,,,,,,,,,,,,,,,,,,,,,,,,,,,,,,,,,,,,,
,,,,,,,,,Xu et al. 2026,https://doi.org/10.1111/gcb.70762,Figshare,Site,,,,Treatment,,,Coordinate,,,Location,,,,,Soil type,,,,Cropping system,,,,,,,,,,,,,,,,,,,,Fungal necromass C,,Bacterial necromass C,,,,,,,,,,SOC,,,,TN,,,pH,,Clay,Silt,Sand,,,,
,,,,,,,,,Xu et al. 2026,https://doi.org/10.1111/gcb.70762,Figshare,,,,,,,,,,,,,,,,,,,,,,,,,,,,,,,,,,,,,,,,mg/g,,mg/g,,,,,,,,,,mg/g,,,,mg/g,,,/,,%,%,%,,,,
,,,,,,,,,Xu et al. 2026,https://doi.org/10.1111/gcb.70762,Figshare,S1,,,,Control,,"NPK kg/ha: 0,0,0 ; manure t/ha: 0",28°15′ N,116°55′ E,,Yingtan,,,,,"Red soil
 (Cambisols)",,,,Peanut,,,,,,,,,,,,,,,,,,,,2.9,,1.02,,,,,,,,,,8.79,,,,0.8,,,4.72,,36.3,42.5,21.2,,,,
,,,,,,,,,Xu et al. 2026,https://doi.org/10.1111/gcb.70762,Figshare,S1,,,,Control,,"NPK kg/ha: 0,0,0 ; manure t/ha: 0",28°15′ N,116°55′ E,,Yingtan,,,,,"Red soil
 (Cambisols)",,,,Peanut,,,,,,,,,,,,,,,,,,,,3.4,,0.98,,,,,,,,,,8.41,,,,0.76,,,4.74,,36.3,42.5,21.2,,,,
,,,,,,,,,Xu et al. 2026,https://doi.org/10.1111/gcb.70762,Figshare,S1,,,,Control,,"NPK kg/ha: 0,0,0 ; manure t/ha: 0",28°15′ N,116°55′ E,,Yingtan,,,,,"Red soil
 (Cambisols)",,,,Peanut,,,,,,,,,,,,,,,,,,,,2.98,,0.9,,,,,,,,,,8.34,,,,0.74,,,4.68,,36.3,42.5,21.2,,,,
,,,,,,,,,Xu et al. 2026,https://doi.org/10.1111/gcb.70762,Figshare,S1,,,,NPK,,"NPK kg/ha: 120,32.8,62.5 ; manure t/ha: 0",28°15′ N,116°55′ E,,Yingtan,,,,,"Red soil
 (Cambisols)",,,,Peanut,,,,,,,,,,,,,,,,,,,,3.54,,1.32,,,,,,,,,,10.33,,,,0.96,,,4.95,,36.3,42.5,21.2,,,,
,,,,,,,,,Xu et al. 2026,https://doi.org/10.1111/gcb.70762,Figshare,S1,,,,NPK,,"NPK kg/ha: 120,32.8,62.5 ; manure t/ha: 0",28°15′ N,116°55′ E,,Yingtan,,,,,"Red soil
 (Cambisols)",,,,Peanut,,,,,,,,,,,,,,,,,,,,3.87,,1.24,,,,,,,,,,10.23,,,,0.95,,,4.9,,36.3,42.5,21.2,,,,
,,,,,,,,,Xu et al. 2026,https://doi.org/10.1111/gcb.70762,Figshare,S1,,,,NPK,,"NPK kg/ha: 120,32.8,62.5 ; manure t/ha: 0",28°15′ N,116°55′ E,,Yingtan,,,,,"Red soil
 (Cambisols)",,,,Peanut,,,,,,,,,,,,,,,,,,,,3.53,,1.17,,,,,,,,,,10.15,,,,0.95,,,4.85,,36.3,42.5,21.2,,,,
,,,,,,,,,Xu et al. 2026,https://doi.org/10.1111/gcb.70762,Figshare,S1,,,,NPKM,,"NPK kg/ha: 84,32.8,62.5 ; manure t/ha: 7.2",28°15′ N,116°55′ E,,Yingtan,,,,,"Red soil
 (Cambisols)",,,,Peanut,,,,,,,,,,,,,,,,,,,,4.04,,1.52,,,,,,,,,,10.9,,,,1.05,,,4.96,,36.3,42.5,21.2,,,,
,,,,,,,,,Xu et al. 2026,https://doi.org/10.1111/gcb.70762,Figshare,S1,,,,NPKM,,"NPK kg/ha: 84,32.8,62.5 ; manure t/ha: 7.2",28°15′ N,116°55′ E,,Yingtan,,,,,"Red soil
 (Cambisols)",,,,Peanut,,,,,,,,,,,,,,,,,,,,4.77,,1.41,,,,,,,,,,10.73,,,,1.04,,,4.99,,36.3,42.5,21.2,,,,
,,,,,,,,,Xu et al. 2026,https://doi.org/10.1111/gcb.70762,Figshare,S1,,,,NPKM,,"NPK kg/ha: 84,32.8,62.5 ; manure t/ha: 7.2",28°15′ N,116°55′ E,,Yingtan,,,,,"Red soil
 (Cambisols)",,,,Peanut,,,,,,,,,,,,,,,,,,,,4.21,,1.27,,,,,,,,,,10.71,,,,1.03,,,5.07,,36.3,42.5,21.2,,,,
,,,,,,,,,Xu et al. 2026,https://doi.org/10.1111/gcb.70762,Figshare,S2,,,,Control,,"NPK kg/ha: 0,0,0 ; manure t/ha: 0",28°35′ N,116°17′ E,,Jinxian,,,,,"Red soil
 (Cambisols)",,,,Maize,,,,,,,,,,,,,,,,,,,,3.16,,1.47,,,,,,,,,,7.73,,,,0.75,,,4.97,,34,52.7,13.3,,,,
,,,,,,,,,Xu et al. 2026,https://doi.org/10.1111/gcb.70762,Figshare,S2,,,,Control,,"NPK kg/ha: 0,0,0 ; manure t/ha: 0",28°35′ N,116°17′ E,,Jinxian,,,,,"Red soil
 (Cambisols)",,,,Maize,,,,,,,,,,,,,,,,,,,,3.84,,1.35,,,,,,,,,,7.69,,,,0.71,,,4.92,,34,52.7,13.3,,,,
,,,,,,,,,Xu et al. 2026,https://doi.org/10.1111/gcb.70762,Figshare,S2,,,,Control,,"NPK kg/ha: 0,0,0 ; manure t/ha: 0",28°35′ N,116°17′ E,,Jinxian,,,,,"Red soil
 (Cambisols)",,,,Maize,,,,,,,,,,,,,,,,,,,,3.37,,1.19,,,,,,,,,,7.68,,,,0.71,,,4.86,,34,52.7,13.3,,,,
,,,,,,,,,Xu et al. 2026,https://doi.org/10.1111/gcb.70762,Figshare,S2,,,,NPK,,"NPK kg/ha: 120,26.2,100 ; manure t/ha: 0",28°35′ N,116°17′ E,,Jinxian,,,,,"Red soil
 (Cambisols)",,,,Maize,,,,,,,,,,,,,,,,,,,,3.72,,1.72,,,,,,,,,,9.26,,,,0.89,,,4.67,,34,52.7,13.3,,,,
,,,,,,,,,Xu et al. 2026,https://doi.org/10.1111/gcb.70762,Figshare,S2,,,,NPK,,"NPK kg/ha: 120,26.2,100 ; manure t/ha: 0",28°35′ N,116°17′ E,,Jinxian,,,,,"Red soil
 (Cambisols)",,,,Maize,,,,,,,,,,,,,,,,,,,,4.43,,1.58,,,,,,,,,,9.17,,,,0.89,,,4.72,,34,52.7,13.3,,,,
,,,,,,,,,Xu et al. 2026,https://doi.org/10.1111/gcb.70762,Figshare,S2,,,,NPK,,"NPK kg/ha: 120,26.2,100 ; manure t/ha: 0",28°35′ N,116°17′ E,,Jinxian,,,,,"Red soil
 (Cambisols)",,,,Maize,,,,,,,,,,,,,,,,,,,,3.93,,1.39,,,,,,,,,,8.99,,,,0.87,,,4.73,,34,52.7,13.3,,,,
,,,,,,,,,Xu et al. 2026,https://doi.org/10.1111/gcb.70762,Figshare,S2,,,,NPKM,,"NPK kg/ha: 120,26.2,100 ; manure t/ha: 15",28°35′ N,116°17′ E,,Jinxian,,,,,"Red soil
 (Cambisols)",,,,Maize,,,,,,,,,,,,,,,,,,,,5.38,,2.29,,,,,,,,,,15.65,,,,1.64,,,5.9,,34,52.7,13.3,,,,
,,,,,,,,,Xu et al. 2026,https://doi.org/10.1111/gcb.70762,Figshare,S2,,,,NPKM,,"NPK kg/ha: 120,26.2,100 ; manure t/ha: 15",28°35′ N,116°17′ E,,Jinxian,,,,,"Red soil
 (Cambisols)",,,,Maize,,,,,,,,,,,,,,,,,,,,6.38,,2.21,,,,,,,,,,15.27,,,,1.63,,,5.85,,34,52.7,13.3,,,,
,,,,,,,,,Xu et al. 2026,https://doi.org/10.1111/gcb.70762,Figshare,S2,,,,NPKM,,"NPK kg/ha: 120,26.2,100 ; manure t/ha: 15",28°35′ N,116°17′ E,,Jinxian,,,,,"Red soil
 (Cambisols)",,,,Maize,,,,,,,,,,,,,,,,,,,,5.75,,1.99,,,,,,,,,,14.59,,,,1.6,,,5.94,,34,52.7,13.3,,,,
,,,,,,,,,Xu et al. 2026,https://doi.org/10.1111/gcb.70762,Figshare,S3,,,,Control,,"NPK kg/ha: 0,0,0 ; manure t/ha: 0",26°45′ N,111°52′ E,,Qiyang,,,,,"Red soil
 (Cambisols)",,,,Maize-wheat rotation,,,,,,,,,,,,,,,,,,,,2.24,,1.25,,,,,,,,,,8.37,,,,0.82,,,5.42,,46.4,33.7,19.9,,,,
,,,,,,,,,Xu et al. 2026,https://doi.org/10.1111/gcb.70762,Figshare,S3,,,,Control,,"NPK kg/ha: 0,0,0 ; manure t/ha: 0",26°45′ N,111°52′ E,,Qiyang,,,,,"Red soil
 (Cambisols)",,,,Maize-wheat rotation,,,,,,,,,,,,,,,,,,,,2.53,,1.16,,,,,,,,,,8.34,,,,0.82,,,5.34,,46.4,33.7,19.9,,,,
,,,,,,,,,Xu et al. 2026,https://doi.org/10.1111/gcb.70762,Figshare,S3,,,,Control,,"NPK kg/ha: 0,0,0 ; manure t/ha: 0",26°45′ N,111°52′ E,,Qiyang,,,,,"Red soil
 (Cambisols)",,,,Maize-wheat rotation,,,,,,,,,,,,,,,,,,,,2.86,,1.01,,,,,,,,,,8.07,,,,0.8,,,5.4,,46.4,33.7,19.9,,,,
,,,,,,,,,Xu et al. 2026,https://doi.org/10.1111/gcb.70762,Figshare,S3,,,,NPK,,"NPK kg/ha: 300,52.4,100 ; manure t/ha: 0",26°45′ N,111°52′ E,,Qiyang,,,,,"Red soil
 (Cambisols)",,,,Maize-wheat rotation,,,,,,,,,,,,,,,,,,,,3.44,,1.59,,,,,,,,,,12.06,,,,1.16,,,4.21,,46.4,33.7,19.9,,,,
,,,,,,,,,Xu et al. 2026,https://doi.org/10.1111/gcb.70762,Figshare,S3,,,,NPK,,"NPK kg/ha: 300,52.4,100 ; manure t/ha: 0",26°45′ N,111°52′ E,,Qiyang,,,,,"Red soil
 (Cambisols)",,,,Maize-wheat rotation,,,,,,,,,,,,,,,,,,,,3.44,,1.44,,,,,,,,,,11.82,,,,1.15,,,4.23,,46.4,33.7,19.9,,,,
,,,,,,,,,Xu et al. 2026,https://doi.org/10.1111/gcb.70762,Figshare,S3,,,,NPK,,"NPK kg/ha: 300,52.4,100 ; manure t/ha: 0",26°45′ N,111°52′ E,,Qiyang,,,,,"Red soil
 (Cambisols)",,,,Maize-wheat rotation,,,,,,,,,,,,,,,,,,,,3.42,,1.28,,,,,,,,,,11.64,,,,1.14,,,4.17,,46.4,33.7,19.9,,,,
,,,,,,,,,Xu et al. 2026,https://doi.org/10.1111/gcb.70762,Figshare,S3,,,,NPKM,,"NPK kg/ha: 90,52.4,100 ; manure t/ha: 42",26°45′ N,111°52′ E,,Qiyang,,,,,"Red soil
 (Cambisols)",,,,Maize-wheat rotation,,,,,,,,,,,,,,,,,,,,7.14,,2.29,,,,,,,,,,18.37,,,,1.96,,,6.08,,46.4,33.7,19.9,,,,
,,,,,,,,,Xu et al. 2026,https://doi.org/10.1111/gcb.70762,Figshare,S3,,,,NPKM,,"NPK kg/ha: 90,52.4,100 ; manure t/ha: 42",26°45′ N,111°52′ E,,Qiyang,,,,,"Red soil
 (Cambisols)",,,,Maize-wheat rotation,,,,,,,,,,,,,,,,,,,,7.28,,2.13,,,,,,,,,,18.29,,,,1.95,,,6.1,,46.4,33.7,19.9,,,,
,,,,,,,,,Xu et al. 2026,https://doi.org/10.1111/gcb.70762,Figshare,S3,,,,NPKM,,"NPK kg/ha: 90,52.4,100 ; manure t/ha: 42",26°45′ N,111°52′ E,,Qiyang,,,,,"Red soil
 (Cambisols)",,,,Maize-wheat rotation,,,,,,,,,,,,,,,,,,,,7.12,,1.85,,,,,,,,,,18.04,,,,1.95,,,6.16,,46.4,33.7,19.9,,,,
,,,,,,,,,Xu et al. 2026,https://doi.org/10.1111/gcb.70762,Figshare,S4,,,,Control,,"NPK kg/ha: 0,0,0 ; manure t/ha: 0",40°48′N,123°33′E,,Shenyang,,,,,"Brown soil
 (Alisols)",,,,Maize-maize-soybean rotation,,,,,,,,,,,,,,,,,,,,4.97,,1.15,,,,,,,,,,9,,,,0.89,,,6.04,,23,29,48,,,,
,,,,,,,,,Xu et al. 2026,https://doi.org/10.1111/gcb.70762,Figshare,S4,,,,Control,,"NPK kg/ha: 0,0,0 ; manure t/ha: 0",40°48′N,123°33′E,,Shenyang,,,,,"Brown soil
 (Alisols)",,,,Maize-maize-soybean rotation,,,,,,,,,,,,,,,,,,,,5.48,,0.98,,,,,,,,,,9,,,,0.84,,,6.01,,23,29,48,,,,
,,,,,,,,,Xu et al. 2026,https://doi.org/10.1111/gcb.70762,Figshare,S4,,,,Control,,"NPK kg/ha: 0,0,0 ; manure t/ha: 0",40°48′N,123°33′E,,Shenyang,,,,,"Brown soil
 (Alisols)",,,,Maize-maize-soybean rotation,,,,,,,,,,,,,,,,,,,,5.16,,0.84,,,,,,,,,,8.97,,,,0.72,,,6.02,,23,29,48,,,,
,,,,,,,,,Xu et al. 2026,https://doi.org/10.1111/gcb.70762,Figshare,S4,,,,NPK,,"NPK kg/ha: 120,26.2,50 ; manure t/ha: 0",40°48′N,123°33′E,,Shenyang,,,,,"Brown soil
 (Alisols)",,,,Maize-maize-soybean rotation,,,,,,,,,,,,,,,,,,,,4.97,,1.21,,,,,,,,,,9.67,,,,1.03,,,5.32,,23,29,48,,,,
,,,,,,,,,Xu et al. 2026,https://doi.org/10.1111/gcb.70762,Figshare,S4,,,,NPK,,"NPK kg/ha: 120,26.2,50 ; manure t/ha: 0",40°48′N,123°33′E,,Shenyang,,,,,"Brown soil
 (Alisols)",,,,Maize-maize-soybean rotation,,,,,,,,,,,,,,,,,,,,5.49,,1.08,,,,,,,,,,9.54,,,,1,,,5.28,,23,29,48,,,,
,,,,,,,,,Xu et al. 2026,https://doi.org/10.1111/gcb.70762,Figshare,S4,,,,NPK,,"NPK kg/ha: 120,26.2,50 ; manure t/ha: 0",40°48′N,123°33′E,,Shenyang,,,,,"Brown soil
 (Alisols)",,,,Maize-maize-soybean rotation,,,,,,,,,,,,,,,,,,,,5.33,,0.93,,,,,,,,,,9.47,,,,0.96,,,5.23,,23,29,48,,,,
,,,,,,,,,Xu et al. 2026,https://doi.org/10.1111/gcb.70762,Figshare,S4,,,,NPKM,,"NPK kg/ha: 120,26.2,50 ; manure t/ha: 27",40°48′N,123°33′E,,Shenyang,,,,,"Brown soil
 (Alisols)",,,,Maize-maize-soybean rotation,,,,,,,,,,,,,,,,,,,,5.6,,1.58,,,,,,,,,,12.43,,,,1.36,,,5.54,,23,29,48,,,,
,,,,,,,,,Xu et al. 2026,https://doi.org/10.1111/gcb.70762,Figshare,S4,,,,NPKM,,"NPK kg/ha: 120,26.2,50 ; manure t/ha: 27",40°48′N,123°33′E,,Shenyang,,,,,"Brown soil
 (Alisols)",,,,Maize-maize-soybean rotation,,,,,,,,,,,,,,,,,,,,6.08,,1.41,,,,,,,,,,12.27,,,,1.33,,,5.58,,23,29,48,,,,
,,,,,,,,,Xu et al. 2026,https://doi.org/10.1111/gcb.70762,Figshare,S4,,,,NPKM,,"NPK kg/ha: 120,26.2,50 ; manure t/ha: 27",40°48′N,123°33′E,,Shenyang,,,,,"Brown soil
 (Alisols)",,,,Maize-maize-soybean rotation,,,,,,,,,,,,,,,,,,,,5.71,,1.19,,,,,,,,,,12.04,,,,1.31,,,5.6,,23,29,48,,,,
,,,,,,,,,Xu et al. 2026,https://doi.org/10.1111/gcb.70762,Figshare,S5,,,,Control,,"NPK kg/ha: 0,0,0 ; manure t/ha: 0",43°30′ N,124°48′ E,,Gongzhuling,,,,,"Black soil
 (Phaeozem)",,,,Maize under monoculture,,,,,,,,,,,,,,,,,,,,3.44,,1.41,,,,,,,,,,15.14,,,,1.34,,,7.58,,30.3,29.7,40,,,,
,,,,,,,,,Xu et al. 2026,https://doi.org/10.1111/gcb.70762,Figshare,S5,,,,Control,,"NPK kg/ha: 0,0,0 ; manure t/ha: 0",43°30′ N,124°48′ E,,Gongzhuling,,,,,"Black soil
 (Phaeozem)",,,,Maize under monoculture,,,,,,,,,,,,,,,,,,,,3.53,,1.23,,,,,,,,,,14.73,,,,1.22,,,7.6,,30.3,29.7,40,,,,
,,,,,,,,,Xu et al. 2026,https://doi.org/10.1111/gcb.70762,Figshare,S5,,,,Control,,"NPK kg/ha: 0,0,0 ; manure t/ha: 0",43°30′ N,124°48′ E,,Gongzhuling,,,,,"Black soil
 (Phaeozem)",,,,Maize under monoculture,,,,,,,,,,,,,,,,,,,,3.62,,1.05,,,,,,,,,,14.31,,,,1.2,,,7.63,,30.3,29.7,40,,,,
,,,,,,,,,Xu et al. 2026,https://doi.org/10.1111/gcb.70762,Figshare,S5,,,,NPK,,"NPK kg/ha: 165,36,68.8 ; manure t/ha: 0",43°30′ N,124°48′ E,,Gongzhuling,,,,,"Black soil
 (Phaeozem)",,,,Maize under monoculture,,,,,,,,,,,,,,,,,,,,3.57,,1.7,,,,,,,,,,14.12,,,,1.21,,,6.61,,30.3,29.7,40,,,,
,,,,,,,,,Xu et al. 2026,https://doi.org/10.1111/gcb.70762,Figshare,S5,,,,NPK,,"NPK kg/ha: 165,36,68.8 ; manure t/ha: 0",43°30′ N,124°48′ E,,Gongzhuling,,,,,"Black soil
 (Phaeozem)",,,,Maize under monoculture,,,,,,,,,,,,,,,,,,,,3.64,,1.47,,,,,,,,,,14.12,,,,1.19,,,6.54,,30.3,29.7,40,,,,
,,,,,,,,,Xu et al. 2026,https://doi.org/10.1111/gcb.70762,Figshare,S5,,,,NPK,,"NPK kg/ha: 165,36,68.8 ; manure t/ha: 0",43°30′ N,124°48′ E,,Gongzhuling,,,,,"Black soil
 (Phaeozem)",,,,Maize under monoculture,,,,,,,,,,,,,,,,,,,,3.72,,1.24,,,,,,,,,,14.07,,,,1.18,,,6.48,,30.3,29.7,40,,,,
,,,,,,,,,Xu et al. 2026,https://doi.org/10.1111/gcb.70762,Figshare,S5,,,,NPKM,,"NPK kg/ha: 50,36,68.8 ; manure t/ha: 34.5",43°30′ N,124°48′ E,,Gongzhuling,,,,,"Black soil
 (Phaeozem)",,,,Maize under monoculture,,,,,,,,,,,,,,,,,,,,6.4,,4,,,,,,,,,,28.71,,,,2.87,,,7.08,,30.3,29.7,40,,,,
,,,,,,,,,Xu et al. 2026,https://doi.org/10.1111/gcb.70762,Figshare,S5,,,,NPKM,,"NPK kg/ha: 50,36,68.8 ; manure t/ha: 34.5",43°30′ N,124°48′ E,,Gongzhuling,,,,,"Black soil
 (Phaeozem)",,,,Maize under monoculture,,,,,,,,,,,,,,,,,,,,7.12,,3.75,,,,,,,,,,28.1,,,,2.82,,,7.12,,30.3,29.7,40,,,,
,,,,,,,,,Xu et al. 2026,https://doi.org/10.1111/gcb.70762,Figshare,S5,,,,NPKM,,"NPK kg/ha: 50,36,68.8 ; manure t/ha: 34.5",43°30′ N,124°48′ E,,Gongzhuling,,,,,"Black soil
 (Phaeozem)",,,,Maize under monoculture,,,,,,,,,,,,,,,,,,,,6.61,,3.26,,,,,,,,,,28.02,,,,2.78,,,7.13,,30.3,29.7,40,,,,
,,,,,,,,,Xu et al. 2026,https://doi.org/10.1111/gcb.70762,Figshare,S6,,,,Control,,"NPK kg/ha: 0,0,0 ; manure t/ha: 0",43°95′ N,87°46′ E,,Xinjiang,,,,,"Desert soil
 (Calcisol)",,,,Maize-wheat-cotton rotation,,,,,,,,,,,,,,,,,,,,2,,0.61,,,,,,,,,,7.95,,,,0.88,,,8.37,,28.3,53.2,18.5,,,,
,,,,,,,,,Xu et al. 2026,https://doi.org/10.1111/gcb.70762,Figshare,S6,,,,Control,,"NPK kg/ha: 0,0,0 ; manure t/ha: 0",43°95′ N,87°46′ E,,Xinjiang,,,,,"Desert soil
 (Calcisol)",,,,Maize-wheat-cotton rotation,,,,,,,,,,,,,,,,,,,,2.34,,0.54,,,,,,,,,,7.74,,,,0.87,,,8.33,,28.3,53.2,18.5,,,,
,,,,,,,,,Xu et al. 2026,https://doi.org/10.1111/gcb.70762,Figshare,S6,,,,Control,,"NPK kg/ha: 0,0,0 ; manure t/ha: 0",43°95′ N,87°46′ E,,Xinjiang,,,,,"Desert soil
 (Calcisol)",,,,Maize-wheat-cotton rotation,,,,,,,,,,,,,,,,,,,,2.14,,0.5,,,,,,,,,,7.72,,,,0.87,,,8.3,,28.3,53.2,18.5,,,,
,,,,,,,,,Xu et al. 2026,https://doi.org/10.1111/gcb.70762,Figshare,S6,,,,NPK,,"NPK kg/ha: 241.5,60.2,50.4 ; manure t/ha: 0",43°95′ N,87°46′ E,,Xinjiang,,,,,"Desert soil
 (Calcisol)",,,,Maize-wheat-cotton rotation,,,,,,,,,,,,,,,,,,,,2.09,,0.85,,,,,,,,,,9.09,,,,1.05,,,7.85,,28.3,53.2,18.5,,,,
,,,,,,,,,Xu et al. 2026,https://doi.org/10.1111/gcb.70762,Figshare,S6,,,,NPK,,"NPK kg/ha: 241.5,60.2,50.4 ; manure t/ha: 0",43°95′ N,87°46′ E,,Xinjiang,,,,,"Desert soil
 (Calcisol)",,,,Maize-wheat-cotton rotation,,,,,,,,,,,,,,,,,,,,2.38,,0.76,,,,,,,,,,9.02,,,,1.03,,,7.8,,28.3,53.2,18.5,,,,
,,,,,,,,,Xu et al. 2026,https://doi.org/10.1111/gcb.70762,Figshare,S6,,,,NPK,,"NPK kg/ha: 241.5,60.2,50.4 ; manure t/ha: 0",43°95′ N,87°46′ E,,Xinjiang,,,,,"Desert soil
 (Calcisol)",,,,Maize-wheat-cotton rotation,,,,,,,,,,,,,,,,,,,,1.99,,0.63,,,,,,,,,,8.99,,,,0.99,,,7.84,,28.3,53.2,18.5,,,,
,,,,,,,,,Xu et al. 2026,https://doi.org/10.1111/gcb.70762,Figshare,S6,,,,NPKM,,"NPK kg/ha: 84.9,22.4,10.1 ; manure t/ha: 30",43°95′ N,87°46′ E,,Xinjiang,,,,,"Desert soil
 (Calcisol)",,,,Maize-wheat-cotton rotation,,,,,,,,,,,,,,,,,,,,3.4,,3.14,,,,,,,,,,19.52,,,,2.15,,,8.28,,28.3,53.2,18.5,,,,
,,,,,,,,,Xu et al. 2026,https://doi.org/10.1111/gcb.70762,Figshare,S6,,,,NPKM,,"NPK kg/ha: 84.9,22.4,10.1 ; manure t/ha: 30",43°95′ N,87°46′ E,,Xinjiang,,,,,"Desert soil
 (Calcisol)",,,,Maize-wheat-cotton rotation,,,,,,,,,,,,,,,,,,,,3.98,,2.97,,,,,,,,,,19.39,,,,2.07,,,8.23,,28.3,53.2,18.5,,,,
,,,,,,,,,Xu et al. 2026,https://doi.org/10.1111/gcb.70762,Figshare,S6,,,,NPKM,,"NPK kg/ha: 84.9,22.4,10.1 ; manure t/ha: 30",43°95′ N,87°46′ E,,Xinjiang,,,,,"Desert soil
 (Calcisol)",,,,Maize-wheat-cotton rotation,,,,,,,,,,,,,,,,,,,,3.81,,2.61,,,,,,,,,,18.04,,,,2.04,,,8.27,,28.3,53.2,18.5,,,,
,,,,,,,,,,,,,,,,,,,,,,,,,,,,,,,,,,,,,,,,,,,,,,,,,,,,,,,,,,,,,,,,,,,,,,,,,,,,,,
,,,,,,,,,,,,,,,,,,,,,,,,,,,,,,,,,,,,,,,,,,,,,,,,,,,,,,,,,,,,,,,,,,,,,,,,,,,,,,
,,,,,,,,,Hao et al. 2026,https://doi.org/10.3390/agronomy16101010,Table 2,,,,,Treatment,,,38°47′ N,110°22′ E,,,,0,20,,Calcic Cambisol,,,,,,,,2020,bulk,,,Total AS (mg/kg),,GluN (mg/kg),,MurN (mg/kg),,GalN (mg/kg),,ManN (mg/kg),,,,,,,,,,,,,,,,,,,,,,,,,,,,,,,
,,,,,,,,,Hao et al. 2026,https://doi.org/10.3390/agronomy16101010,Table 2,,,,,NT,,,38°47′ N,110°22′ E,,,,0,20,,Calcic Cambisol,,,,,,,,2020,bulk,,,78.10 ± 6.08 Bd,,47.82 ± 2.66 Bd,,3.13 ± 0.26 Bc,,21.18 ± 2.62 Ad,,5.97 ± 0.57 Bc,,,,,,,,,,,,,,,,,,,,,,,,,,,,,,,
,,,,,,,,,Hao et al. 2026,https://doi.org/10.3390/agronomy16101010,Table 2,,,,,NSM,,,38°47′ N,110°22′ E,,,,0,20,,Calcic Cambisol,,,,,,,,2020,bulk,,,150.41 ± 4.49 Aa,,96.99 ± 5.81 Aa,,5.11 ± 0.38 Aa,,38.55 ± 1.64 Aa,,9.76 ± 0.24 Ba,,,,,,,,,,,,,,,,,,,,,,,,,,,,,,,
,,,,,,,,,Hao et al. 2026,https://doi.org/10.3390/agronomy16101010,Table 2,,,,,NPM,,,38°47′ N,110°22′ E,,,,0,20,,Calcic Cambisol,,,,,,,,2020,bulk,,,111.68 ± 2.34 Bb,,70.20 ± 1.77 Bb,,4.31 ± 0.23 Bb,,29.58 ± 0.58 Bb,,7.59 ± 1.39 Abc,,,,,,,,,,,,,,,,,,,,,,,,,,,,,,,
,,,,,,,,,Hao et al. 2026,https://doi.org/10.3390/agronomy16101010,Table 2,,,,,NRM,,,38°47′ N,110°22′ E,,,,0,20,,Calcic Cambisol,,,,,,,,2020,bulk,,,100.49 ± 2.15 Bc,,63.53 ± 0.16 Bc,,4.02 ± 0.21 Bb,,26.82 ± 1.28 Bc,,6.11 ± 0.49 Bc,,,,,,,,,,,,,,,,,,,,,,,,,,,,,,,
,,,,,,,,,Hao et al. 2026,https://doi.org/10.3390/agronomy16101010,Table 2,,,,,NT,,,38°47′ N,110°22′ E,,,,0,20,,Calcic Cambisol,,,,,,,,2020,rhizosphere,,,95.58 ± 0.93 Ac,,58.55 ± 1.32 Ac,,4.63 ± 0.19 Ac,,22.78 ± 0.56 Ab,,9.62 ± 0.76 Ab,,,,,,,,,,,,,,,,,,,,,,,,,,,,,,,
,,,,,,,,,Hao et al. 2026,https://doi.org/10.3390/agronomy16101010,Table 2,,,,,NSM,,,38°47′ N,110°22′ E,,,,0,20,,Calcic Cambisol,,,,,,,,2020,rhizosphere,,,124.07 ± 1.28 Bb,,72.27 ± 0.35 Bb,,5.30 ± 0.45 Aa,,31.98 ± 0.17 Ba,,14.53 ± 0.88 Aa,,,,,,,,,,,,,,,,,,,,,,,,,,,,,,,
,,,,,,,,,Hao et al. 2026,https://doi.org/10.3390/agronomy16101010,Table 2,,,,,NPM,,,38°47′ N,110°22′ E,,,,0,20,,Calcic Cambisol,,,,,,,,2020,rhizosphere,,,121.52 ± 2.21 Ab,,79.69 ± 2.19 Ab,,4.99 ± 0.26 Ab,,31.46 ± 0.56 Aa,,5.38 ± 0.33 Bd,,,,,,,,,,,,,,,,,,,,,,,,,,,,,,,
,,,,,,,,,Hao et al. 2026,https://doi.org/10.3390/agronomy16101010,Table 2,,,,,NRM,,,38°47′ N,110°22′ E,,,,0,20,,Calcic Cambisol,,,,,,,,2020,rhizosphere,,,135.45 ± 2.77 Aa,,91.91 ± 2.15 Aa,,5.06 ± 0.36 Aab,,30.89 ± 1.28 Aa,,7.59 ± 1.02 Ac,,,,,,,,,,,,,,,,,,,,,,,,,,,,,,,
,,,,,,,,,,,,,,,,,,,,,,,,,,,,,,,,,,,,,,,,,,,,,,,,,,,,,,,,,,,,,,,,,,,,,,,,,,,,,,
,,,,,,,,,,,,,,,,,,,,,,,,,,,,,,,,,,,,,,,,,,,,,,,,,,,,,,,,,,,,,,,,,,,,,,,,,,,,,,
,,,,,,,,,Wei et al. 2026,https://doi.org/10.1016/j.catena.2026.110247,Figshare,Site C1,,,,,,,27.99 N,120.97 E,,,,depth (cm),,,,,,,,,,,,,,,,,,,,,,,,,MNC(mg /g)-bulk,,FNC(mg /g)-bulk,,BNC(mg /g)-bulk,,,,,,,,,,,,C(mg/g)-bulk,,,,,,,clay (%),silt (%),sand (%),,,,
,,,,,,,,,Wei et al. 2026,https://doi.org/10.1016/j.catena.2026.110247,Figshare,Site C1,,,,,,,27.99 N,120.97 E,,,,0,4,,,,,,,,,,,,,,,,,,,,,,,,1.47,,0.91,,0.56,,,,,,,,,,,,6.67,,,,,,,28.37,59.57,12.06,,,,
,,,,,,,,,Wei et al. 2026,https://doi.org/10.1016/j.catena.2026.110247,Figshare,Site C1,,,,,,,27.99 N,120.97 E,,,,4,8,,,,,,,,,,,,,,,,,,,,,,,,1.42,,1.02,,0.4,,,,,,,,,,,,6.31,,,,,,,28.3,60.07,11.64,,,,
,,,,,,,,,Wei et al. 2026,https://doi.org/10.1016/j.catena.2026.110247,Figshare,Site C1,,,,,,,27.99 N,120.97 E,,,,8,12,,,,,,,,,,,,,,,,,,,,,,,,1.26,,1,,0.26,,,,,,,,,,,,6.16,,,,,,,24.1,62.75,13.16,,,,
,,,,,,,,,Wei et al. 2026,https://doi.org/10.1016/j.catena.2026.110247,Figshare,Site C1,,,,,,,27.99 N,120.97 E,,,,12,16,,,,,,,,,,,,,,,,,,,,,,,,1.25,,1,,0.25,,,,,,,,,,,,5.21,,,,,,,26.33,60.83,12.85,,,,
,,,,,,,,,Wei et al. 2026,https://doi.org/10.1016/j.catena.2026.110247,Figshare,Site C1,,,,,,,27.99 N,120.97 E,,,,16,20,,,,,,,,,,,,,,,,,,,,,,,,1.23,,0.95,,0.28,,,,,,,,,,,,5.54,,,,,,,30.38,55.96,13.66,,,,
,,,,,,,,,Wei et al. 2026,https://doi.org/10.1016/j.catena.2026.110247,Figshare,Site C1,,,,,,,27.99 N,120.97 E,,,,20,24,,,,,,,,,,,,,,,,,,,,,,,,0.94,,0.81,,0.13,,,,,,,,,,,,6.65,,,,,,,29.18,55.76,15.06,,,,
,,,,,,,,,Wei et al. 2026,https://doi.org/10.1016/j.catena.2026.110247,Figshare,Site C1,,,,,,,27.99 N,120.97 E,,,,24,28,,,,,,,,,,,,,,,,,,,,,,,,1.15,,0.99,,0.16,,,,,,,,,,,,5.04,,,,,,,26.2,60.1,13.7,,,,
,,,,,,,,,Wei et al. 2026,https://doi.org/10.1016/j.catena.2026.110247,Figshare,Site C1,,,,,,,27.99 N,120.97 E,,,,28,32,,,,,,,,,,,,,,,,,,,,,,,,1.22,,0.98,,0.24,,,,,,,,,,,,6,,,,,,,24.51,57.42,18.08,,,,
,,,,,,,,,Wei et al. 2026,https://doi.org/10.1016/j.catena.2026.110247,Figshare,Site C1,,,,,,,27.99 N,120.97 E,,,,32,36,,,,,,,,,,,,,,,,,,,,,,,,1.03,,0.86,,0.17,,,,,,,,,,,,4.82,,,,,,,19.41,55.05,25.54,,,,
,,,,,,,,,Wei et al. 2026,https://doi.org/10.1016/j.catena.2026.110247,Figshare,Site C1,,,,,,,27.99 N,120.97 E,,,,36,40,,,,,,,,,,,,,,,,,,,,,,,,1.15,,1,,0.15,,,,,,,,,,,,4.87,,,,,,,25.41,57.54,17.05,,,,
,,,,,,,,,Wei et al. 2026,https://doi.org/10.1016/j.catena.2026.110247,Figshare,Site C1,,,,,,,27.99 N,120.97 E,,,,40,44,,,,,,,,,,,,,,,,,,,,,,,,1.22,,0.93,,0.29,,,,,,,,,,,,5.27,,,,,,,25.37,60,14.63,,,,
,,,,,,,,,Wei et al. 2026,https://doi.org/10.1016/j.catena.2026.110247,Figshare,Site C1,,,,,,,27.99 N,120.97 E,,,,44,48,,,,,,,,,,,,,,,,,,,,,,,,1.1,,0.91,,0.19,,,,,,,,,,,,5.35,,,,,,,23.75,58.78,17.48,,,,
,,,,,,,,,Wei et al. 2026,https://doi.org/10.1016/j.catena.2026.110247,Figshare,Site C1,,,,,,,27.99 N,120.97 E,,,,48,52,,,,,,,,,,,,,,,,,,,,,,,,1.16,,0.96,,0.2,,,,,,,,,,,,6.31,,,,,,,31.59,59.88,8.53,,,,
,,,,,,,,,Wei et al. 2026,https://doi.org/10.1016/j.catena.2026.110247,Figshare,Site C1,,,,,,,27.99 N,120.97 E,,,,52,56,,,,,,,,,,,,,,,,,,,,,,,,1.06,,0.87,,0.19,,,,,,,,,,,,3.73,,,,,,,21.39,58.85,19.76,,,,
,,,,,,,,,Wei et al. 2026,https://doi.org/10.1016/j.catena.2026.110247,Figshare,Site C1,,,,,,,27.99 N,120.97 E,,,,56,60,,,,,,,,,,,,,,,,,,,,,,,,0.81,,0.63,,0.18,,,,,,,,,,,,4.61,,,,,,,17.76,62.12,20.12,,,,
,,,,,,,,,Wei et al. 2026,https://doi.org/10.1016/j.catena.2026.110247,Figshare,Site C1,,,,,,,27.99 N,120.97 E,,,,60,64,,,,,,,,,,,,,,,,,,,,,,,,1.09,,0.8,,0.29,,,,,,,,,,,,4.71,,,,,,,26.01,59.65,14.35,,,,
,,,,,,,,,Wei et al. 2026,https://doi.org/10.1016/j.catena.2026.110247,Figshare,Site C1,,,,,,,27.99 N,120.97 E,,,,64,68,,,,,,,,,,,,,,,,,,,,,,,,1.13,,0.9,,0.23,,,,,,,,,,,,5.12,,,,,,,30.65,59.56,9.79,,,,
,,,,,,,,,Wei et al. 2026,https://doi.org/10.1016/j.catena.2026.110247,Figshare,Site C1,,,,,,,27.99 N,120.97 E,,,,68,72,,,,,,,,,,,,,,,,,,,,,,,,1.23,,1.07,,0.16,,,,,,,,,,,,6.31,,,,,,,31.21,55.97,12.82,,,,
,,,,,,,,,Wei et al. 2026,https://doi.org/10.1016/j.catena.2026.110247,Figshare,Site C1,,,,,,,27.99 N,120.97 E,,,,72,76,,,,,,,,,,,,,,,,,,,,,,,,1.15,,1,,0.15,,,,,,,,,,,,6.6,,,,,,,36.47,58.52,5.01,,,,
,,,,,,,,,Wei et al. 2026,https://doi.org/10.1016/j.catena.2026.110247,Figshare,Site C1,,,,,,,27.99 N,120.97 E,,,,76,80,,,,,,,,,,,,,,,,,,,,,,,,1.19,,1.04,,0.15,,,,,,,,,,,,6.65,,,,,,,25.95,56.64,17.41,,,,
,,,,,,,,,Wei et al. 2026,https://doi.org/10.1016/j.catena.2026.110247,Figshare,Site C1,,,,,,,27.99 N,120.97 E,,,,80,84,,,,,,,,,,,,,,,,,,,,,,,,1.31,,0.99,,0.31,,,,,,,,,,,,7.01,,,,,,,32.46,61.28,6.26,,,,
,,,,,,,,,Wei et al. 2026,https://doi.org/10.1016/j.catena.2026.110247,Figshare,Site C1,,,,,,,27.99 N,120.97 E,,,,84,88,,,,,,,,,,,,,,,,,,,,,,,,1.47,,1.14,,0.33,,,,,,,,,,,,6.96,,,,,,,31.26,57.91,10.83,,,,
,,,,,,,,,Wei et al. 2026,https://doi.org/10.1016/j.catena.2026.110247,Figshare,Site C1,,,,,,,27.99 N,120.97 E,,,,88,92,,,,,,,,,,,,,,,,,,,,,,,,1.39,,1.16,,0.23,,,,,,,,,,,,7.11,,,,,,,32.81,57.98,9.21,,,,
,,,,,,,,,Wei et al. 2026,https://doi.org/10.1016/j.catena.2026.110247,Figshare,Site C1,,,,,,,27.99 N,120.97 E,,,,92,96,,,,,,,,,,,,,,,,,,,,,,,,1.34,,1.22,,0.11,,,,,,,,,,,,8,,,,,,,29.99,57.41,12.6,,,,
,,,,,,,,,,,,,,,,,,,,,,,,,,,,,,,,,,,,,,,,,,,,,,,,,,,,,,,,,,,,,,,,,,,,,,,,,,,,,,
,,,,,,,,,Wei et al. 2026,https://doi.org/10.1016/j.catena.2026.110247,Figshare,Site C2,,,,,,,26.6 N,119.63 E,,,,depth (cm),,,,,,,,,,,,,,,,,,,,,,,,,MNC(mg /g)-bulk,,FNC(mg /g)-bulk,,BNC(mg /g)-bulk,,,,,,,,,,SOC(mg/g),,,,,,,,,clay (%),silt (%),sand (%),,,,
,,,,,,,,,Wei et al. 2026,https://doi.org/10.1016/j.catena.2026.110247,Figshare,Site C2,,,,,,,26.6 N,119.63 E,,,,0,4,,,,,,,,,,,,,,,,,,,,,,,,1.77,,1.57,,0.2,,,,,,,,,,8.56,,,,,,,,,41.45,54.61,3.95,,,,
,,,,,,,,,Wei et al. 2026,https://doi.org/10.1016/j.catena.2026.110247,Figshare,Site C2,,,,,,,26.6 N,119.63 E,,,,4,8,,,,,,,,,,,,,,,,,,,,,,,,1.89,,1.62,,0.27,,,,,,,,,,8.59,,,,,,,,,34.81,55.45,9.74,,,,
,,,,,,,,,Wei et al. 2026,https://doi.org/10.1016/j.catena.2026.110247,Figshare,Site C2,,,,,,,26.6 N,119.63 E,,,,8,12,,,,,,,,,,,,,,,,,,,,,,,,2.02,,1.83,,0.19,,,,,,,,,,8.82,,,,,,,,,47.06,52.04,0.9,,,,
,,,,,,,,,Wei et al. 2026,https://doi.org/10.1016/j.catena.2026.110247,Figshare,Site C2,,,,,,,26.6 N,119.63 E,,,,12,16,,,,,,,,,,,,,,,,,,,,,,,,1.96,,1.7,,0.26,,,,,,,,,,7.76,,,,,,,,,43.58,50.56,5.87,,,,
,,,,,,,,,Wei et al. 2026,https://doi.org/10.1016/j.catena.2026.110247,Figshare,Site C2,,,,,,,26.6 N,119.63 E,,,,16,20,,,,,,,,,,,,,,,,,,,,,,,,1.85,,1.59,,0.27,,,,,,,,,,8.46,,,,,,,,,40.77,51.69,7.54,,,,
,,,,,,,,,Wei et al. 2026,https://doi.org/10.1016/j.catena.2026.110247,Figshare,Site C2,,,,,,,26.6 N,119.63 E,,,,20,24,,,,,,,,,,,,,,,,,,,,,,,,1.81,,1.55,,0.26,,,,,,,,,,7.76,,,,,,,,,37.15,58.39,4.47,,,,
,,,,,,,,,Wei et al. 2026,https://doi.org/10.1016/j.catena.2026.110247,Figshare,Site C2,,,,,,,26.6 N,119.63 E,,,,24,28,,,,,,,,,,,,,,,,,,,,,,,,1.85,,1.64,,0.21,,,,,,,,,,8.59,,,,,,,,,35.62,60.01,4.37,,,,
,,,,,,,,,Wei et al. 2026,https://doi.org/10.1016/j.catena.2026.110247,Figshare,Site C2,,,,,,,26.6 N,119.63 E,,,,28,32,,,,,,,,,,,,,,,,,,,,,,,,1.78,,1.5,,0.27,,,,,,,,,,8.29,,,,,,,,,36.99,51.13,11.88,,,,
,,,,,,,,,Wei et al. 2026,https://doi.org/10.1016/j.catena.2026.110247,Figshare,Site C2,,,,,,,26.6 N,119.63 E,,,,32,36,,,,,,,,,,,,,,,,,,,,,,,,1.63,,1.49,,0.14,,,,,,,,,,7.68,,,,,,,,,42.69,54.81,2.51,,,,
,,,,,,,,,Wei et al. 2026,https://doi.org/10.1016/j.catena.2026.110247,Figshare,Site C2,,,,,,,26.6 N,119.63 E,,,,36,40,,,,,,,,,,,,,,,,,,,,,,,,1.67,,1.5,,0.17,,,,,,,,,,7.67,,,,,,,,,38.67,54.33,7,,,,
,,,,,,,,,Wei et al. 2026,https://doi.org/10.1016/j.catena.2026.110247,Figshare,Site C2,,,,,,,26.6 N,119.63 E,,,,40,44,,,,,,,,,,,,,,,,,,,,,,,,1.63,,1.34,,0.3,,,,,,,,,,7.85,,,,,,,,,40.08,55.98,3.94,,,,
,,,,,,,,,Wei et al. 2026,https://doi.org/10.1016/j.catena.2026.110247,Figshare,Site C2,,,,,,,26.6 N,119.63 E,,,,44,48,,,,,,,,,,,,,,,,,,,,,,,,1.78,,1.62,,0.16,,,,,,,,,,7.66,,,,,,,,,42.56,55.34,2.1,,,,
,,,,,,,,,Wei et al. 2026,https://doi.org/10.1016/j.catena.2026.110247,Figshare,Site C2,,,,,,,26.6 N,119.63 E,,,,48,52,,,,,,,,,,,,,,,,,,,,,,,,1.7,,1.56,,0.15,,,,,,,,,,7.86,,,,,,,,,40.28,56.07,3.65,,,,
,,,,,,,,,Wei et al. 2026,https://doi.org/10.1016/j.catena.2026.110247,Figshare,Site C2,,,,,,,26.6 N,119.63 E,,,,52,56,,,,,,,,,,,,,,,,,,,,,,,,1.8,,1.66,,0.14,,,,,,,,,,7.47,,,,,,,,,39.87,55.96,4.17,,,,
,,,,,,,,,Wei et al. 2026,https://doi.org/10.1016/j.catena.2026.110247,Figshare,Site C2,,,,,,,26.6 N,119.63 E,,,,56,60,,,,,,,,,,,,,,,,,,,,,,,,1.65,,1.53,,0.12,,,,,,,,,,8.19,,,,,,,,,41.23,56.27,2.49,,,,
,,,,,,,,,Wei et al. 2026,https://doi.org/10.1016/j.catena.2026.110247,Figshare,Site C2,,,,,,,26.6 N,119.63 E,,,,60,64,,,,,,,,,,,,,,,,,,,,,,,,1.92,,1.78,,0.15,,,,,,,,,,7.64,,,,,,,,,39.04,58.68,2.28,,,,
,,,,,,,,,Wei et al. 2026,https://doi.org/10.1016/j.catena.2026.110247,Figshare,Site C2,,,,,,,26.6 N,119.63 E,,,,64,68,,,,,,,,,,,,,,,,,,,,,,,,2,,1.75,,0.25,,,,,,,,,,7.37,,,,,,,,,39.85,59.03,1.12,,,,
,,,,,,,,,Wei et al. 2026,https://doi.org/10.1016/j.catena.2026.110247,Figshare,Site C2,,,,,,,26.6 N,119.63 E,,,,68,72,,,,,,,,,,,,,,,,,,,,,,,,1.76,,1.62,,0.14,,,,,,,,,,7.61,,,,,,,,,42.21,51.82,5.98,,,,
,,,,,,,,,Wei et al. 2026,https://doi.org/10.1016/j.catena.2026.110247,Figshare,Site C2,,,,,,,26.6 N,119.63 E,,,,72,76,,,,,,,,,,,,,,,,,,,,,,,,1.92,,1.77,,0.16,,,,,,,,,,7.34,,,,,,,,,41.64,56.35,2.01,,,,
,,,,,,,,,Wei et al. 2026,https://doi.org/10.1016/j.catena.2026.110247,Figshare,Site C2,,,,,,,26.6 N,119.63 E,,,,76,80,,,,,,,,,,,,,,,,,,,,,,,,1.9,,1.71,,0.19,,,,,,,,,,7.42,,,,,,,,,39.91,56.6,3.49,,,,
,,,,,,,,,Wei et al. 2026,https://doi.org/10.1016/j.catena.2026.110247,Figshare,Site C2,,,,,,,26.6 N,119.63 E,,,,80,84,,,,,,,,,,,,,,,,,,,,,,,,1.77,,1.62,,0.15,,,,,,,,,,7.29,,,,,,,,,38.44,57.02,4.54,,,,
,,,,,,,,,Wei et al. 2026,https://doi.org/10.1016/j.catena.2026.110247,Figshare,Site C2,,,,,,,26.6 N,119.63 E,,,,84,88,,,,,,,,,,,,,,,,,,,,,,,,1.76,,1.6,,0.16,,,,,,,,,,7.6,,,,,,,,,39.91,56.82,3.27,,,,
,,,,,,,,,Wei et al. 2026,https://doi.org/10.1016/j.catena.2026.110247,Figshare,Site C2,,,,,,,26.6 N,119.63 E,,,,88,92,,,,,,,,,,,,,,,,,,,,,,,,1.56,,1.42,,0.15,,,,,,,,,,7.87,,,,,,,,,39.74,56.86,3.41,,,,
,,,,,,,,,Wei et al. 2026,https://doi.org/10.1016/j.catena.2026.110247,Figshare,Site C2,,,,,,,26.6 N,119.63 E,,,,92,96,,,,,,,,,,,,,,,,,,,,,,,,1.75,,1.61,,0.13,,,,,,,,,,7.51,,,,,,,,,37.58,52.83,9.59,,,,
,,,,,,,,,Wei et al. 2026,https://doi.org/10.1016/j.catena.2026.110247,Figshare,Site C2,,,,,,,26.6 N,119.63 E,,,,96,100,,,,,,,,,,,,,,,,,,,,,,,,1.81,,1.65,,0.16,,,,,,,,,,7.35,,,,,,,,,40.19,56.89,2.92,,,,
,,,,,,,,,,,,,,,,,,,,,,,,,,,,,,,,,,,,,,,,,,,,,,,,,,,,,,,,,,,,,,,,,,,,,,,,,,,,,,
,,,,,,,,,Wei et al. 2026,https://doi.org/10.1016/j.catena.2026.110247,Figshare,Site C3,,,,,,,26.1 N,119.64 E,,,,depth (cm),,,,,,,,,,,,,,,,,,,,,,,,,MNC(mg /g)-bulk,,FNC(mg /gsoil)-bulk,,BNC(mg /g)-bulk,,,,,,,,,,SOC(mg/g),,,,,,,,,clay (%),silt (%),sand (%),,,,
,,,,,,,,,Wei et al. 2026,https://doi.org/10.1016/j.catena.2026.110247,Figshare,Site C3,,,,,,,26.1 N,119.64 E,,,,0,5,,,,,,,,,,,,,,,,,,,,,,,,1.59857592,,1.2109637,,0.3876123,,,,,,,,,,7.06674,,,,,,,,,17.258,50.521,32.222,,,,
,,,,,,,,,Wei et al. 2026,https://doi.org/10.1016/j.catena.2026.110247,Figshare,Site C3,,,,,,,26.1 N,119.64 E,,,,5,10,,,,,,,,,,,,,,,,,,,,,,,,0.71848065,,0.5886518,,0.1298288,,,,,,,,,,4.6006064,,,,,,,,,7.336,53.191,39.473,,,,
,,,,,,,,,Wei et al. 2026,https://doi.org/10.1016/j.catena.2026.110247,Figshare,Site C3,,,,,,,26.1 N,119.64 E,,,,10,15,,,,,,,,,,,,,,,,,,,,,,,,0.61581508,,0.5327484,,0.0830667,,,,,,,,,,4.1670156,,,,,,,,,7.779,50.332,41.889,,,,
,,,,,,,,,Wei et al. 2026,https://doi.org/10.1016/j.catena.2026.110247,Figshare,Site C3,,,,,,,26.1 N,119.64 E,,,,15,20,,,,,,,,,,,,,,,,,,,,,,,,0.89669,,0.8041147,,0.0925753,,,,,,,,,,4.6673455,,,,,,,,,7.539,50.022,42.439,,,,
,,,,,,,,,Wei et al. 2026,https://doi.org/10.1016/j.catena.2026.110247,Figshare,Site C3,,,,,,,26.1 N,119.64 E,,,,20,25,,,,,,,,,,,,,,,,,,,,,,,,0.8303802,,0.7504513,,0.0799289,,,,,,,,,,3.4894674,,,,,,,,,14.943,52.293,32.764,,,,
,,,,,,,,,Wei et al. 2026,https://doi.org/10.1016/j.catena.2026.110247,Figshare,Site C3,,,,,,,26.1 N,119.64 E,,,,25,30,,,,,,,,,,,,,,,,,,,,,,,,0.77590973,,0.6967546,,0.0791551,,,,,,,,,,4.1791071,,,,,,,,,8.068,47.358,44.573,,,,
,,,,,,,,,Wei et al. 2026,https://doi.org/10.1016/j.catena.2026.110247,Figshare,Site C3,,,,,,,26.1 N,119.64 E,,,,30,35,,,,,,,,,,,,,,,,,,,,,,,,0.9394663,,0.8391912,,0.1002751,,,,,,,,,,3.8708072,,,,,,,,,6.944,39.494,53.562,,,,
,,,,,,,,,Wei et al. 2026,https://doi.org/10.1016/j.catena.2026.110247,Figshare,Site C3,,,,,,,26.1 N,119.64 E,,,,35,40,,,,,,,,,,,,,,,,,,,,,,,,0.82340181,,0.725687,,0.0977148,,,,,,,,,,3.4957479,,,,,,,,,10.134,43.404,46.462,,,,
,,,,,,,,,Wei et al. 2026,https://doi.org/10.1016/j.catena.2026.110247,Figshare,Site C3,,,,,,,26.1 N,119.64 E,,,,40,45,,,,,,,,,,,,,,,,,,,,,,,,1.0421148,,0.9056243,,0.1364905,,,,,,,,,,4.4218099,,,,,,,,,10.211,43.013,46.776,,,,
,,,,,,,,,Wei et al. 2026,https://doi.org/10.1016/j.catena.2026.110247,Figshare,Site C3,,,,,,,26.1 N,119.64 E,,,,45,50,,,,,,,,,,,,,,,,,,,,,,,,1.4310435,,1.269767,,0.1612765,,,,,,,,,,5.6908997,,,,,,,,,14.388,42.221,43.39,,,,
,,,,,,,,,Wei et al. 2026,https://doi.org/10.1016/j.catena.2026.110247,Figshare,Site C3,,,,,,,26.1 N,119.64 E,,,,50,55,,,,,,,,,,,,,,,,,,,,,,,,1.27195786,,1.027098,,0.2448598,,,,,,,,,,4.738558,,,,,,,,,14.982,41.821,43.197,,,,
,,,,,,,,,Wei et al. 2026,https://doi.org/10.1016/j.catena.2026.110247,Figshare,Site C3,,,,,,,26.1 N,119.64 E,,,,55,60,,,,,,,,,,,,,,,,,,,,,,,,0.36460256,,0.3378374,,0.0267652,,,,,,,,,,0.8251948,,,,,,,,,6.841,17.569,75.59,,,,
,,,,,,,,,Wei et al. 2026,https://doi.org/10.1016/j.catena.2026.110247,Figshare,Site C3,,,,,,,26.1 N,119.64 E,,,,60,65,,,,,,,,,,,,,,,,,,,,,,,,0.49401779,,0.4597234,,0.0342944,,,,,,,,,,1.4415078,,,,,,,,,8.74,20.538,70.723,,,,
,,,,,,,,,Wei et al. 2026,https://doi.org/10.1016/j.catena.2026.110247,Figshare,Site C3,,,,,,,26.1 N,119.64 E,,,,65,70,,,,,,,,,,,,,,,,,,,,,,,,0.58101132,,0.5350798,,0.0459315,,,,,,,,,,1.8636483,,,,,,,,,10.973,25.276,63.752,,,,
,,,,,,,,,Wei et al. 2026,https://doi.org/10.1016/j.catena.2026.110247,Figshare,Site C3,,,,,,,26.1 N,119.64 E,,,,70,75,,,,,,,,,,,,,,,,,,,,,,,,1.2684732,,1.1938364,,0.0746368,,,,,,,,,,5.2375473,,,,,,,,,15.243,37.973,46.784,,,,
,,,,,,,,,Wei et al. 2026,https://doi.org/10.1016/j.catena.2026.110247,Figshare,Site C3,,,,,,,26.1 N,119.64 E,,,,75,80,,,,,,,,,,,,,,,,,,,,,,,,1.52055386,,1.4275463,,0.0930075,,,,,,,,,,6.337253,,,,,,,,,15.358,44.891,39.751,,,,
,,,,,,,,,Wei et al. 2026,https://doi.org/10.1016/j.catena.2026.110247,Figshare,Site C3,,,,,,,26.1 N,119.64 E,,,,80,85,,,,,,,,,,,,,,,,,,,,,,,,2.16962491,,1.994017,,0.1756079,,,,,,,,,,9.4064251,,,,,,,,,32.01,46.978,21.012,,,,
,,,,,,,,,Wei et al. 2026,https://doi.org/10.1016/j.catena.2026.110247,Figshare,Site C3,,,,,,,26.1 N,119.64 E,,,,85,90,,,,,,,,,,,,,,,,,,,,,,,,2.59833232,,2.3596281,,0.2387042,,,,,,,,,,11.494635,,,,,,,,,26.748,59.869,13.384,,,,
,,,,,,,,,Wei et al. 2026,https://doi.org/10.1016/j.catena.2026.110247,Figshare,Site C3,,,,,,,26.1 N,119.64 E,,,,90,95,,,,,,,,,,,,,,,,,,,,,,,,2.46178491,,2.2362644,,0.2255205,,,,,,,,,,10.596228,,,,,,,,,31.674,56.814,11.513,,,,
,,,,,,,,,Wei et al. 2026,https://doi.org/10.1016/j.catena.2026.110247,Figshare,Site C3,,,,,,,26.1 N,119.64 E,,,,95,100,,,,,,,,,,,,,,,,,,,,,,,,2.26819597,,2.0675401,,0.2006559,,,,,,,,,,10.055116,,,,,,,,,28.207,61.119,10.674,,,,
,,,,,,,,,,,,,,,,,,,,,,,,,,,,,,,,,,,,,,,,,,,,,,,,,,,,,,,,,,,,,,,,,,,,,,,,,,,,,,
,,,,,,,,,Zhang et al. 2026,https://doi.org/10.1016/j.apsoil.2026.107177,SI,,,,,Treatments,,,,,,,,,,,,,,,,,,,,,,,,GlcN (µg•g-1),,,MurA (µg•g-1),,GalN (µg•g-1),,ManN (µg•g-1),,MNC (µg•g-1),,FNC (µg•g-1),,BNC (µg•g-1),,,,,,,,,,"Soil organic carbon 
 (SOC, g•kg-1)",,,,"Total nitrogen
 (TN, g•kg-1)",,,,,,,,,,,
,,,,,,,,,Zhang et al. 2026,https://doi.org/10.1016/j.apsoil.2026.107177,SI,,,,,non-mulch,,,,,,,,,,,,,,,,,,,,,,,,101.29±3.69b,,,5.35±0.38a,,53.10±1.19a,,2.11±0.06b,,1194.64±39.17b,,1026.88±41.12c,,167.75±11.90a,,,,,,,,,,6.54±0.33ab,,,,1.01±0.03a,,,7.62±0.04bc,,,,,,,,
,,,,,,,,,Zhang et al. 2026,https://doi.org/10.1016/j.apsoil.2026.107177,SI,,,,,black,,,,,,,,,,,,,,,,,,,,,,,,101.37±1.32b,,,3.10±0.23d,,48.15±0.90b,,2.12±0.15b,,1153.06±11.08c,,1055.92±16.81c,,97.14±7.33d,,,,,,,,,,5.67±0.13c,,,,0.98±0.05ab,,,7.58±0.04c,,,,,,,,
,,,,,,,,,Zhang et al. 2026,https://doi.org/10.1016/j.apsoil.2026.107177,SI,,,,,black+shed,,,,,,,,,,,,,,,,,,,,,,,,96.33±1.96c,,,3.28±0.20cd,,46.88±1.17b,,3.04±0.75a,,1102.14±23.02c,,999.18±20.41d,,102.95±6.55cd,,,,,,,,,,6.14±0.29bc,,,,0.93±0.02b,,,7.76±0.05a,,,,,,,,
,,,,,,,,,Zhang et al. 2026,https://doi.org/10.1016/j.apsoil.2026.107177,SI,,,,,white,,,,,,,,,,,,,,,,,,,,,,,,120.74±2.14a,,,3.60±0.22c,,53.30±2.15a,,3.36±0.46a,,1371.77±21.16a,,1258.8±24.71a,,112.97±6.94c,,,,,,,,,,6.97±0.28a,,,,0.86±0.02c,,,7.58±0.05c,,,,,,,,
,,,,,,,,,Zhang et al. 2026,https://doi.org/10.1016/j.apsoil.2026.107177,SI,,,,,white+shed,,,,,,,,,,,,,,,,,,,,,,,,105.30±3.33b,,,4.11±0.22b,,53.72±0.40a,,2.59±0.21ab,,1214.46±36.20b,,1085.8±36.12b,,128.66±7.06b,,,,,,,,,,6.12±0.15bc,,,,0.98±0.03ab,,,7.69±0.02b,,,,,,,,
,,,,,,,,,,,,,,,,,,,,,,,,,,,,,,,,,,,,,,,,,,,,,,,,,,,,,,,,,,,,,,,,,,,,,,,,,,,,,,
,,,,,,,,,Vasilica et al. 2026,https://doi.org/10.1016/j.soilbio.2026.110202,,,,,,Stand/Treatment,,,,,,,,Depth,,,,,,,,,,,,Material,,,,,"GlcN
 [µg/mg]",,"MurA
 [µg/mg]",,,,,,,,,,,,,,,,,,,,,,,,,,,,,,,,,,,
,,,,,,,,,Vasilica et al. 2026,https://doi.org/10.1016/j.soilbio.2026.110202,,,,,,AM+N,,,39°09′N,86°31′W,,,,0-15,,,Dystric Leptic Cambisols,forest,,,,,,,,MAOM,,,,,0.191,ug/mg,0.015,ug/mg,,,,,,,,,,,,,,,,,,,,,,,,,,,,,,,,,,
,,,,,,,,,Vasilica et al. 2026,https://doi.org/10.1016/j.soilbio.2026.110202,,,,,,AM+N,,,39°09′N,86°31′W,,,,15-30,,,,,,,,,,,,MAOM,,,,,0.148,ug/mg,0.016,ug/mg,,,,,,,,,,,,,,,,,,,,,,,,,,,,,,,,,,
,,,,,,,,,Vasilica et al. 2026,https://doi.org/10.1016/j.soilbio.2026.110202,,,,,,AM+N,,,39°09′N,86°31′W,,,,0-15,,,,,,,,,,,,MAOM,,,,,0.196,ug/mg,0.021,ug/mg,,,,,,,,,,,,,,,,,,,,,,,,,,,,,,,,,,
,,,,,,,,,Vasilica et al. 2026,https://doi.org/10.1016/j.soilbio.2026.110202,,,,,,AM+N,,,39°09′N,86°31′W,,,,15-30,,,,,,,,,,,,MAOM,,,,,0.083,ug/mg,0.008,ug/mg,,,,,,,,,,,,,,,,,,,,,,,,,,,,,,,,,,
,,,,,,,,,Vasilica et al. 2026,https://doi.org/10.1016/j.soilbio.2026.110202,,,,,,AM+N,,,39°09′N,86°31′W,,,,0-15,,,,,,,,,,,,MAOM,,,,,0.224,ug/mg,0.017,ug/mg,,,,,,,,,,,,,,,,,,,,,,,,,,,,,,,,,,
,,,,,,,,,Vasilica et al. 2026,https://doi.org/10.1016/j.soilbio.2026.110202,,,,,,AM+N,,,39°09′N,86°31′W,,,,15-30,,,,,,,,,,,,MAOM,,,,,0.262,ug/mg,0.019,ug/mg,,,,,,,,,,,,,,,,,,,,,,,,,,,,,,,,,,
,,,,,,,,,Vasilica et al. 2026,https://doi.org/10.1016/j.soilbio.2026.110202,,,,,,AM+N,,,39°09′N,86°31′W,,,,0-15,,,,,,,,,,,,MAOM,,,,,0.344,ug/mg,0.025,ug/mg,,,,,,,,,,,,,,,,,,,,,,,,,,,,,,,,,,
,,,,,,,,,Vasilica et al. 2026,https://doi.org/10.1016/j.soilbio.2026.110202,,,,,,AM+N,,,39°09′N,86°31′W,,,,15-30,,,,,,,,,,,,MAOM,,,,,0.228,ug/mg,0.018,ug/mg,,,,,,,,,,,,,,,,,,,,,,,,,,,,,,,,,,
,,,,,,,,,Vasilica et al. 2026,https://doi.org/10.1016/j.soilbio.2026.110202,,,,,,AM+N,,,39°09′N,86°31′W,,,,0-15,,,,,,,,,,,,MAOM,,,,,0.287,ug/mg,0.023,ug/mg,,,,,,,,,,,,,,,,,,,,,,,,,,,,,,,,,,
,,,,,,,,,Vasilica et al. 2026,https://doi.org/10.1016/j.soilbio.2026.110202,,,,,,AM+N,,,39°09′N,86°31′W,,,,15-30,,,,,,,,,,,,MAOM,,,,,0.197,ug/mg,0.015,ug/mg,,,,,,,,,,,,,,,,,,,,,,,,,,,,,,,,,,
,,,,,,,,,Vasilica et al. 2026,https://doi.org/10.1016/j.soilbio.2026.110202,,,,,,AM+N,,,39°09′N,86°31′W,,,,0-15,,,,,,,,,,,,MAOM,,,,,0.322,ug/mg,0.022,ug/mg,,,,,,,,,,,,,,,,,,,,,,,,,,,,,,,,,,
,,,,,,,,,Vasilica et al. 2026,https://doi.org/10.1016/j.soilbio.2026.110202,,,,,,AM+N,,,39°09′N,86°31′W,,,,15-30,,,,,,,,,,,,MAOM,,,,,0.167,ug/mg,0.015,ug/mg,,,,,,,,,,,,,,,,,,,,,,,,,,,,,,,,,,
,,,,,,,,,Vasilica et al. 2026,https://doi.org/10.1016/j.soilbio.2026.110202,,,,,,AM-N,,,39°09′N,86°31′W,,,,0-15,,,,,,,,,,,,MAOM,,,,,0.193,ug/mg,0.015,ug/mg,,,,,,,,,,,,,,,,,,,,,,,,,,,,,,,,,,
,,,,,,,,,Vasilica et al. 2026,https://doi.org/10.1016/j.soilbio.2026.110202,,,,,,AM-N,,,39°09′N,86°31′W,,,,15-30,,,,,,,,,,,,MAOM,,,,,0.124,ug/mg,0.009,ug/mg,,,,,,,,,,,,,,,,,,,,,,,,,,,,,,,,,,
,,,,,,,,,Vasilica et al. 2026,https://doi.org/10.1016/j.soilbio.2026.110202,,,,,,AM-N,,,39°09′N,86°31′W,,,,0-15,,,,,,,,,,,,MAOM,,,,,0.49,ug/mg,0.026,ug/mg,,,,,,,,,,,,,,,,,,,,,,,,,,,,,,,,,,
,,,,,,,,,Vasilica et al. 2026,https://doi.org/10.1016/j.soilbio.2026.110202,,,,,,AM-N,,,39°09′N,86°31′W,,,,15-30,,,,,,,,,,,,MAOM,,,,,0.258,ug/mg,0.017,ug/mg,,,,,,,,,,,,,,,,,,,,,,,,,,,,,,,,,,
,,,,,,,,,Vasilica et al. 2026,https://doi.org/10.1016/j.soilbio.2026.110202,,,,,,AM-N,,,39°09′N,86°31′W,,,,0-15,,,,,,,,,,,,MAOM,,,,,0.383,ug/mg,0.023,ug/mg,,,,,,,,,,,,,,,,,,,,,,,,,,,,,,,,,,
,,,,,,,,,Vasilica et al. 2026,https://doi.org/10.1016/j.soilbio.2026.110202,,,,,,AM-N,,,39°09′N,86°31′W,,,,15-30,,,,,,,,,,,,MAOM,,,,,0.139,ug/mg,0.011,ug/mg,,,,,,,,,,,,,,,,,,,,,,,,,,,,,,,,,,
,,,,,,,,,Vasilica et al. 2026,https://doi.org/10.1016/j.soilbio.2026.110202,,,,,,AM-N,,,39°09′N,86°31′W,,,,0-15,,,,,,,,,,,,MAOM,,,,,0.309,ug/mg,0.024,ug/mg,,,,,,,,,,,,,,,,,,,,,,,,,,,,,,,,,,
,,,,,,,,,Vasilica et al. 2026,https://doi.org/10.1016/j.soilbio.2026.110202,,,,,,AM-N,,,39°09′N,86°31′W,,,,15-30,,,,,,,,,,,,MAOM,,,,,0.168,ug/mg,0.015,ug/mg,,,,,,,,,,,,,,,,,,,,,,,,,,,,,,,,,,
,,,,,,,,,Vasilica et al. 2026,https://doi.org/10.1016/j.soilbio.2026.110202,,,,,,AM-N,,,39°09′N,86°31′W,,,,0-15,,,,,,,,,,,,MAOM,,,,,0.327,ug/mg,0.024,ug/mg,,,,,,,,,,,,,,,,,,,,,,,,,,,,,,,,,,
,,,,,,,,,Vasilica et al. 2026,https://doi.org/10.1016/j.soilbio.2026.110202,,,,,,AM-N,,,39°09′N,86°31′W,,,,15-30,,,,,,,,,,,,MAOM,,,,,0.127,ug/mg,0.013,ug/mg,,,,,,,,,,,,,,,,,,,,,,,,,,,,,,,,,,
,,,,,,,,,Vasilica et al. 2026,https://doi.org/10.1016/j.soilbio.2026.110202,,,,,,AM-N,,,39°09′N,86°31′W,,,,0-15,,,,,,,,,,,,MAOM,,,,,0.413,ug/mg,0.028,ug/mg,,,,,,,,,,,,,,,,,,,,,,,,,,,,,,,,,,
,,,,,,,,,Vasilica et al. 2026,https://doi.org/10.1016/j.soilbio.2026.110202,,,,,,AM-N,,,39°09′N,86°31′W,,,,15-30,,,,,,,,,,,,MAOM,,,,,0.241,ug/mg,0.02,ug/mg,,,,,,,,,,,,,,,,,,,,,,,,,,,,,,,,,,
,,,,,,,,,Vasilica et al. 2026,https://doi.org/10.1016/j.soilbio.2026.110202,,,,,,ECM+N,,,39°09′N,86°31′W,,,,0-15,,,,,,,,,,,,MAOM,,,,,0.24,ug/mg,0.016,ug/mg,,,,,,,,,,,,,,,,,,,,,,,,,,,,,,,,,,
,,,,,,,,,Vasilica et al. 2026,https://doi.org/10.1016/j.soilbio.2026.110202,,,,,,ECM+N,,,39°09′N,86°31′W,,,,15-30,,,,,,,,,,,,MAOM,,,,,0.141,ug/mg,0.011,ug/mg,,,,,,,,,,,,,,,,,,,,,,,,,,,,,,,,,,
,,,,,,,,,Vasilica et al. 2026,https://doi.org/10.1016/j.soilbio.2026.110202,,,,,,ECM+N,,,39°09′N,86°31′W,,,,0-15,,,,,,,,,,,,MAOM,,,,,0.15,ug/mg,0.01,ug/mg,,,,,,,,,,,,,,,,,,,,,,,,,,,,,,,,,,
,,,,,,,,,Vasilica et al. 2026,https://doi.org/10.1016/j.soilbio.2026.110202,,,,,,ECM+N,,,39°09′N,86°31′W,,,,15-30,,,,,,,,,,,,MAOM,,,,,0.073,ug/mg,0.006,ug/mg,,,,,,,,,,,,,,,,,,,,,,,,,,,,,,,,,,
,,,,,,,,,Vasilica et al. 2026,https://doi.org/10.1016/j.soilbio.2026.110202,,,,,,ECM+N,,,39°09′N,86°31′W,,,,0-15,,,,,,,,,,,,MAOM,,,,,0.307,ug/mg,0.019,ug/mg,,,,,,,,,,,,,,,,,,,,,,,,,,,,,,,,,,
,,,,,,,,,Vasilica et al. 2026,https://doi.org/10.1016/j.soilbio.2026.110202,,,,,,ECM+N,,,39°09′N,86°31′W,,,,15-30,,,,,,,,,,,,MAOM,,,,,0.143,ug/mg,0.011,ug/mg,,,,,,,,,,,,,,,,,,,,,,,,,,,,,,,,,,
,,,,,,,,,Vasilica et al. 2026,https://doi.org/10.1016/j.soilbio.2026.110202,,,,,,ECM+N,,,39°09′N,86°31′W,,,,0-15,,,,,,,,,,,,MAOM,,,,,0.239,ug/mg,0.019,ug/mg,,,,,,,,,,,,,,,,,,,,,,,,,,,,,,,,,,
,,,,,,,,,Vasilica et al. 2026,https://doi.org/10.1016/j.soilbio.2026.110202,,,,,,ECM+N,,,39°09′N,86°31′W,,,,15-30,,,,,,,,,,,,MAOM,,,,,0.235,ug/mg,0.018,ug/mg,,,,,,,,,,,,,,,,,,,,,,,,,,,,,,,,,,
,,,,,,,,,Vasilica et al. 2026,https://doi.org/10.1016/j.soilbio.2026.110202,,,,,,ECM+N,,,39°09′N,86°31′W,,,,0-15,,,,,,,,,,,,MAOM,,,,,0.227,ug/mg,0.017,ug/mg,,,,,,,,,,,,,,,,,,,,,,,,,,,,,,,,,,
,,,,,,,,,Vasilica et al. 2026,https://doi.org/10.1016/j.soilbio.2026.110202,,,,,,ECM+N,,,39°09′N,86°31′W,,,,15-30,,,,,,,,,,,,MAOM,,,,,0.127,ug/mg,0.011,ug/mg,,,,,,,,,,,,,,,,,,,,,,,,,,,,,,,,,,
,,,,,,,,,Vasilica et al. 2026,https://doi.org/10.1016/j.soilbio.2026.110202,,,,,,ECM+N,,,39°09′N,86°31′W,,,,15-30,,,,,,,,,,,,MAOM,,,,,0.102,ug/mg,0.009,ug/mg,,,,,,,,,,,,,,,,,,,,,,,,,,,,,,,,,,
,,,,,,,,,Vasilica et al. 2026,https://doi.org/10.1016/j.soilbio.2026.110202,,,,,,ECM-N,,,39°09′N,86°31′W,,,,0-15,,,,,,,,,,,,MAOM,,,,,0.19,ug/mg,0.015,ug/mg,,,,,,,,,,,,,,,,,,,,,,,,,,,,,,,,,,
,,,,,,,,,Vasilica et al. 2026,https://doi.org/10.1016/j.soilbio.2026.110202,,,,,,ECM-N,,,39°09′N,86°31′W,,,,15-30,,,,,,,,,,,,MAOM,,,,,0.083,ug/mg,0.006,ug/mg,,,,,,,,,,,,,,,,,,,,,,,,,,,,,,,,,,
,,,,,,,,,Vasilica et al. 2026,https://doi.org/10.1016/j.soilbio.2026.110202,,,,,,ECM-N,,,39°09′N,86°31′W,,,,0-15,,,,,,,,,,,,MAOM,,,,,0.171,ug/mg,0.016,ug/mg,,,,,,,,,,,,,,,,,,,,,,,,,,,,,,,,,,
,,,,,,,,,Vasilica et al. 2026,https://doi.org/10.1016/j.soilbio.2026.110202,,,,,,ECM-N,,,39°09′N,86°31′W,,,,15-30,,,,,,,,,,,,MAOM,,,,,0.122,ug/mg,0.015,ug/mg,,,,,,,,,,,,,,,,,,,,,,,,,,,,,,,,,,
,,,,,,,,,Vasilica et al. 2026,https://doi.org/10.1016/j.soilbio.2026.110202,,,,,,ECM-N,,,39°09′N,86°31′W,,,,0-15,,,,,,,,,,,,MAOM,,,,,0.242,ug/mg,0.016,ug/mg,,,,,,,,,,,,,,,,,,,,,,,,,,,,,,,,,,
,,,,,,,,,Vasilica et al. 2026,https://doi.org/10.1016/j.soilbio.2026.110202,,,,,,ECM-N,,,39°09′N,86°31′W,,,,0-15,,,,,,,,,,,,MAOM,,,,,0.176,ug/mg,0.016,ug/mg,,,,,,,,,,,,,,,,,,,,,,,,,,,,,,,,,,
,,,,,,,,,Vasilica et al. 2026,https://doi.org/10.1016/j.soilbio.2026.110202,,,,,,ECM-N,,,39°09′N,86°31′W,,,,15-30,,,,,,,,,,,,MAOM,,,,,0.087,ug/mg,0.01,ug/mg,,,,,,,,,,,,,,,,,,,,,,,,,,,,,,,,,,
,,,,,,,,,Vasilica et al. 2026,https://doi.org/10.1016/j.soilbio.2026.110202,,,,,,ECM-N,,,39°09′N,86°31′W,,,,0-15,,,,,,,,,,,,MAOM,,,,,0.247,ug/mg,0.02,ug/mg,,,,,,,,,,,,,,,,,,,,,,,,,,,,,,,,,,
,,,,,,,,,Vasilica et al. 2026,https://doi.org/10.1016/j.soilbio.2026.110202,,,,,,ECM-N,,,39°09′N,86°31′W,,,,15-30,,,,,,,,,,,,MAOM,,,,,0.078,ug/mg,0.006,ug/mg,,,,,,,,,,,,,,,,,,,,,,,,,,,,,,,,,,
,,,,,,,,,Vasilica et al. 2026,https://doi.org/10.1016/j.soilbio.2026.110202,,,,,,ECM-N,,,39°09′N,86°31′W,,,,0-15,,,,,,,,,,,,MAOM,,,,,0.169,ug/mg,0.017,ug/mg,,,,,,,,,,,,,,,,,,,,,,,,,,,,,,,,,,
,,,,,,,,,Vasilica et al. 2026,https://doi.org/10.1016/j.soilbio.2026.110202,,,,,,ECM-N,,,39°09′N,86°31′W,,,,15-30,,,,,,,,,,,,MAOM,,,,,0.115,ug/mg,0.014,ug/mg,,,,,,,,,,,,,,,,,,,,,,,,,,,,,,,,,,
,,,,,,,,,Vasilica et al. 2026,https://doi.org/10.1016/j.soilbio.2026.110202,,,,,,AM-N,,,39°09′N,86°31′W,,,,0-15,,,,,,,,,,,,MAOM,,,,,0.34,ug/mg,0.021,ug/mg,,,,,,,,,,,,,,,,,,,,,,,,,,,,,,,,,,
,,,,,,,,,Vasilica et al. 2026,https://doi.org/10.1016/j.soilbio.2026.110202,,,,,,AM-N,,,39°09′N,86°31′W,,,,15-30,,,,,,,,,,,,MAOM,,,,,0.151,ug/mg,0.012,ug/mg,,,,,,,,,,,,,,,,,,,,,,,,,,,,,,,,,,
,,,,,,,,,Vasilica et al. 2026,https://doi.org/10.1016/j.soilbio.2026.110202,,,,,,ECM-N,,,39°09′N,86°31′W,,,,0-15,,,,,,,,,,,,MAOM,,,,,0.248,ug/mg,0.016,ug/mg,,,,,,,,,,,,,,,,,,,,,,,,,,,,,,,,,,
,,,,,,,,,Vasilica et al. 2026,https://doi.org/10.1016/j.soilbio.2026.110202,,,,,,ECM-N,,,39°09′N,86°31′W,,,,0-15,,,,,,,,,,,,MAOM,,,,,0.256,ug/mg,0.017,ug/mg,,,,,,,,,,,,,,,,,,,,,,,,,,,,,,,,,,
,,,,,,,,,Vasilica et al. 2026,https://doi.org/10.1016/j.soilbio.2026.110202,,,,,,AM+N,,,39°09′N,86°31′W,,,,0-15,,,,,,,,,,,,POM,,,,,4.381,ug/mg,0.132,ug/mg,,,,,,,,,,,,,,,,,,,,,,,,,,,,,,,,,,
,,,,,,,,,Vasilica et al. 2026,https://doi.org/10.1016/j.soilbio.2026.110202,,,,,,AM+N,,,39°09′N,86°31′W,,,,15-30,,,,,,,,,,,,POM,,,,,4.346,ug/mg,0.131,ug/mg,,,,,,,,,,,,,,,,,,,,,,,,,,,,,,,,,,
,,,,,,,,,Vasilica et al. 2026,https://doi.org/10.1016/j.soilbio.2026.110202,,,,,,AM+N,,,39°09′N,86°31′W,,,,0-15,,,,,,,,,,,,POM,,,,,4.859,ug/mg,0.145,ug/mg,,,,,,,,,,,,,,,,,,,,,,,,,,,,,,,,,,
,,,,,,,,,Vasilica et al. 2026,https://doi.org/10.1016/j.soilbio.2026.110202,,,,,,AM+N,,,39°09′N,86°31′W,,,,15-30,,,,,,,,,,,,POM,,,,,6.215,ug/mg,0.192,ug/mg,,,,,,,,,,,,,,,,,,,,,,,,,,,,,,,,,,
,,,,,,,,,Vasilica et al. 2026,https://doi.org/10.1016/j.soilbio.2026.110202,,,,,,AM+N,,,39°09′N,86°31′W,,,,0-15,,,,,,,,,,,,POM,,,,,5.49,ug/mg,0.197,ug/mg,,,,,,,,,,,,,,,,,,,,,,,,,,,,,,,,,,
,,,,,,,,,Vasilica et al. 2026,https://doi.org/10.1016/j.soilbio.2026.110202,,,,,,AM+N,,,39°09′N,86°31′W,,,,15-30,,,,,,,,,,,,POM,,,,,4.444,ug/mg,0.153,ug/mg,,,,,,,,,,,,,,,,,,,,,,,,,,,,,,,,,,
,,,,,,,,,Vasilica et al. 2026,https://doi.org/10.1016/j.soilbio.2026.110202,,,,,,AM+N,,,39°09′N,86°31′W,,,,0-15,,,,,,,,,,,,POM,,,,,4.721,ug/mg,0.137,ug/mg,,,,,,,,,,,,,,,,,,,,,,,,,,,,,,,,,,
,,,,,,,,,Vasilica et al. 2026,https://doi.org/10.1016/j.soilbio.2026.110202,,,,,,AM+N,,,39°09′N,86°31′W,,,,15-30,,,,,,,,,,,,POM,,,,,6.673,ug/mg,0.201,ug/mg,,,,,,,,,,,,,,,,,,,,,,,,,,,,,,,,,,
,,,,,,,,,Vasilica et al. 2026,https://doi.org/10.1016/j.soilbio.2026.110202,,,,,,AM+N,,,39°09′N,86°31′W,,,,0-15,,,,,,,,,,,,POM,,,,,5.918,ug/mg,0.247,ug/mg,,,,,,,,,,,,,,,,,,,,,,,,,,,,,,,,,,
,,,,,,,,,Vasilica et al. 2026,https://doi.org/10.1016/j.soilbio.2026.110202,,,,,,AM+N,,,39°09′N,86°31′W,,,,15-30,,,,,,,,,,,,POM,,,,,7.894,ug/mg,0.269,ug/mg,,,,,,,,,,,,,,,,,,,,,,,,,,,,,,,,,,
,,,,,,,,,Vasilica et al. 2026,https://doi.org/10.1016/j.soilbio.2026.110202,,,,,,AM+N,,,39°09′N,86°31′W,,,,0-15,,,,,,,,,,,,POM,,,,,6.3085,ug/mg,0.2405,ug/mg,,,,,,,,,,,,,,,,,,,,,,,,,,,,,,,,,,
,,,,,,,,,Vasilica et al. 2026,https://doi.org/10.1016/j.soilbio.2026.110202,,,,,,AM+N,,,39°09′N,86°31′W,,,,15-30,,,,,,,,,,,,POM,,,,,3.983,ug/mg,0.136,ug/mg,,,,,,,,,,,,,,,,,,,,,,,,,,,,,,,,,,
,,,,,,,,,Vasilica et al. 2026,https://doi.org/10.1016/j.soilbio.2026.110202,,,,,,AM-N,,,39°09′N,86°31′W,,,,0-15,,,,,,,,,,,,POM,,,,,6.195,ug/mg,0.2255,ug/mg,,,,,,,,,,,,,,,,,,,,,,,,,,,,,,,,,,
,,,,,,,,,Vasilica et al. 2026,https://doi.org/10.1016/j.soilbio.2026.110202,,,,,,AM-N,,,39°09′N,86°31′W,,,,15-30,,,,,,,,,,,,POM,,,,,7.339,ug/mg,0.198,ug/mg,,,,,,,,,,,,,,,,,,,,,,,,,,,,,,,,,,
,,,,,,,,,Vasilica et al. 2026,https://doi.org/10.1016/j.soilbio.2026.110202,,,,,,AM-N,,,39°09′N,86°31′W,,,,0-15,,,,,,,,,,,,POM,,,,,5.5665,ug/mg,0.2125,ug/mg,,,,,,,,,,,,,,,,,,,,,,,,,,,,,,,,,,
,,,,,,,,,Vasilica et al. 2026,https://doi.org/10.1016/j.soilbio.2026.110202,,,,,,AM-N,,,39°09′N,86°31′W,,,,15-30,,,,,,,,,,,,POM,,,,,4.055,ug/mg,0.117,ug/mg,,,,,,,,,,,,,,,,,,,,,,,,,,,,,,,,,,
,,,,,,,,,Vasilica et al. 2026,https://doi.org/10.1016/j.soilbio.2026.110202,,,,,,AM-N,,,39°09′N,86°31′W,,,,0-15,,,,,,,,,,,,POM,,,,,5.9005,ug/mg,0.186,ug/mg,,,,,,,,,,,,,,,,,,,,,,,,,,,,,,,,,,
,,,,,,,,,Vasilica et al. 2026,https://doi.org/10.1016/j.soilbio.2026.110202,,,,,,AM-N,,,39°09′N,86°31′W,,,,15-30,,,,,,,,,,,,POM,,,,,0.58,ug/mg,0.2065,ug/mg,,,,,,,,,,,,,,,,,,,,,,,,,,,,,,,,,,
,,,,,,,,,Vasilica et al. 2026,https://doi.org/10.1016/j.soilbio.2026.110202,,,,,,AM-N,,,39°09′N,86°31′W,,,,0-15,,,,,,,,,,,,POM,,,,,4.363,ug/mg,0.129,ug/mg,,,,,,,,,,,,,,,,,,,,,,,,,,,,,,,,,,
,,,,,,,,,Vasilica et al. 2026,https://doi.org/10.1016/j.soilbio.2026.110202,,,,,,AM-N,,,39°09′N,86°31′W,,,,15-30,,,,,,,,,,,,POM,,,,,4.114,ug/mg,0.146,ug/mg,,,,,,,,,,,,,,,,,,,,,,,,,,,,,,,,,,
,,,,,,,,,Vasilica et al. 2026,https://doi.org/10.1016/j.soilbio.2026.110202,,,,,,AM-N,,,39°09′N,86°31′W,,,,0-15,,,,,,,,,,,,POM,,,,,4.752,ug/mg,0.163,ug/mg,,,,,,,,,,,,,,,,,,,,,,,,,,,,,,,,,,
,,,,,,,,,Vasilica et al. 2026,https://doi.org/10.1016/j.soilbio.2026.110202,,,,,,AM-N,,,39°09′N,86°31′W,,,,15-30,,,,,,,,,,,,POM,,,,,5.464,ug/mg,0.172,ug/mg,,,,,,,,,,,,,,,,,,,,,,,,,,,,,,,,,,
,,,,,,,,,Vasilica et al. 2026,https://doi.org/10.1016/j.soilbio.2026.110202,,,,,,AM-N,,,39°09′N,86°31′W,,,,0-15,,,,,,,,,,,,POM,,,,,6.907,ug/mg,0.2255,ug/mg,,,,,,,,,,,,,,,,,,,,,,,,,,,,,,,,,,
,,,,,,,,,Vasilica et al. 2026,https://doi.org/10.1016/j.soilbio.2026.110202,,,,,,AM-N,,,39°09′N,86°31′W,,,,15-30,,,,,,,,,,,,POM,,,,,4.748,ug/mg,0.167,ug/mg,,,,,,,,,,,,,,,,,,,,,,,,,,,,,,,,,,
,,,,,,,,,Vasilica et al. 2026,https://doi.org/10.1016/j.soilbio.2026.110202,,,,,,ECM+N,,,39°09′N,86°31′W,,,,0-15,,,,,,,,,,,,POM,,,,,7.859,ug/mg,0.329,ug/mg,,,,,,,,,,,,,,,,,,,,,,,,,,,,,,,,,,
,,,,,,,,,Vasilica et al. 2026,https://doi.org/10.1016/j.soilbio.2026.110202,,,,,,ECM+N,,,39°09′N,86°31′W,,,,15-30,,,,,,,,,,,,POM,,,,,0.421,ug/mg,0.203,ug/mg,,,,,,,,,,,,,,,,,,,,,,,,,,,,,,,,,,
,,,,,,,,,Vasilica et al. 2026,https://doi.org/10.1016/j.soilbio.2026.110202,,,,,,ECM+N,,,39°09′N,86°31′W,,,,0-15,,,,,,,,,,,,POM,,,,,6.2975,ug/mg,0.2505,ug/mg,,,,,,,,,,,,,,,,,,,,,,,,,,,,,,,,,,
,,,,,,,,,Vasilica et al. 2026,https://doi.org/10.1016/j.soilbio.2026.110202,,,,,,ECM+N,,,39°09′N,86°31′W,,,,15-30,,,,,,,,,,,,POM,,,,,5.081,ug/mg,0.184,ug/mg,,,,,,,,,,,,,,,,,,,,,,,,,,,,,,,,,,
,,,,,,,,,Vasilica et al. 2026,https://doi.org/10.1016/j.soilbio.2026.110202,,,,,,ECM+N,,,39°09′N,86°31′W,,,,0-15,,,,,,,,,,,,POM,,,,,6.179,ug/mg,0.281,ug/mg,,,,,,,,,,,,,,,,,,,,,,,,,,,,,,,,,,
,,,,,,,,,Vasilica et al. 2026,https://doi.org/10.1016/j.soilbio.2026.110202,,,,,,ECM+N,,,39°09′N,86°31′W,,,,15-30,,,,,,,,,,,,POM,,,,,4.6965,ug/mg,0.207,ug/mg,,,,,,,,,,,,,,,,,,,,,,,,,,,,,,,,,,
,,,,,,,,,Vasilica et al. 2026,https://doi.org/10.1016/j.soilbio.2026.110202,,,,,,ECM+N,,,39°09′N,86°31′W,,,,0-15,,,,,,,,,,,,POM,,,,,6.295,ug/mg,0.304,ug/mg,,,,,,,,,,,,,,,,,,,,,,,,,,,,,,,,,,
,,,,,,,,,Vasilica et al. 2026,https://doi.org/10.1016/j.soilbio.2026.110202,,,,,,ECM+N,,,39°09′N,86°31′W,,,,15-30,,,,,,,,,,,,POM,,,,,6.311,ug/mg,0.332,ug/mg,,,,,,,,,,,,,,,,,,,,,,,,,,,,,,,,,,
,,,,,,,,,Vasilica et al. 2026,https://doi.org/10.1016/j.soilbio.2026.110202,,,,,,ECM+N,,,39°09′N,86°31′W,,,,0-15,,,,,,,,,,,,POM,,,,,6.18,ug/mg,0.266,ug/mg,,,,,,,,,,,,,,,,,,,,,,,,,,,,,,,,,,
,,,,,,,,,Vasilica et al. 2026,https://doi.org/10.1016/j.soilbio.2026.110202,,,,,,ECM+N,,,39°09′N,86°31′W,,,,15-30,,,,,,,,,,,,POM,,,,,5.329,ug/mg,0.192,ug/mg,,,,,,,,,,,,,,,,,,,,,,,,,,,,,,,,,,
,,,,,,,,,Vasilica et al. 2026,https://doi.org/10.1016/j.soilbio.2026.110202,,,,,,ECM+N,,,39°09′N,86°31′W,,,,0-15,,,,,,,,,,,,POM,,,,,6.9,ug/mg,0.211,ug/mg,,,,,,,,,,,,,,,,,,,,,,,,,,,,,,,,,,
,,,,,,,,,Vasilica et al. 2026,https://doi.org/10.1016/j.soilbio.2026.110202,,,,,,ECM+N,,,39°09′N,86°31′W,,,,15-30,,,,,,,,,,,,POM,,,,,4.771,ug/mg,0.155,ug/mg,,,,,,,,,,,,,,,,,,,,,,,,,,,,,,,,,,
,,,,,,,,,Vasilica et al. 2026,https://doi.org/10.1016/j.soilbio.2026.110202,,,,,,ECM-N,,,39°09′N,86°31′W,,,,0-15,,,,,,,,,,,,POM,,,,,7.1535,ug/mg,0.3005,ug/mg,,,,,,,,,,,,,,,,,,,,,,,,,,,,,,,,,,
,,,,,,,,,Vasilica et al. 2026,https://doi.org/10.1016/j.soilbio.2026.110202,,,,,,ECM-N,,,39°09′N,86°31′W,,,,15-30,,,,,,,,,,,,POM,,,,,3.4115,ug/mg,0.176,ug/mg,,,,,,,,,,,,,,,,,,,,,,,,,,,,,,,,,,
,,,,,,,,,Vasilica et al. 2026,https://doi.org/10.1016/j.soilbio.2026.110202,,,,,,ECM-N,,,39°09′N,86°31′W,,,,0-15,,,,,,,,,,,,POM,,,,,5.489,ug/mg,0.28,ug/mg,,,,,,,,,,,,,,,,,,,,,,,,,,,,,,,,,,
,,,,,,,,,Vasilica et al. 2026,https://doi.org/10.1016/j.soilbio.2026.110202,,,,,,ECM-N,,,39°09′N,86°31′W,,,,15-30,,,,,,,,,,,,POM,,,,,0.728,ug/mg,0.267,ug/mg,,,,,,,,,,,,,,,,,,,,,,,,,,,,,,,,,,
,,,,,,,,,Vasilica et al. 2026,https://doi.org/10.1016/j.soilbio.2026.110202,,,,,,ECM-N,,,39°09′N,86°31′W,,,,15-30,,,,,,,,,,,,POM,,,,,5.973,ug/mg,0.2125,ug/mg,,,,,,,,,,,,,,,,,,,,,,,,,,,,,,,,,,
,,,,,,,,,Vasilica et al. 2026,https://doi.org/10.1016/j.soilbio.2026.110202,,,,,,ECM-N,,,39°09′N,86°31′W,,,,0-15,,,,,,,,,,,,POM,,,,,7.096,ug/mg,0.3115,ug/mg,,,,,,,,,,,,,,,,,,,,,,,,,,,,,,,,,,
,,,,,,,,,Vasilica et al. 2026,https://doi.org/10.1016/j.soilbio.2026.110202,,,,,,ECM-N,,,39°09′N,86°31′W,,,,15-30,,,,,,,,,,,,POM,,,,,0.933,ug/mg,0.198,ug/mg,,,,,,,,,,,,,,,,,,,,,,,,,,,,,,,,,,
,,,,,,,,,Vasilica et al. 2026,https://doi.org/10.1016/j.soilbio.2026.110202,,,,,,ECM-N,,,39°09′N,86°31′W,,,,0-15,,,,,,,,,,,,POM,,,,,0.676,ug/mg,0.254,ug/mg,,,,,,,,,,,,,,,,,,,,,,,,,,,,,,,,,,
,,,,,,,,,Vasilica et al. 2026,https://doi.org/10.1016/j.soilbio.2026.110202,,,,,,ECM-N,,,39°09′N,86°31′W,,,,15-30,,,,,,,,,,,,POM,,,,,0.787,ug/mg,0.1965,ug/mg,,,,,,,,,,,,,,,,,,,,,,,,,,,,,,,,,,
,,,,,,,,,Vasilica et al. 2026,https://doi.org/10.1016/j.soilbio.2026.110202,,,,,,ECM-N,,,39°09′N,86°31′W,,,,0-15,,,,,,,,,,,,POM,,,,,5.271,ug/mg,0.296,ug/mg,,,,,,,,,,,,,,,,,,,,,,,,,,,,,,,,,,
,,,,,,,,,Vasilica et al. 2026,https://doi.org/10.1016/j.soilbio.2026.110202,,,,,,ECM-N,,,39°09′N,86°31′W,,,,15-30,,,,,,,,,,,,POM,,,,,0.717,ug/mg,0.204,ug/mg,,,,,,,,,,,,,,,,,,,,,,,,,,,,,,,,,,
,,,,,,,,,Vasilica et al. 2026,https://doi.org/10.1016/j.soilbio.2026.110202,,,,,,AM-N,,,39°09′N,86°31′W,,,,0-15,,,,,,,,,,,,POM,,,,,5.482,ug/mg,0.193,ug/mg,,,,,,,,,,,,,,,,,,,,,,,,,,,,,,,,,,
,,,,,,,,,Vasilica et al. 2026,https://doi.org/10.1016/j.soilbio.2026.110202,,,,,,AM-N,,,39°09′N,86°31′W,,,,15-30,,,,,,,,,,,,POM,,,,,0.651,ug/mg,0.1865,ug/mg,,,,,,,,,,,,,,,,,,,,,,,,,,,,,,,,,,
,,,,,,,,,Vasilica et al. 2026,https://doi.org/10.1016/j.soilbio.2026.110202,,,,,,ECM-N,,,39°09′N,86°31′W,,,,0-15,,,,,,,,,,,,POM,,,,,6.225,ug/mg,0.25,ug/mg,,,,,,,,,,,,,,,,,,,,,,,,,,,,,,,,,,
,,,,,,,,,Vasilica et al. 2026,https://doi.org/10.1016/j.soilbio.2026.110202,,,,,,ECM-N,,,39°09′N,86°31′W,,,,0-15,,,,,,,,,,,,POM,,,,,8.198,ug/mg,0.349,ug/mg,,,,,,,,,,,,,,,,,,,,,,,,,,,,,,,,,,
,,,,,,,,,Vasilica et al. 2026,https://doi.org/10.1016/j.soilbio.2026.110202,,,,,,Plot,,,39°09′N,86°31′W,,,,Depth,,,,,,,,,,,,Material,,,,,"GlcN
 [µg/mg]",ug/mg,"MurN
 [µg/mg]",ug/mg,,,,,,,,,,,,,,,,,,,,,,,,,,,,,,,,,,
,,,,,,,,,Vasilica et al. 2026,https://doi.org/10.1016/j.soilbio.2026.110202,,,,,,AM+,,,39°09′N,86°31′W,,,,0-15,,,,,,,,,,,,MAOM,,,,,0.19,ug/mg,0.02,ug/mg,,,,,,,,,,,,,,,,,,,,,,,,,,,,,,,,,,
,,,,,,,,,Vasilica et al. 2026,https://doi.org/10.1016/j.soilbio.2026.110202,,,,,,AM+,,,39°09′N,86°31′W,,,,15-30,,,,,,,,,,,,MAOM,,,,,0.15,ug/mg,0.02,ug/mg,,,,,,,,,,,,,,,,,,,,,,,,,,,,,,,,,,
,,,,,,,,,Vasilica et al. 2026,https://doi.org/10.1016/j.soilbio.2026.110202,,,,,,AM+,,,39°09′N,86°31′W,,,,0-15,,,,,,,,,,,,MAOM,,,,,0.2,ug/mg,0.02,ug/mg,,,,,,,,,,,,,,,,,,,,,,,,,,,,,,,,,,
,,,,,,,,,Vasilica et al. 2026,https://doi.org/10.1016/j.soilbio.2026.110202,,,,,,AM+,,,39°09′N,86°31′W,,,,15-30,,,,,,,,,,,,MAOM,,,,,0.08,ug/mg,0.01,ug/mg,,,,,,,,,,,,,,,,,,,,,,,,,,,,,,,,,,
,,,,,,,,,Vasilica et al. 2026,https://doi.org/10.1016/j.soilbio.2026.110202,,,,,,AM+,,,39°09′N,86°31′W,,,,0-15,,,,,,,,,,,,MAOM,,,,,0.22,ug/mg,0.02,ug/mg,,,,,,,,,,,,,,,,,,,,,,,,,,,,,,,,,,
,,,,,,,,,Vasilica et al. 2026,https://doi.org/10.1016/j.soilbio.2026.110202,,,,,,AM+,,,39°09′N,86°31′W,,,,15-30,,,,,,,,,,,,MAOM,,,,,0.26,ug/mg,0.02,ug/mg,,,,,,,,,,,,,,,,,,,,,,,,,,,,,,,,,,
,,,,,,,,,Vasilica et al. 2026,https://doi.org/10.1016/j.soilbio.2026.110202,,,,,,AM+,,,39°09′N,86°31′W,,,,0-15,,,,,,,,,,,,MAOM,,,,,0.34,ug/mg,0.02,ug/mg,,,,,,,,,,,,,,,,,,,,,,,,,,,,,,,,,,
,,,,,,,,,Vasilica et al. 2026,https://doi.org/10.1016/j.soilbio.2026.110202,,,,,,AM+,,,39°09′N,86°31′W,,,,15-30,,,,,,,,,,,,MAOM,,,,,0.23,ug/mg,0.02,ug/mg,,,,,,,,,,,,,,,,,,,,,,,,,,,,,,,,,,
,,,,,,,,,Vasilica et al. 2026,https://doi.org/10.1016/j.soilbio.2026.110202,,,,,,AM+,,,39°09′N,86°31′W,,,,0-15,,,,,,,,,,,,MAOM,,,,,0.29,ug/mg,0.02,ug/mg,,,,,,,,,,,,,,,,,,,,,,,,,,,,,,,,,,
,,,,,,,,,Vasilica et al. 2026,https://doi.org/10.1016/j.soilbio.2026.110202,,,,,,AM+,,,39°09′N,86°31′W,,,,15-30,,,,,,,,,,,,MAOM,,,,,0.2,ug/mg,0.01,ug/mg,,,,,,,,,,,,,,,,,,,,,,,,,,,,,,,,,,
,,,,,,,,,Vasilica et al. 2026,https://doi.org/10.1016/j.soilbio.2026.110202,,,,,,AM+,,,39°09′N,86°31′W,,,,0-15,,,,,,,,,,,,MAOM,,,,,0.32,ug/mg,0.02,ug/mg,,,,,,,,,,,,,,,,,,,,,,,,,,,,,,,,,,
,,,,,,,,,Vasilica et al. 2026,https://doi.org/10.1016/j.soilbio.2026.110202,,,,,,AM+,,,39°09′N,86°31′W,,,,15-30,,,,,,,,,,,,MAOM,,,,,0.17,ug/mg,0.02,ug/mg,,,,,,,,,,,,,,,,,,,,,,,,,,,,,,,,,,
,,,,,,,,,Vasilica et al. 2026,https://doi.org/10.1016/j.soilbio.2026.110202,,,,,,AM-,,,39°09′N,86°31′W,,,,0-15,,,,,,,,,,,,MAOM,,,,,0.19,ug/mg,0.02,ug/mg,,,,,,,,,,,,,,,,,,,,,,,,,,,,,,,,,,
,,,,,,,,,Vasilica et al. 2026,https://doi.org/10.1016/j.soilbio.2026.110202,,,,,,AM-,,,39°09′N,86°31′W,,,,15-30,,,,,,,,,,,,MAOM,,,,,0.12,ug/mg,0.01,ug/mg,,,,,,,,,,,,,,,,,,,,,,,,,,,,,,,,,,
,,,,,,,,,Vasilica et al. 2026,https://doi.org/10.1016/j.soilbio.2026.110202,,,,,,AM-,,,39°09′N,86°31′W,,,,0-15,,,,,,,,,,,,MAOM,,,,,0.49,ug/mg,0.03,ug/mg,,,,,,,,,,,,,,,,,,,,,,,,,,,,,,,,,,
,,,,,,,,,Vasilica et al. 2026,https://doi.org/10.1016/j.soilbio.2026.110202,,,,,,AM-,,,39°09′N,86°31′W,,,,15-30,,,,,,,,,,,,MAOM,,,,,0.26,ug/mg,0.02,ug/mg,,,,,,,,,,,,,,,,,,,,,,,,,,,,,,,,,,
,,,,,,,,,Vasilica et al. 2026,https://doi.org/10.1016/j.soilbio.2026.110202,,,,,,AM-,,,39°09′N,86°31′W,,,,0-15,,,,,,,,,,,,MAOM,,,,,0.38,ug/mg,0.02,ug/mg,,,,,,,,,,,,,,,,,,,,,,,,,,,,,,,,,,
,,,,,,,,,Vasilica et al. 2026,https://doi.org/10.1016/j.soilbio.2026.110202,,,,,,AM-,,,39°09′N,86°31′W,,,,15-30,,,,,,,,,,,,MAOM,,,,,0.14,ug/mg,0.01,ug/mg,,,,,,,,,,,,,,,,,,,,,,,,,,,,,,,,,,
,,,,,,,,,Vasilica et al. 2026,https://doi.org/10.1016/j.soilbio.2026.110202,,,,,,AM-,,,39°09′N,86°31′W,,,,0-15,,,,,,,,,,,,MAOM,,,,,0.31,ug/mg,0.02,ug/mg,,,,,,,,,,,,,,,,,,,,,,,,,,,,,,,,,,
,,,,,,,,,Vasilica et al. 2026,https://doi.org/10.1016/j.soilbio.2026.110202,,,,,,AM-,,,39°09′N,86°31′W,,,,15-30,,,,,,,,,,,,MAOM,,,,,0.17,ug/mg,0.01,ug/mg,,,,,,,,,,,,,,,,,,,,,,,,,,,,,,,,,,
,,,,,,,,,Vasilica et al. 2026,https://doi.org/10.1016/j.soilbio.2026.110202,,,,,,AM-,,,39°09′N,86°31′W,,,,0-15,,,,,,,,,,,,MAOM,,,,,0.33,ug/mg,0.02,ug/mg,,,,,,,,,,,,,,,,,,,,,,,,,,,,,,,,,,
,,,,,,,,,Vasilica et al. 2026,https://doi.org/10.1016/j.soilbio.2026.110202,,,,,,AM-,,,39°09′N,86°31′W,,,,15-30,,,,,,,,,,,,MAOM,,,,,0.13,ug/mg,0.01,ug/mg,,,,,,,,,,,,,,,,,,,,,,,,,,,,,,,,,,
,,,,,,,,,Vasilica et al. 2026,https://doi.org/10.1016/j.soilbio.2026.110202,,,,,,AM-,,,39°09′N,86°31′W,,,,0-15,,,,,,,,,,,,MAOM,,,,,0.41,ug/mg,0.03,ug/mg,,,,,,,,,,,,,,,,,,,,,,,,,,,,,,,,,,
,,,,,,,,,Vasilica et al. 2026,https://doi.org/10.1016/j.soilbio.2026.110202,,,,,,AM-,,,39°09′N,86°31′W,,,,15-30,,,,,,,,,,,,MAOM,,,,,0.24,ug/mg,0.02,ug/mg,,,,,,,,,,,,,,,,,,,,,,,,,,,,,,,,,,
,,,,,,,,,Vasilica et al. 2026,https://doi.org/10.1016/j.soilbio.2026.110202,,,,,,ECM+,,,39°09′N,86°31′W,,,,0-15,,,,,,,,,,,,MAOM,,,,,0.24,ug/mg,0.02,ug/mg,,,,,,,,,,,,,,,,,,,,,,,,,,,,,,,,,,
,,,,,,,,,Vasilica et al. 2026,https://doi.org/10.1016/j.soilbio.2026.110202,,,,,,ECM+,,,39°09′N,86°31′W,,,,15-30,,,,,,,,,,,,MAOM,,,,,0.14,ug/mg,0.01,ug/mg,,,,,,,,,,,,,,,,,,,,,,,,,,,,,,,,,,
,,,,,,,,,Vasilica et al. 2026,https://doi.org/10.1016/j.soilbio.2026.110202,,,,,,ECM+,,,39°09′N,86°31′W,,,,0-15,,,,,,,,,,,,MAOM,,,,,0.15,ug/mg,0.01,ug/mg,,,,,,,,,,,,,,,,,,,,,,,,,,,,,,,,,,
,,,,,,,,,Vasilica et al. 2026,https://doi.org/10.1016/j.soilbio.2026.110202,,,,,,ECM+,,,39°09′N,86°31′W,,,,15-30,,,,,,,,,,,,MAOM,,,,,0.07,ug/mg,0.01,ug/mg,,,,,,,,,,,,,,,,,,,,,,,,,,,,,,,,,,
,,,,,,,,,Vasilica et al. 2026,https://doi.org/10.1016/j.soilbio.2026.110202,,,,,,ECM+,,,39°09′N,86°31′W,,,,0-15,,,,,,,,,,,,MAOM,,,,,0.31,ug/mg,0.02,ug/mg,,,,,,,,,,,,,,,,,,,,,,,,,,,,,,,,,,
,,,,,,,,,Vasilica et al. 2026,https://doi.org/10.1016/j.soilbio.2026.110202,,,,,,ECM+,,,39°09′N,86°31′W,,,,15-30,,,,,,,,,,,,MAOM,,,,,0.14,ug/mg,0.01,ug/mg,,,,,,,,,,,,,,,,,,,,,,,,,,,,,,,,,,
,,,,,,,,,Vasilica et al. 2026,https://doi.org/10.1016/j.soilbio.2026.110202,,,,,,ECM+,,,39°09′N,86°31′W,,,,0-15,,,,,,,,,,,,MAOM,,,,,0.24,ug/mg,0.02,ug/mg,,,,,,,,,,,,,,,,,,,,,,,,,,,,,,,,,,
,,,,,,,,,Vasilica et al. 2026,https://doi.org/10.1016/j.soilbio.2026.110202,,,,,,ECM+,,,39°09′N,86°31′W,,,,15-30,,,,,,,,,,,,MAOM,,,,,0.24,ug/mg,0.02,ug/mg,,,,,,,,,,,,,,,,,,,,,,,,,,,,,,,,,,
,,,,,,,,,Vasilica et al. 2026,https://doi.org/10.1016/j.soilbio.2026.110202,,,,,,ECM+,,,39°09′N,86°31′W,,,,0-15,,,,,,,,,,,,MAOM,,,,,0.23,ug/mg,0.02,ug/mg,,,,,,,,,,,,,,,,,,,,,,,,,,,,,,,,,,
,,,,,,,,,Vasilica et al. 2026,https://doi.org/10.1016/j.soilbio.2026.110202,,,,,,ECM+,,,39°09′N,86°31′W,,,,15-30,,,,,,,,,,,,MAOM,,,,,0.13,ug/mg,0.01,ug/mg,,,,,,,,,,,,,,,,,,,,,,,,,,,,,,,,,,
,,,,,,,,,Vasilica et al. 2026,https://doi.org/10.1016/j.soilbio.2026.110202,,,,,,ECM+,,,39°09′N,86°31′W,,,,15-30,,,,,,,,,,,,MAOM,,,,,0.1,ug/mg,0.01,ug/mg,,,,,,,,,,,,,,,,,,,,,,,,,,,,,,,,,,
,,,,,,,,,Vasilica et al. 2026,https://doi.org/10.1016/j.soilbio.2026.110202,,,,,,ECM-,,,39°09′N,86°31′W,,,,0-15,,,,,,,,,,,,MAOM,,,,,0.19,ug/mg,0.01,ug/mg,,,,,,,,,,,,,,,,,,,,,,,,,,,,,,,,,,
,,,,,,,,,Vasilica et al. 2026,https://doi.org/10.1016/j.soilbio.2026.110202,,,,,,ECM-,,,39°09′N,86°31′W,,,,15-30,,,,,,,,,,,,MAOM,,,,,0.08,ug/mg,0.01,ug/mg,,,,,,,,,,,,,,,,,,,,,,,,,,,,,,,,,,
,,,,,,,,,Vasilica et al. 2026,https://doi.org/10.1016/j.soilbio.2026.110202,,,,,,ECM-,,,39°09′N,86°31′W,,,,0-15,,,,,,,,,,,,MAOM,,,,,0.17,ug/mg,0.02,ug/mg,,,,,,,,,,,,,,,,,,,,,,,,,,,,,,,,,,
,,,,,,,,,Vasilica et al. 2026,https://doi.org/10.1016/j.soilbio.2026.110202,,,,,,ECM-,,,39°09′N,86°31′W,,,,15-30,,,,,,,,,,,,MAOM,,,,,0.12,ug/mg,0.02,ug/mg,,,,,,,,,,,,,,,,,,,,,,,,,,,,,,,,,,
,,,,,,,,,Vasilica et al. 2026,https://doi.org/10.1016/j.soilbio.2026.110202,,,,,,ECM-,,,39°09′N,86°31′W,,,,0-15,,,,,,,,,,,,MAOM,,,,,0.24,ug/mg,0.02,ug/mg,,,,,,,,,,,,,,,,,,,,,,,,,,,,,,,,,,
,,,,,,,,,Vasilica et al. 2026,https://doi.org/10.1016/j.soilbio.2026.110202,,,,,,ECM-,,,39°09′N,86°31′W,,,,0-15,,,,,,,,,,,,MAOM,,,,,0.18,ug/mg,0.02,ug/mg,,,,,,,,,,,,,,,,,,,,,,,,,,,,,,,,,,
,,,,,,,,,Vasilica et al. 2026,https://doi.org/10.1016/j.soilbio.2026.110202,,,,,,ECM-,,,39°09′N,86°31′W,,,,15-30,,,,,,,,,,,,MAOM,,,,,0.09,ug/mg,0.01,ug/mg,,,,,,,,,,,,,,,,,,,,,,,,,,,,,,,,,,
,,,,,,,,,Vasilica et al. 2026,https://doi.org/10.1016/j.soilbio.2026.110202,,,,,,ECM-,,,39°09′N,86°31′W,,,,0-15,,,,,,,,,,,,MAOM,,,,,0.25,ug/mg,0.02,ug/mg,,,,,,,,,,,,,,,,,,,,,,,,,,,,,,,,,,
,,,,,,,,,Vasilica et al. 2026,https://doi.org/10.1016/j.soilbio.2026.110202,,,,,,ECM-,,,39°09′N,86°31′W,,,,15-30,,,,,,,,,,,,MAOM,,,,,0.08,ug/mg,0.01,ug/mg,,,,,,,,,,,,,,,,,,,,,,,,,,,,,,,,,,
,,,,,,,,,Vasilica et al. 2026,https://doi.org/10.1016/j.soilbio.2026.110202,,,,,,ECM-,,,39°09′N,86°31′W,,,,0-15,,,,,,,,,,,,MAOM,,,,,0.17,ug/mg,0.02,ug/mg,,,,,,,,,,,,,,,,,,,,,,,,,,,,,,,,,,
,,,,,,,,,Vasilica et al. 2026,https://doi.org/10.1016/j.soilbio.2026.110202,,,,,,ECM-,,,39°09′N,86°31′W,,,,15-30,,,,,,,,,,,,MAOM,,,,,0.11,ug/mg,0.01,ug/mg,,,,,,,,,,,,,,,,,,,,,,,,,,,,,,,,,,
,,,,,,,,,Vasilica et al. 2026,https://doi.org/10.1016/j.soilbio.2026.110202,,,,,,AM-,,,39°09′N,86°31′W,,,,0-15,,,,,,,,,,,,MAOM,,,,,0.34,ug/mg,0.02,ug/mg,,,,,,,,,,,,,,,,,,,,,,,,,,,,,,,,,,
,,,,,,,,,Vasilica et al. 2026,https://doi.org/10.1016/j.soilbio.2026.110202,,,,,,AM-,,,39°09′N,86°31′W,,,,15-30,,,,,,,,,,,,MAOM,,,,,0.15,ug/mg,0.01,ug/mg,,,,,,,,,,,,,,,,,,,,,,,,,,,,,,,,,,
,,,,,,,,,Vasilica et al. 2026,https://doi.org/10.1016/j.soilbio.2026.110202,,,,,,ECM-,,,39°09′N,86°31′W,,,,0-15,,,,,,,,,,,,MAOM,,,,,0.25,ug/mg,0.02,ug/mg,,,,,,,,,,,,,,,,,,,,,,,,,,,,,,,,,,
,,,,,,,,,Vasilica et al. 2026,https://doi.org/10.1016/j.soilbio.2026.110202,,,,,,ECM-,,,39°09′N,86°31′W,,,,0-15,,,,,,,,,,,,MAOM,,,,,0.26,ug/mg,0.02,ug/mg,,,,,,,,,,,,,,,,,,,,,,,,,,,,,,,,,,
,,,,,,,,,Vasilica et al. 2026,https://doi.org/10.1016/j.soilbio.2026.110202,,,,,,AM+,,,39°09′N,86°31′W,,,,0-15,,,,,,,,,,,,POM,,,,,4.38,ug/mg,0.13,ug/mg,,,,,,,,,,,,,,,,,,,,,,,,,,,,,,,,,,
,,,,,,,,,Vasilica et al. 2026,https://doi.org/10.1016/j.soilbio.2026.110202,,,,,,AM+,,,39°09′N,86°31′W,,,,15-30,,,,,,,,,,,,POM,,,,,4.35,ug/mg,0.13,ug/mg,,,,,,,,,,,,,,,,,,,,,,,,,,,,,,,,,,
,,,,,,,,,Vasilica et al. 2026,https://doi.org/10.1016/j.soilbio.2026.110202,,,,,,AM+,,,39°09′N,86°31′W,,,,0-15,,,,,,,,,,,,POM,,,,,4.86,ug/mg,0.14,ug/mg,,,,,,,,,,,,,,,,,,,,,,,,,,,,,,,,,,
,,,,,,,,,Vasilica et al. 2026,https://doi.org/10.1016/j.soilbio.2026.110202,,,,,,AM+,,,39°09′N,86°31′W,,,,15-30,,,,,,,,,,,,POM,,,,,6.22,ug/mg,0.19,ug/mg,,,,,,,,,,,,,,,,,,,,,,,,,,,,,,,,,,
,,,,,,,,,Vasilica et al. 2026,https://doi.org/10.1016/j.soilbio.2026.110202,,,,,,AM+,,,39°09′N,86°31′W,,,,0-15,,,,,,,,,,,,POM,,,,,5.49,ug/mg,0.2,ug/mg,,,,,,,,,,,,,,,,,,,,,,,,,,,,,,,,,,
,,,,,,,,,Vasilica et al. 2026,https://doi.org/10.1016/j.soilbio.2026.110202,,,,,,AM+,,,39°09′N,86°31′W,,,,15-30,,,,,,,,,,,,POM,,,,,4.44,ug/mg,0.15,ug/mg,,,,,,,,,,,,,,,,,,,,,,,,,,,,,,,,,,
,,,,,,,,,Vasilica et al. 2026,https://doi.org/10.1016/j.soilbio.2026.110202,,,,,,AM+,,,39°09′N,86°31′W,,,,0-15,,,,,,,,,,,,POM,,,,,4.72,ug/mg,0.14,ug/mg,,,,,,,,,,,,,,,,,,,,,,,,,,,,,,,,,,
,,,,,,,,,Vasilica et al. 2026,https://doi.org/10.1016/j.soilbio.2026.110202,,,,,,AM+,,,39°09′N,86°31′W,,,,15-30,,,,,,,,,,,,POM,,,,,6.67,ug/mg,0.2,ug/mg,,,,,,,,,,,,,,,,,,,,,,,,,,,,,,,,,,
,,,,,,,,,Vasilica et al. 2026,https://doi.org/10.1016/j.soilbio.2026.110202,,,,,,AM+,,,39°09′N,86°31′W,,,,0-15,,,,,,,,,,,,POM,,,,,5.92,ug/mg,0.25,ug/mg,,,,,,,,,,,,,,,,,,,,,,,,,,,,,,,,,,
,,,,,,,,,Vasilica et al. 2026,https://doi.org/10.1016/j.soilbio.2026.110202,,,,,,AM+,,,39°09′N,86°31′W,,,,15-30,,,,,,,,,,,,POM,,,,,7.89,ug/mg,0.27,ug/mg,,,,,,,,,,,,,,,,,,,,,,,,,,,,,,,,,,
,,,,,,,,,Vasilica et al. 2026,https://doi.org/10.1016/j.soilbio.2026.110202,,,,,,AM+,,,39°09′N,86°31′W,,,,0-15,,,,,,,,,,,,POM,,,,,6.31,ug/mg,0.24,ug/mg,,,,,,,,,,,,,,,,,,,,,,,,,,,,,,,,,,
,,,,,,,,,Vasilica et al. 2026,https://doi.org/10.1016/j.soilbio.2026.110202,,,,,,AM+,,,39°09′N,86°31′W,,,,15-30,,,,,,,,,,,,POM,,,,,3.98,ug/mg,0.14,ug/mg,,,,,,,,,,,,,,,,,,,,,,,,,,,,,,,,,,
,,,,,,,,,Vasilica et al. 2026,https://doi.org/10.1016/j.soilbio.2026.110202,,,,,,AM-,,,39°09′N,86°31′W,,,,0-15,,,,,,,,,,,,POM,,,,,6.2,ug/mg,0.23,ug/mg,,,,,,,,,,,,,,,,,,,,,,,,,,,,,,,,,,
,,,,,,,,,Vasilica et al. 2026,https://doi.org/10.1016/j.soilbio.2026.110202,,,,,,AM-,,,39°09′N,86°31′W,,,,15-30,,,,,,,,,,,,POM,,,,,7.34,ug/mg,0.2,ug/mg,,,,,,,,,,,,,,,,,,,,,,,,,,,,,,,,,,
,,,,,,,,,Vasilica et al. 2026,https://doi.org/10.1016/j.soilbio.2026.110202,,,,,,AM-,,,39°09′N,86°31′W,,,,0-15,,,,,,,,,,,,POM,,,,,5.57,ug/mg,0.21,ug/mg,,,,,,,,,,,,,,,,,,,,,,,,,,,,,,,,,,
,,,,,,,,,Vasilica et al. 2026,https://doi.org/10.1016/j.soilbio.2026.110202,,,,,,AM-,,,39°09′N,86°31′W,,,,15-30,,,,,,,,,,,,POM,,,,,4.06,ug/mg,0.12,ug/mg,,,,,,,,,,,,,,,,,,,,,,,,,,,,,,,,,,
,,,,,,,,,Vasilica et al. 2026,https://doi.org/10.1016/j.soilbio.2026.110202,,,,,,AM-,,,39°09′N,86°31′W,,,,0-15,,,,,,,,,,,,POM,,,,,5.9,ug/mg,0.19,ug/mg,,,,,,,,,,,,,,,,,,,,,,,,,,,,,,,,,,
,,,,,,,,,Vasilica et al. 2026,https://doi.org/10.1016/j.soilbio.2026.110202,,,,,,AM-,,,39°09′N,86°31′W,,,,15-30,,,,,,,,,,,,POM,,,,,0.58,ug/mg,0.21,ug/mg,,,,,,,,,,,,,,,,,,,,,,,,,,,,,,,,,,
,,,,,,,,,Vasilica et al. 2026,https://doi.org/10.1016/j.soilbio.2026.110202,,,,,,AM-,,,39°09′N,86°31′W,,,,0-15,,,,,,,,,,,,POM,,,,,4.36,ug/mg,0.13,ug/mg,,,,,,,,,,,,,,,,,,,,,,,,,,,,,,,,,,
,,,,,,,,,Vasilica et al. 2026,https://doi.org/10.1016/j.soilbio.2026.110202,,,,,,AM-,,,39°09′N,86°31′W,,,,15-30,,,,,,,,,,,,POM,,,,,4.11,ug/mg,0.15,ug/mg,,,,,,,,,,,,,,,,,,,,,,,,,,,,,,,,,,
,,,,,,,,,Vasilica et al. 2026,https://doi.org/10.1016/j.soilbio.2026.110202,,,,,,AM-,,,39°09′N,86°31′W,,,,0-15,,,,,,,,,,,,POM,,,,,4.75,ug/mg,0.16,ug/mg,,,,,,,,,,,,,,,,,,,,,,,,,,,,,,,,,,
,,,,,,,,,Vasilica et al. 2026,https://doi.org/10.1016/j.soilbio.2026.110202,,,,,,AM-,,,39°09′N,86°31′W,,,,15-30,,,,,,,,,,,,POM,,,,,5.46,ug/mg,0.17,ug/mg,,,,,,,,,,,,,,,,,,,,,,,,,,,,,,,,,,
,,,,,,,,,Vasilica et al. 2026,https://doi.org/10.1016/j.soilbio.2026.110202,,,,,,AM-,,,39°09′N,86°31′W,,,,0-15,,,,,,,,,,,,POM,,,,,6.91,ug/mg,0.23,ug/mg,,,,,,,,,,,,,,,,,,,,,,,,,,,,,,,,,,
,,,,,,,,,Vasilica et al. 2026,https://doi.org/10.1016/j.soilbio.2026.110202,,,,,,AM-,,,39°09′N,86°31′W,,,,15-30,,,,,,,,,,,,POM,,,,,4.75,ug/mg,0.17,ug/mg,,,,,,,,,,,,,,,,,,,,,,,,,,,,,,,,,,
,,,,,,,,,Vasilica et al. 2026,https://doi.org/10.1016/j.soilbio.2026.110202,,,,,,ECM+,,,39°09′N,86°31′W,,,,0-15,,,,,,,,,,,,POM,,,,,7.86,ug/mg,0.33,ug/mg,,,,,,,,,,,,,,,,,,,,,,,,,,,,,,,,,,
,,,,,,,,,Vasilica et al. 2026,https://doi.org/10.1016/j.soilbio.2026.110202,,,,,,ECM+,,,39°09′N,86°31′W,,,,15-30,,,,,,,,,,,,POM,,,,,0.42,ug/mg,0.2,ug/mg,,,,,,,,,,,,,,,,,,,,,,,,,,,,,,,,,,
,,,,,,,,,Vasilica et al. 2026,https://doi.org/10.1016/j.soilbio.2026.110202,,,,,,ECM+,,,39°09′N,86°31′W,,,,0-15,,,,,,,,,,,,POM,,,,,6.3,ug/mg,0.25,ug/mg,,,,,,,,,,,,,,,,,,,,,,,,,,,,,,,,,,
,,,,,,,,,Vasilica et al. 2026,https://doi.org/10.1016/j.soilbio.2026.110202,,,,,,ECM+,,,39°09′N,86°31′W,,,,15-30,,,,,,,,,,,,POM,,,,,5.08,ug/mg,0.18,ug/mg,,,,,,,,,,,,,,,,,,,,,,,,,,,,,,,,,,
,,,,,,,,,Vasilica et al. 2026,https://doi.org/10.1016/j.soilbio.2026.110202,,,,,,ECM+,,,39°09′N,86°31′W,,,,0-15,,,,,,,,,,,,POM,,,,,6.18,ug/mg,0.28,ug/mg,,,,,,,,,,,,,,,,,,,,,,,,,,,,,,,,,,
,,,,,,,,,Vasilica et al. 2026,https://doi.org/10.1016/j.soilbio.2026.110202,,,,,,ECM+,,,39°09′N,86°31′W,,,,15-30,,,,,,,,,,,,POM,,,,,4.7,ug/mg,0.21,ug/mg,,,,,,,,,,,,,,,,,,,,,,,,,,,,,,,,,,
,,,,,,,,,Vasilica et al. 2026,https://doi.org/10.1016/j.soilbio.2026.110202,,,,,,ECM+,,,39°09′N,86°31′W,,,,0-15,,,,,,,,,,,,POM,,,,,6.3,ug/mg,0.3,ug/mg,,,,,,,,,,,,,,,,,,,,,,,,,,,,,,,,,,
,,,,,,,,,Vasilica et al. 2026,https://doi.org/10.1016/j.soilbio.2026.110202,,,,,,ECM+,,,39°09′N,86°31′W,,,,15-30,,,,,,,,,,,,POM,,,,,6.31,ug/mg,0.33,ug/mg,,,,,,,,,,,,,,,,,,,,,,,,,,,,,,,,,,
,,,,,,,,,Vasilica et al. 2026,https://doi.org/10.1016/j.soilbio.2026.110202,,,,,,ECM+,,,39°09′N,86°31′W,,,,0-15,,,,,,,,,,,,POM,,,,,6.18,ug/mg,0.27,ug/mg,,,,,,,,,,,,,,,,,,,,,,,,,,,,,,,,,,
,,,,,,,,,Vasilica et al. 2026,https://doi.org/10.1016/j.soilbio.2026.110202,,,,,,ECM+,,,39°09′N,86°31′W,,,,15-30,,,,,,,,,,,,POM,,,,,5.33,ug/mg,0.19,ug/mg,,,,,,,,,,,,,,,,,,,,,,,,,,,,,,,,,,
,,,,,,,,,Vasilica et al. 2026,https://doi.org/10.1016/j.soilbio.2026.110202,,,,,,ECM+,,,39°09′N,86°31′W,,,,0-15,,,,,,,,,,,,POM,,,,,6.9,ug/mg,0.21,ug/mg,,,,,,,,,,,,,,,,,,,,,,,,,,,,,,,,,,
,,,,,,,,,Vasilica et al. 2026,https://doi.org/10.1016/j.soilbio.2026.110202,,,,,,ECM+,,,39°09′N,86°31′W,,,,15-30,,,,,,,,,,,,POM,,,,,4.77,ug/mg,0.16,ug/mg,,,,,,,,,,,,,,,,,,,,,,,,,,,,,,,,,,
,,,,,,,,,Vasilica et al. 2026,https://doi.org/10.1016/j.soilbio.2026.110202,,,,,,ECM-,,,39°09′N,86°31′W,,,,0-15,,,,,,,,,,,,POM,,,,,7.15,ug/mg,0.3,ug/mg,,,,,,,,,,,,,,,,,,,,,,,,,,,,,,,,,,
,,,,,,,,,Vasilica et al. 2026,https://doi.org/10.1016/j.soilbio.2026.110202,,,,,,ECM-,,,39°09′N,86°31′W,,,,15-30,,,,,,,,,,,,POM,,,,,3.41,ug/mg,0.18,ug/mg,,,,,,,,,,,,,,,,,,,,,,,,,,,,,,,,,,
,,,,,,,,,Vasilica et al. 2026,https://doi.org/10.1016/j.soilbio.2026.110202,,,,,,ECM-,,,39°09′N,86°31′W,,,,0-15,,,,,,,,,,,,POM,,,,,5.49,ug/mg,0.28,ug/mg,,,,,,,,,,,,,,,,,,,,,,,,,,,,,,,,,,
,,,,,,,,,Vasilica et al. 2026,https://doi.org/10.1016/j.soilbio.2026.110202,,,,,,ECM-,,,39°09′N,86°31′W,,,,15-30,,,,,,,,,,,,POM,,,,,0.73,ug/mg,0.27,ug/mg,,,,,,,,,,,,,,,,,,,,,,,,,,,,,,,,,,
,,,,,,,,,Vasilica et al. 2026,https://doi.org/10.1016/j.soilbio.2026.110202,,,,,,ECM-,,,39°09′N,86°31′W,,,,15-30,,,,,,,,,,,,POM,,,,,5.97,ug/mg,0.21,ug/mg,,,,,,,,,,,,,,,,,,,,,,,,,,,,,,,,,,
,,,,,,,,,Vasilica et al. 2026,https://doi.org/10.1016/j.soilbio.2026.110202,,,,,,ECM-,,,39°09′N,86°31′W,,,,0-15,,,,,,,,,,,,POM,,,,,7.1,ug/mg,0.31,ug/mg,,,,,,,,,,,,,,,,,,,,,,,,,,,,,,,,,,
,,,,,,,,,Vasilica et al. 2026,https://doi.org/10.1016/j.soilbio.2026.110202,,,,,,ECM-,,,39°09′N,86°31′W,,,,15-30,,,,,,,,,,,,POM,,,,,0.93,ug/mg,0.2,ug/mg,,,,,,,,,,,,,,,,,,,,,,,,,,,,,,,,,,
,,,,,,,,,Vasilica et al. 2026,https://doi.org/10.1016/j.soilbio.2026.110202,,,,,,ECM-,,,39°09′N,86°31′W,,,,0-15,,,,,,,,,,,,POM,,,,,0.68,ug/mg,0.25,ug/mg,,,,,,,,,,,,,,,,,,,,,,,,,,,,,,,,,,
,,,,,,,,,Vasilica et al. 2026,https://doi.org/10.1016/j.soilbio.2026.110202,,,,,,ECM-,,,39°09′N,86°31′W,,,,15-30,,,,,,,,,,,,POM,,,,,0.79,ug/mg,0.2,ug/mg,,,,,,,,,,,,,,,,,,,,,,,,,,,,,,,,,,
,,,,,,,,,Vasilica et al. 2026,https://doi.org/10.1016/j.soilbio.2026.110202,,,,,,ECM-,,,39°09′N,86°31′W,,,,0-15,,,,,,,,,,,,POM,,,,,5.27,ug/mg,0.3,ug/mg,,,,,,,,,,,,,,,,,,,,,,,,,,,,,,,,,,
,,,,,,,,,Vasilica et al. 2026,https://doi.org/10.1016/j.soilbio.2026.110202,,,,,,ECM-,,,39°09′N,86°31′W,,,,15-30,,,,,,,,,,,,POM,,,,,0.72,ug/mg,0.2,ug/mg,,,,,,,,,,,,,,,,,,,,,,,,,,,,,,,,,,
,,,,,,,,,Vasilica et al. 2026,https://doi.org/10.1016/j.soilbio.2026.110202,,,,,,AM-,,,39°09′N,86°31′W,,,,0-15,,,,,,,,,,,,POM,,,,,5.48,ug/mg,0.19,ug/mg,,,,,,,,,,,,,,,,,,,,,,,,,,,,,,,,,,
,,,,,,,,,Vasilica et al. 2026,https://doi.org/10.1016/j.soilbio.2026.110202,,,,,,AM-,,,39°09′N,86°31′W,,,,15-30,,,,,,,,,,,,POM,,,,,0.65,ug/mg,0.19,ug/mg,,,,,,,,,,,,,,,,,,,,,,,,,,,,,,,,,,
,,,,,,,,,Vasilica et al. 2026,https://doi.org/10.1016/j.soilbio.2026.110202,,,,,,ECM-,,,39°09′N,86°31′W,,,,0-15,,,,,,,,,,,,POM,,,,,6.22,ug/mg,0.25,ug/mg,,,,,,,,,,,,,,,,,,,,,,,,,,,,,,,,,,
,,,,,,,,,Vasilica et al. 2026,https://doi.org/10.1016/j.soilbio.2026.110202,,,,,,ECM-,,,39°09′N,86°31′W,,,,0-15,,,,,,,,,,,,POM,,,,,8.2,ug/mg,0.35,ug/mg,,,,,,,,,,,,,,,,,,,,,,,,,,,,,,,,,,
,,,,,,,,,,,,,,,,,,,,,,,,,,,,,,,,,,,,,,,,,,,,,,,,,,,,,,,,,,,,,,,,,,,,,,,,,,,,,,
,,,,,,,,,,,,Location,,,,,,,,,,,,0,10,,,Types,,,,,,,,,,,,,,,,,,,,,,,FNC 0-10 cm,,BNC 0-10 cm,,,,,,MBC,,MBN,,SOC（g/kg） 0-10 cm,,,,TN,,,Soil pH,,Clay,Silt,Sand,,,,
,,,,,,,,,Yang et al. 2025,https://doi.org/10.1111/gcb.70292,Figshare,1,,,,,,,34.09273,108.47392,,,,0,10,,,Shrubland,,,,,,,,,,,,,,,,,,,,,,,5.3,,3.8,,,,,,300,,114,,21.06591716,,,,0.73,,,7.1,,40.61,5.5,53.89,,,,
,,,,,,,,,Yang et al. 2025,https://doi.org/10.1111/gcb.70292,Figshare,2,,,,,,,34.09452,109.27425,,,,0,10,,,Forestland,,,,,,,,,,,,,,,,,,,,,,,3.4,,2.5,,,,,,373,,112,,11.83294664,,,,0.65,,,8.3,,30.61,4.6,64.79,,,,
,,,,,,,,,Yang et al. 2025,https://doi.org/10.1111/gcb.70292,Figshare,3,,,,,,,34.89132,104.47681,,,,0,10,,,Grassland,,,,,,,,,,,,,,,,,,,,,,,0.8,,0.5,,,,,,291,,105,,3.886310905,,,,0.52,,,7.4,,39.88,4.2,55.92,,,,
,,,,,,,,,Yang et al. 2025,https://doi.org/10.1111/gcb.70292,Figshare,4,,,,,,,34.533,105.161,,,,0,10,,,Shrubland,,,,,,,,,,,,,,,,,,,,,,,1.2,,0.9,,,,,,312,,104,,5.684454756,,,,0.82,,,6.3,,39.77,5.3,54.93,,,,
,,,,,,,,,Yang et al. 2025,https://doi.org/10.1111/gcb.70292,Figshare,5,,,,,,,34.534,106.429,,,,0,10,,,Forestland,,,,,,,,,,,,,,,,,,,,,,,1.9,,1.4,,,,,,342,,126,,7.83062645,,,,0.55,,,8.6,,32.2,4.6,63.2,,,,
,,,,,,,,,Yang et al. 2025,https://doi.org/10.1111/gcb.70292,Figshare,6,,,,,,,35.71819,109.42704,,,,0,10,,,Forestland,,,,,,,,,,,,,,,,,,,,,,,3.2,,1.8,,,,,,371,,121,,10.20881671,,,,0.78,,,8,,34.53,5.2,60.27,,,,
,,,,,,,,,Yang et al. 2025,https://doi.org/10.1111/gcb.70292,Figshare,7,,,,,,,34.89502,107.67382,,,,0,10,,,Forestland,,,,,,,,,,,,,,,,,,,,,,,2.5,,1.5,,,,,,328,,138,,8.410672854,,,,0.77,,,8.6,,36.96,5.7,57.34,,,,
,,,,,,,,,Yang et al. 2025,https://doi.org/10.1111/gcb.70292,Figshare,8,,,,,,,34.88514,108.47304,,,,0,10,,,Shrubland,,,,,,,,,,,,,,,,,,,,,,,2.3,,1.9,,,,,,317,,93,,12.55452436,,,,0.63,,,7.1,,30.3,5.9,63.8,,,,
,,,,,,,,,Yang et al. 2025,https://doi.org/10.1111/gcb.70292,Figshare,9,,,,,,,34.89357,109.27399,,,,0,10,,,Shrubland,,,,,,,,,,,,,,,,,,,,,,,3.9,,3.6,,,,,,309,,109,,17.53364269,,,,0.53,,,6.1,,44.41,3,52.59,,,,
,,,,,,,,,Yang et al. 2025,https://doi.org/10.1111/gcb.70292,Figshare,10,,,,,,,34.89275,110.07384,,,,0,10,,,Shrubland,,,,,,,,,,,,,,,,,,,,,,,2.5,,1.8,,,,,,290,,102,,13.62645012,,,,0.89,,,6.2,,45.01,4,50.99,,,,
,,,,,,,,,Yang et al. 2025,https://doi.org/10.1111/gcb.70292,Figshare,11,,,,,,,34.89167,110.87262,,,,0,10,,,Shrubland,,,,,,,,,,,,,,,,,,,,,,,3.2,,2.7,,,,,,290,,104,,15.25058005,,,,0.64,,,6,,38.24,5.2,56.56,,,,
,,,,,,,,,Yang et al. 2025,https://doi.org/10.1111/gcb.70292,Figshare,12,,,,,,,34.89447,111.67244,,,,0,10,,,Forestland,,,,,,,,,,,,,,,,,,,,,,,1.6,,0.9,,,,,,375,,136,,4.872389791,,,,0.79,,,7.3,,35.2,4.6,60.2,,,,
,,,,,,,,,Yang et al. 2025,https://doi.org/10.1111/gcb.70292,Figshare,13,,,,,,,34.89298,112.47286,,,,0,10,,,Forestland,,,,,,,,,,,,,,,,,,,,,,,2.3,,1.4,,,,,,323,,101,,9.07424594,,,,0.76,,,7.6,,36.89,3.5,59.61,,,,
,,,,,,,,,Yang et al. 2025,https://doi.org/10.1111/gcb.70292,Figshare,14,,,,,,,34.89215,113.27202,,,,0,10,,,Shrubland,,,,,,,,,,,,,,,,,,,,,,,4.9,,3.5,,,,,,257,,100,,20.92088143,,,,0.6,,,6.7,,29.71,4.6,65.69,,,,
,,,,,,,,,Yang et al. 2025,https://doi.org/10.1111/gcb.70292,Figshare,15,,,,,,,35.69544,102.06819,,,,0,10,,,Grassland,,,,,,,,,,,,,,,,,,,,,,,0.9,,0.6,,,,,,251,,114,,2.668213457,,,,0.72,,,7.2,,39.45,5.6,54.95,,,,
,,,,,,,,,Yang et al. 2025,https://doi.org/10.1111/gcb.70292,Figshare,16,,,,,,,35.69383,102.87452,,,,0,10,,,Grassland,,,,,,,,,,,,,,,,,,,,,,,1.6,,1.1,,,,,,250,,94,,5.046403712,,,,0.6,,,8,,34.93,3.1,61.97,,,,
,,,,,,,,,Yang et al. 2025,https://doi.org/10.1111/gcb.70292,Figshare,17,,,,,,,35.69318,103.67603,,,,0,10,,,Shrubland,,,,,,,,,,,,,,,,,,,,,,,2.1,,1.8,,,,,,301,,120,,8.990719258,,,,0.68,,,7.5,,38.39,4.8,56.81,,,,
,,,,,,,,,Yang et al. 2025,https://doi.org/10.1111/gcb.70292,Figshare,18,,,,,,,35.69453,104.4724,,,,0,10,,,Grassland,,,,,,,,,,,,,,,,,,,,,,,1.5,,1.1,,,,,,250,,110,,4.466357309,,,,0.67,,,7.4,,38.65,4.7,56.65,,,,
,,,,,,,,,Yang et al. 2025,https://doi.org/10.1111/gcb.70292,Figshare,19,,,,,,,35.69483,105.27691,,,,0,10,,,Shrubland,,,,,,,,,,,,,,,,,,,,,,,1.5,,1.2,,,,,,280,,92,,9.974950077,,,,0.54,,,7.7,,31.44,4.2,64.36,,,,
,,,,,,,,,Yang et al. 2025,https://doi.org/10.1111/gcb.70292,Figshare,20,,,,,,,35.69604,106.06888,,,,0,10,,,Forestland,,,,,,,,,,,,,,,,,,,,,,,1.4,,1.1,,,,,,290,,126,,7.424593968,,,,0.58,,,7.8,,29.77,5.5,64.73,,,,
,,,,,,,,,Yang et al. 2025,https://doi.org/10.1111/gcb.70292,Figshare,21,,,,,,,35.69114,106.8801,,,,0,10,,,Forestland,,,,,,,,,,,,,,,,,,,,,,,0.8,,0.5,,,,,,336,,121,,3.538283063,,,,0.75,,,7.4,,38.77,4.4,56.83,,,,
,,,,,,,,,Yang et al. 2025,https://doi.org/10.1111/gcb.70292,Figshare,22,,,,,,,35.69228,107.67661,,,,0,10,,,Forestland,,,,,,,,,,,,,,,,,,,,,,,0.8,,0.5,,,,,,303,,100,,2.42855763,,,,0.67,,,8,,35.02,5.5,59.48,,,,
,,,,,,,,,Yang et al. 2025,https://doi.org/10.1111/gcb.70292,Figshare,23,,,,,,,35.7039,108.47359,,,,0,10,,,Forestland,,,,,,,,,,,,,,,,,,,,,,,0.9,,0.6,,,,,,361,,142,,3.248259861,,,,0.77,,,8.4,,36.75,3.9,59.35,,,,
,,,,,,,,,Yang et al. 2025,https://doi.org/10.1111/gcb.70292,Figshare,24,,,,,,,35.69133,109.28107,,,,0,10,,,Forestland,,,,,,,,,,,,,,,,,,,,,,,1.1,,0.5,,,,,,343,,131,,2.726218097,,,,0.69,,,7.3,,34.55,5.6,59.85,,,,
,,,,,,,,,Yang et al. 2025,https://doi.org/10.1111/gcb.70292,Figshare,25,,,,,,,35.69606,110.07548,,,,0,10,,,Forestland,,,,,,,,,,,,,,,,,,,,,,,1.2,,0.8,,,,,,322,,111,,4.176334107,,,,0.79,,,7.1,,29.11,3.2,67.69,,,,
,,,,,,,,,Yang et al. 2025,https://doi.org/10.1111/gcb.70292,Figshare,26,,,,,,,35.68581,110.86848,,,,0,10,,,Grassland,,,,,,,,,,,,,,,,,,,,,,,1.4,,0.9,,,,,,298,,112,,4.872389791,,,,0.8,,,7,,38.56,4.5,56.94,,,,
,,,,,,,,,Yang et al. 2025,https://doi.org/10.1111/gcb.70292,Figshare,27,,,,,,,35.6936,111.67375,,,,0,10,,,Forestland,,,,,,,,,,,,,,,,,,,,,,,2.8,,2.1,,,,,,384,,117,,9.39675174,,,,0.72,,,8,,30.58,4.3,65.12,,,,
,,,,,,,,,Yang et al. 2025,https://doi.org/10.1111/gcb.70292,Figshare,28,,,,,,,35.69484,112.47643,,,,0,10,,,Forestland,,,,,,,,,,,,,,,,,,,,,,,2.1,,1.5,,,,,,299,,141,,6.26450116,,,,0.79,,,8.3,,29.2,5.1,65.7,,,,
,,,,,,,,,Yang et al. 2025,https://doi.org/10.1111/gcb.70292,Figshare,29,,,,,,,35.68538,113.27242,,,,0,10,,,Forestland,,,,,,,,,,,,,,,,,,,,,,,2.8,,1.8,,,,,,307,,141,,8.584686775,,,,0.71,,,8.3,,33.43,5.5,61.07,,,,
,,,,,,,,,Yang et al. 2025,https://doi.org/10.1111/gcb.70292,Figshare,30,,,,,,,36.49937,101.28033,,,,0,10,,,Shrubland,,,,,,,,,,,,,,,,,,,,,,,2.8,,2.1,,,,,,327,,97,,15.4361949,,,,0.66,,,8,,45.52,5.9,48.58,,,,
,,,,,,,,,Yang et al. 2025,https://doi.org/10.1111/gcb.70292,Figshare,31,,,,,,,36.49287,102.07379,,,,0,10,,,Shrubland,,,,,,,,,,,,,,,,,,,,,,,2.1,,1.7,,,,,,324,,113,,13.91415313,,,,0.85,,,7.7,,36.43,5.4,58.17,,,,
,,,,,,,,,Yang et al. 2025,https://doi.org/10.1111/gcb.70292,Figshare,32,,,,,,,36.49374,102.87762,,,,0,10,,,Cropland,,,,,,,,,,,,,,,,,,,,,,,2.4,,0.7,,,,,,229,,68,,7.192575406,,,,0.43,,,9,,30.21,5.8,63.99,,,,
,,,,,,,,,Yang et al. 2025,https://doi.org/10.1111/gcb.70292,Figshare,33,,,,,,,36.48594,103.60878,,,,0,10,,,Forestland,,,,,,,,,,,,,,,,,,,,,,,1.3,,1.1,,,,,,307,,108,,7.83062645,,,,0.62,,,8.8,,32.11,3.7,64.19,,,,
,,,,,,,,,Yang et al. 2025,https://doi.org/10.1111/gcb.70292,Figshare,34,,,,,,,36.48531,104.486,,,,0,10,,,Shrubland,,,,,,,,,,,,,,,,,,,,,,,1.8,,1.4,,,,,,326,,101,,7.819519179,,,,0.89,,,6.2,,43.18,4,52.82,,,,
,,,,,,,,,Yang et al. 2025,https://doi.org/10.1111/gcb.70292,Figshare,35,,,,,,,36.49639,105.27386,,,,0,10,,,Cropland,,,,,,,,,,,,,,,,,,,,,,,2.3,,1.2,,,,,,217,,65,,6.206580151,,,,0.4,,,7.7,,29.87,4.3,65.83,,,,
,,,,,,,,,Yang et al. 2025,https://doi.org/10.1111/gcb.70292,Figshare,36,,,,,,,36.47759,106.08793,,,,0,10,,,Shrubland,,,,,,,,,,,,,,,,,,,,,,,1.9,,1.6,,,,,,294,,108,,10.9380179,,,,0.87,,,7.6,,31.8,4.5,63.7,,,,
,,,,,,,,,Yang et al. 2025,https://doi.org/10.1111/gcb.70292,Figshare,37,,,,,,,36.49525,106.89897,,,,0,10,,,Grassland,,,,,,,,,,,,,,,,,,,,,,,2.6,,2.1,,,,,,266,,102,,13.82488479,,,,0.69,,,7.8,,36.46,5.2,58.34,,,,
,,,,,,,,,Yang et al. 2025,https://doi.org/10.1111/gcb.70292,Figshare,38,,,,,,,36.50185,107.67513,,,,0,10,,,Shrubland,,,,,,,,,,,,,,,,,,,,,,,2.3,,2.1,,,,,,270,,115,,11.45842036,,,,0.81,,,7.5,,41.63,3.1,55.27,,,,
,,,,,,,,,Yang et al. 2025,https://doi.org/10.1111/gcb.70292,Figshare,39,,,,,,,36.48941,108.4788,,,,0,10,,,Forestland,,,,,,,,,,,,,,,,,,,,,,,0.9,,0.7,,,,,,365,,118,,3.944315545,,,,0.6,,,9,,31.45,5,63.55,,,,
,,,,,,,,,Yang et al. 2025,https://doi.org/10.1111/gcb.70292,Figshare,40,,,,,,,36.48496,109.27729,,,,0,10,,,Cropland,,,,,,,,,,,,,,,,,,,,,,,1.7,,0.9,,,,,,231,,64,,4.872389791,,,,0.63,,,7.6,,29.16,3.8,67.04,,,,
,,,,,,,,,Yang et al. 2025,https://doi.org/10.1111/gcb.70292,Figshare,41,,,,,,,36.49408,110.07392,,,,0,10,,,Forestland,,,,,,,,,,,,,,,,,,,,,,,1.2,,0.8,,,,,,369,,146,,5.916473318,,,,0.57,,,7.9,,31.42,6,62.58,,,,
,,,,,,,,,Yang et al. 2025,https://doi.org/10.1111/gcb.70292,Figshare,42,,,,,,,36.49052,110.87365,,,,0,10,,,Shrubland,,,,,,,,,,,,,,,,,,,,,,,2.4,,1.9,,,,,,326,,99,,8.674234311,,,,0.59,,,6.2,,41.26,3.8,54.94,,,,
,,,,,,,,,Yang et al. 2025,https://doi.org/10.1111/gcb.70292,Figshare,43,,,,,,,36.50148,111.687,,,,0,10,,,Shrubland,,,,,,,,,,,,,,,,,,,,,,,1.3,,1.1,,,,,,284,,101,,5.493561448,,,,0.79,,,7,,42.72,3.4,53.88,,,,
,,,,,,,,,Yang et al. 2025,https://doi.org/10.1111/gcb.70292,Figshare,44,,,,,,,36.49036,112.49408,,,,0,10,,,Forestland,,,,,,,,,,,,,,,,,,,,,,,3.1,,2.5,,,,,,390,,109,,14.34674041,,,,0.76,,,8.1,,37.72,4.8,57.48,,,,
,,,,,,,,,Yang et al. 2025,https://doi.org/10.1111/gcb.70292,Figshare,45,,,,,,,36.49277,113.27236,,,,0,10,,,Cropland,,,,,,,,,,,,,,,,,,,,,,,2.7,,2.1,,,,,,223,,68,,9.955444166,,,,0.61,,,7.9,,34.13,5.1,60.77,,,,
,,,,,,,,,Yang et al. 2025,https://doi.org/10.1111/gcb.70292,Figshare,46,,,,,,,37.26117,101.41505,,,,0,10,,,Grassland,,,,,,,,,,,,,,,,,,,,,,,3.1,,2.7,,,,,,278,,103,,12.9350348,,,,0.6,,,6.9,,39.43,4.3,56.27,,,,
,,,,,,,,,Yang et al. 2025,https://doi.org/10.1111/gcb.70292,Figshare,47,,,,,,,37.29594,102.089,,,,0,10,,,Grassland,,,,,,,,,,,,,,,,,,,,,,,0.9,,0.7,,,,,,270,,106,,4.234338747,,,,0.77,,,6.2,,38.7,3.6,57.7,,,,
,,,,,,,,,Yang et al. 2025,https://doi.org/10.1111/gcb.70292,Figshare,48,,,,,,,37.21596,104.48881,,,,0,10,,,Shrubland,,,,,,,,,,,,,,,,,,,,,,,1.3,,0.9,,,,,,293,,115,,6.561926898,,,,0.58,,,7.2,,44.06,5.4,50.54,,,,
,,,,,,,,,Yang et al. 2025,https://doi.org/10.1111/gcb.70292,Figshare,49,,,,,,,37.35894,105.283,,,,0,10,,,Shrubland,,,,,,,,,,,,,,,,,,,,,,,1.5,,0.8,,,,,,321,,103,,6.67809663,,,,0.83,,,7.7,,37.35,5.8,56.85,,,,
,,,,,,,,,Yang et al. 2025,https://doi.org/10.1111/gcb.70292,Figshare,50,,,,,,,37.29222,106.07448,,,,0,10,,,Grassland,,,,,,,,,,,,,,,,,,,,,,,3.9,,2.7,,,,,,292,,117,,14.00520598,,,,0.66,,,7.3,,40.4,4.3,55.3,,,,
,,,,,,,,,Yang et al. 2025,https://doi.org/10.1111/gcb.70292,Figshare,51,,,,,,,37.29198,106.87472,,,,0,10,,,Forestland,,,,,,,,,,,,,,,,,,,,,,,2.4,,1.9,,,,,,353,,126,,8.692788936,,,,0.66,,,8,,37.83,3.9,58.27,,,,
,,,,,,,,,Yang et al. 2025,https://doi.org/10.1111/gcb.70292,Figshare,52,,,,,,,37.2948,107.66908,,,,0,10,,,Cropland,,,,,,,,,,,,,,,,,,,,,,,1.6,,0.8,,,,,,250,,70,,5.104408353,,,,0.58,,,9.9,,30.45,3.1,66.45,,,,
,,,,,,,,,Yang et al. 2025,https://doi.org/10.1111/gcb.70292,Figshare,53,,,,,,,37.29689,108.47929,,,,0,10,,,Shrubland,,,,,,,,,,,,,,,,,,,,,,,0.9,,1,,,,,,279,,91,,4.69837587,,,,0.63,,,7.2,,32.67,3.6,63.73,,,,
,,,,,,,,,Yang et al. 2025,https://doi.org/10.1111/gcb.70292,Figshare,54,,,,,,,37.29447,109.27276,,,,0,10,,,Cropland,,,,,,,,,,,,,,,,,,,,,,,2.8,,2.6,,,,,,242,,69,,8.990719258,,,,0.79,,,8.6,,31.03,4,64.97,,,,
,,,,,,,,,Yang et al. 2025,https://doi.org/10.1111/gcb.70292,Figshare,55,,,,,,,37.29392,110.08523,,,,0,10,,,Shrubland,,,,,,,,,,,,,,,,,,,,,,,0.9,,0.8,,,,,,281,,95,,5.162412993,,,,0.9,,,6,,43.53,5,51.47,,,,
,,,,,,,,,Yang et al. 2025,https://doi.org/10.1111/gcb.70292,Figshare,56,,,,,,,37.29672,110.87165,,,,0,10,,,Shrubland,,,,,,,,,,,,,,,,,,,,,,,0.9,,0.6,,,,,,322,,95,,6.13493841,,,,0.68,,,6.2,,32.23,5.1,62.67,,,,
,,,,,,,,,Yang et al. 2025,https://doi.org/10.1111/gcb.70292,Figshare,57,,,,,,,37.29668,111.67056,,,,0,10,,,Cropland,,,,,,,,,,,,,,,,,,,,,,,2.1,,1.6,,,,,,228,,60,,7.853216249,,,,0.71,,,7.5,,32.19,3.3,64.51,,,,
,,,,,,,,,Yang et al. 2025,https://doi.org/10.1111/gcb.70292,Figshare,58,,,,,,,37.28885,112.47386,,,,0,10,,,Forestland,,,,,,,,,,,,,,,,,,,,,,,2.5,,2.1,,,,,,385,,145,,10.67037697,,,,0.59,,,9,,36.81,5.2,57.99,,,,
,,,,,,,,,Yang et al. 2025,https://doi.org/10.1111/gcb.70292,Figshare,59,,,,,,,37.278,113.28835,,,,0,10,,,Cropland,,,,,,,,,,,,,,,,,,,,,,,3.2,,2.4,,,,,,212,,70,,11.24183831,,,,0.79,,,9.5,,30.92,4.8,64.28,,,,
,,,,,,,,,Yang et al. 2025,https://doi.org/10.1111/gcb.70292,Figshare,60,,,,,,,38.09097,106.0782,,,,0,10,,,Cropland,,,,,,,,,,,,,,,,,,,,,,,2.3,,1.4,,,,,,216,,70,,6.771661622,,,,0.44,,,8.1,,34.3,5.7,60,,,,
,,,,,,,,,Yang et al. 2025,https://doi.org/10.1111/gcb.70292,Figshare,61,,,,,,,38.09397,106.87612,,,,0,10,,,Cropland,,,,,,,,,,,,,,,,,,,,,,,0.9,,0.7,,,,,,233,,58,,2.236089123,,,,0.74,,,8.6,,28.91,3.3,67.79,,,,
,,,,,,,,,Yang et al. 2025,https://doi.org/10.1111/gcb.70292,Figshare,62,,,,,,,38.07401,107.06396,,,,0,10,,,Shrubland,,,,,,,,,,,,,,,,,,,,,,,2.5,,1.8,,,,,,257,,100,,13.0974478,,,,0.78,,,6.7,,42.99,6,51.01,,,,
,,,,,,,,,Yang et al. 2025,https://doi.org/10.1111/gcb.70292,Figshare,63,,,,,,,38.09299,108.47335,,,,0,10,,,Forestland,,,,,,,,,,,,,,,,,,,,,,,2.9,,2.3,,,,,,370,,145,,11.54292343,,,,0.66,,,7,,37.44,5,57.56,,,,
,,,,,,,,,Yang et al. 2025,https://doi.org/10.1111/gcb.70292,Figshare,64,,,,,,,38.09618,109.26565,,,,0,10,,,Shrubland,,,,,,,,,,,,,,,,,,,,,,,1.9,,1.6,,,,,,330,,96,,8.758700696,,,,0.55,,,7.9,,38.7,3.7,57.6,,,,
,,,,,,,,,Yang et al. 2025,https://doi.org/10.1111/gcb.70292,Figshare,65,,,,,,,38.09468,110.07489,,,,0,10,,,Cropland,,,,,,,,,,,,,,,,,,,,,,,1.5,,0.6,,,,,,242,,60,,5.452436195,,,,0.77,,,8.2,,31.83,5.8,62.37,,,,
,,,,,,,,,Yang et al. 2025,https://doi.org/10.1111/gcb.70292,Figshare,66,,,,,,,38.11517,110.88191,,,,0,10,,,Forestland,,,,,,,,,,,,,,,,,,,,,,,2.6,,1.8,,,,,,312,,118,,7.359828142,,,,0.57,,,8.4,,37.29,3,59.71,,,,
,,,,,,,,,Yang et al. 2025,https://doi.org/10.1111/gcb.70292,Figshare,67,,,,,,,38.0968,111.69797,,,,0,10,,,Grassland,,,,,,,,,,,,,,,,,,,,,,,2.1,,1.4,,,,,,270,,118,,9.355465151,,,,0.76,,,7.6,,34.58,5.1,60.32,,,,
,,,,,,,,,Yang et al. 2025,https://doi.org/10.1111/gcb.70292,Figshare,68,,,,,,,38.09624,112.47608,,,,0,10,,,Forestland,,,,,,,,,,,,,,,,,,,,,,,2.3,,1.4,,,,,,324,,127,,7.914983118,,,,0.71,,,8.3,,35.87,3.6,60.53,,,,
,,,,,,,,,Yang et al. 2025,https://doi.org/10.1111/gcb.70292,Figshare,69,,,,,,,38.09962,113.27412,,,,0,10,,,Forestland,,,,,,,,,,,,,,,,,,,,,,,2.9,,2.1,,,,,,298,,112,,10.38792404,,,,0.5,,,8,,32.27,5.8,61.93,,,,
,,,,,,,,,Yang et al. 2025,https://doi.org/10.1111/gcb.70292,Figshare,70,,,,,,,38.87471,106.17863,,,,0,10,,,Grassland,,,,,,,,,,,,,,,,,,,,,,,2.3,,1.8,,,,,,302,,103,,10.50863209,,,,0.85,,,7.8,,36.36,3,60.64,,,,
,,,,,,,,,Yang et al. 2025,https://doi.org/10.1111/gcb.70292,Figshare,71,,,,,,,38.8888,106.85004,,,,0,10,,,Grassland,,,,,,,,,,,,,,,,,,,,,,,1.6,,1.3,,,,,,270,,103,,10.81874244,,,,0.81,,,8,,32.67,3.6,63.73,,,,
,,,,,,,,,Yang et al. 2025,https://doi.org/10.1111/gcb.70292,Figshare,72,,,,,,,38.90167,107.66974,,,,0,10,,,Grassland,,,,,,,,,,,,,,,,,,,,,,,1.3,,1.1,,,,,,291,,116,,7.192575406,,,,0.85,,,6.6,,33.1,5.9,61,,,,
,,,,,,,,,Yang et al. 2025,https://doi.org/10.1111/gcb.70292,Figshare,73,,,,,,,38.86653,108.37603,,,,0,10,,,Forestland,,,,,,,,,,,,,,,,,,,,,,,2.3,,1.9,,,,,,368,,147,,9.686774942,,,,0.61,,,9,,34.25,5.5,60.25,,,,
,,,,,,,,,Yang et al. 2025,https://doi.org/10.1111/gcb.70292,Figshare,74,,,,,,,38.88213,109.31367,,,,0,10,,,Forestland,,,,,,,,,,,,,,,,,,,,,,,1.3,,0.6,,,,,,300,,112,,4.002320186,,,,0.56,,,7.4,,38.3,4.8,56.9,,,,
,,,,,,,,,Yang et al. 2025,https://doi.org/10.1111/gcb.70292,Figshare,75,,,,,,,38.88845,110.06946,,,,0,10,,,Shrubland,,,,,,,,,,,,,,,,,,,,,,,1.5,,1.1,,,,,,296,,103,,5.275676616,,,,0.81,,,7.9,,32.08,5.7,62.22,,,,
,,,,,,,,,Yang et al. 2025,https://doi.org/10.1111/gcb.70292,Figshare,76,,,,,,,38.89333,110.87354,,,,0,10,,,Grassland,,,,,,,,,,,,,,,,,,,,,,,0.7,,0.5,,,,,,275,,98,,3.889514223,,,,0.62,,,7.5,,40.57,4,55.43,,,,
,,,,,,,,,Yang et al. 2025,https://doi.org/10.1111/gcb.70292,Figshare,77,,,,,,,38.88543,111.66364,,,,0,10,,,Grassland,,,,,,,,,,,,,,,,,,,,,,,1.7,,1.5,,,,,,274,,112,,10.35192628,,,,0.78,,,7,,37.27,3.9,58.83,,,,
,,,,,,,,,Yang et al. 2025,https://doi.org/10.1111/gcb.70292,Figshare,78,,,,,,,38.88826,112.4849,,,,0,10,,,Grassland,,,,,,,,,,,,,,,,,,,,,,,1.5,,1.3,,,,,,309,,95,,8.004640371,,,,0.88,,,7.2,,37.35,5.3,57.35,,,,
,,,,,,,,,Yang et al. 2025,https://doi.org/10.1111/gcb.70292,Figshare,79,,,,,,,38.86986,113.28056,,,,0,10,,,Cropland,,,,,,,,,,,,,,,,,,,,,,,0.9,,0.6,,,,,,220,,70,,2.68726275,,,,0.68,,,7.2,,34.83,3.6,61.57,,,,
,,,,,,,,,Yang et al. 2025,https://doi.org/10.1111/gcb.70292,Figshare,80,,,,,,,39.69423,106.87323,,,,0,10,,,Cropland,,,,,,,,,,,,,,,,,,,,,,,1.9,,1.1,,,,,,219,,55,,4.814385151,,,,0.75,,,8.2,,28.68,5,66.32,,,,
,,,,,,,,,Yang et al. 2025,https://doi.org/10.1111/gcb.70292,Figshare,81,,,,,,,39.70535,107.68315,,,,0,10,,,Shrubland,,,,,,,,,,,,,,,,,,,,,,,0.7,,0.5,,,,,,283,,119,,3.828306265,,,,0.76,,,7.1,,41.74,3.9,54.36,,,,
,,,,,,,,,Yang et al. 2025,https://doi.org/10.1111/gcb.70292,Figshare,82,,,,,,,39.69423,108.47502,,,,0,10,,,Cropland,,,,,,,,,,,,,,,,,,,,,,,2.3,,1.5,,,,,,221,,60,,7.366589327,,,,0.45,,,9.4,,29.37,4.9,65.73,,,,
,,,,,,,,,Yang et al. 2025,https://doi.org/10.1111/gcb.70292,Figshare,83,,,,,,,39.69839,109.2681,,,,0,10,,,Shrubland,,,,,,,,,,,,,,,,,,,,,,,0.7,,0.5,,,,,,253,,103,,2.54444,,,,0.66,,,7.3,,29.35,5.1,65.55,,,,
,,,,,,,,,Yang et al. 2025,https://doi.org/10.1111/gcb.70292,Figshare,84,,,,,,,39.68666,110.06982,,,,0,10,,,Grassland,,,,,,,,,,,,,,,,,,,,,,,1.4,,0.9,,,,,,283,,116,,7.274783626,,,,0.53,,,6.3,,40.1,3.5,56.4,,,,
,,,,,,,,,Yang et al. 2025,https://doi.org/10.1111/gcb.70292,Figshare,85,,,,,,,39.69357,110.87371,,,,0,10,,,Shrubland,,,,,,,,,,,,,,,,,,,,,,,0.6,,0.4,,,,,,317,,103,,3.16275615,,,,0.89,,,6.2,,43.04,4.5,52.46,,,,
,,,,,,,,,Yang et al. 2025,https://doi.org/10.1111/gcb.70292,Figshare,86,,,,,,,39.69368,111.67384,,,,0,10,,,Forestland,,,,,,,,,,,,,,,,,,,,,,,1.5,,0.5,,,,,,358,,121,,5.147032358,,,,0.72,,,8.1,,29.24,3.6,67.16,,,,
,,,,,,,,,Yang et al. 2025,https://doi.org/10.1111/gcb.70292,Figshare,87,,,,,,,39.69194,112.47601,,,,0,10,,,Grassland,,,,,,,,,,,,,,,,,,,,,,,1.9,,1.6,,,,,,302,,97,,12.0369488,,,,0.81,,,7.8,,38.15,3,58.85,,,,
,,,,,,,,,Yang et al. 2025,https://doi.org/10.1111/gcb.70292,Figshare,88,,,,,,,39.69317,113.2737,,,,0,10,,,Grassland,,,,,,,,,,,,,,,,,,,,,,,0.7,,0.5,,,,,,308,,115,,3.862849339,,,,0.62,,,6,,39.82,4.9,55.28,,,,
,,,,,,,,,Yang et al. 2025,https://doi.org/10.1111/gcb.70292,Figshare,89,,,,,,,39.68931,114.07492,,,,0,10,,,Grassland,,,,,,,,,,,,,,,,,,,,,,,1.9,,1.7,,,,,,259,,106,,9.324755814,,,,0.74,,,7.5,,36.22,4,59.78,,,,
,,,,,,,,,Yang et al. 2025,https://doi.org/10.1111/gcb.70292,Figshare,90,,,,,,,40.50111,106.86341,,,,0,10,,,Cropland,,,,,,,,,,,,,,,,,,,,,,,2.8,,1.1,,,,,,222,,63,,9.512761021,,,,0.51,,,8.4,,29.72,5.5,64.78,,,,
,,,,,,,,,Yang et al. 2025,https://doi.org/10.1111/gcb.70292,Figshare,91,,,,,,,40.51078,107.35579,,,,0,10,,,Cropland,,,,,,,,,,,,,,,,,,,,,,,1.4,,0.9,,,,,,212,,56,,5.336426914,,,,0.5,,,9.1,,34.78,4.5,60.72,,,,
,,,,,,,,,Yang et al. 2025,https://doi.org/10.1111/gcb.70292,Figshare,92,,,,,,,40.40217,108.50302,,,,0,10,,,Cropland,,,,,,,,,,,,,,,,,,,,,,,1.1,,0.8,,,,,,239,,60,,4.350348028,,,,0.49,,,7.6,,34.16,5.3,60.54,,,,
,,,,,,,,,Yang et al. 2025,https://doi.org/10.1111/gcb.70292,Figshare,93,,,,,,,40.49031,109.27747,,,,0,10,,,Grassland,,,,,,,,,,,,,,,,,,,,,,,1.8,,1.1,,,,,,274,,100,,6.612529002,,,,0.73,,,6.5,,37.23,4.2,58.57,,,,
,,,,,,,,,Yang et al. 2025,https://doi.org/10.1111/gcb.70292,Figshare,94,,,,,,,40.49593,110.07149,,,,0,10,,,Cropland,,,,,,,,,,,,,,,,,,,,,,,2.1,,1.4,,,,,,221,,66,,6.856338595,,,,0.75,,,8.5,,29.96,3.8,66.24,,,,
,,,,,,,,,Yang et al. 2025,https://doi.org/10.1111/gcb.70292,Figshare,95,,,,,,,40.48898,111.87132,,,,0,10,,,Cropland,,,,,,,,,,,,,,,,,,,,,,,2.3,,1.6,,,,,,229,,55,,7.12853433,,,,0.72,,,7.4,,31.01,5.4,63.59,,,,
,,,,,,,,,Yang et al. 2025,https://doi.org/10.1111/gcb.70292,Figshare,96,,,,,,,40.49536,111.67245,,,,0,10,,,Shrubland,,,,,,,,,,,,,,,,,,,,,,,2.3,,2.1,,,,,,255,,106,,11.73316779,,,,0.87,,,7.8,,29.46,4,66.54,,,,
,,,,,,,,,Yang et al. 2025,https://doi.org/10.1111/gcb.70292,Figshare,97,,,,,,,40.49358,114.07301,,,,0,10,,,Grassland,,,,,,,,,,,,,,,,,,,,,,,1.3,,0.8,,,,,,262,,107,,6.025346291,,,,0.65,,,7,,38.75,3.3,57.95,,,,
,,,,,,,,,,,,,,,,,,,,,,,,,,,,,,,,,,,,,,,,,,,,,,,,,,,,,,,,,,,,,,,,,,,,,,,,,,,,,,
,,,,,,,,,Yang et al. 2025,https://doi.org/10.1111/gcb.70292,Figshare,Location,,,,,,,,,,,,10,20,,,,,,,,,,,,,,,,,,,,,,,,,,FNC 10-20 cm,,BNC 10-20 cm,,,,,,,,,,SOC（g/kg）10-20 cm,,,,,,,,,,,,,,,
,,,,,,,,,Yang et al. 2025,https://doi.org/10.1111/gcb.70292,Figshare,1,DOUBLE CHECK SITE METADATA FOR BOTTOM DEPTH,,,,,,34.09273,108.47392,,,,10,20,,,,,,,,,,,,,,,,,,,,,,,,,,4.7,,3.1,,,,,,,,,,16.88617342,,,,,,,,,,,,,,,
,,,,,,,,,Yang et al. 2025,https://doi.org/10.1111/gcb.70292,Figshare,2,,,,,,,34.09452,109.27425,,,,10,20,,,,,,,,,,,,,,,,,,,,,,,,,,2.9,,2.3,,,,,,,,,,8.468677494,,,,,,,,,,,,,,,
,,,,,,,,,Yang et al. 2025,https://doi.org/10.1111/gcb.70292,Figshare,3,,,,,,,34.89132,104.47681,,,,10,20,,,,,,,,,,,,,,,,,,,,,,,,,,0.6,,0.2,,,,,,,,,,2.610208817,,,,,,,,,,,,,,,
,,,,,,,,,Yang et al. 2025,https://doi.org/10.1111/gcb.70292,Figshare,4,,,,,,,34.533,105.161,,,,10,20,,,,,,,,,,,,,,,,,,,,,,,,,,0.8,,0.7,,,,,,,,,,4.176334107,,,,,,,,,,,,,,,
,,,,,,,,,Yang et al. 2025,https://doi.org/10.1111/gcb.70292,Figshare,5,,,,,,,34.534,106.429,,,,10,20,,,,,,,,,,,,,,,,,,,,,,,,,,1.6,,1.1,,,,,,,,,,6.960556845,,,,,,,,,,,,,,,
,,,,,,,,,Yang et al. 2025,https://doi.org/10.1111/gcb.70292,Figshare,6,,,,,,,35.71819,109.42704,,,,10,20,,,,,,,,,,,,,,,,,,,,,,,,,,2.8,,1.5,,,,,,,,,,7.598607889,,,,,,,,,,,,,,,
,,,,,,,,,Yang et al. 2025,https://doi.org/10.1111/gcb.70292,Figshare,7,,,,,,,34.89502,107.67382,,,,10,20,,,,,,,,,,,,,,,,,,,,,,,,,,2.1,,1.4,,,,,,,,,,6.438515081,,,,,,,,,,,,,,,
,,,,,,,,,Yang et al. 2025,https://doi.org/10.1111/gcb.70292,Figshare,8,,,,,,,34.88514,108.47304,,,,10,20,,,,,,,,,,,,,,,,,,,,,,,,,,2.1,,1.6,,,,,,,,,,9.032482599,,,,,,,,,,,,,,,
,,,,,,,,,Yang et al. 2025,https://doi.org/10.1111/gcb.70292,Figshare,9,,,,,,,34.89357,109.27399,,,,10,20,,,,,,,,,,,,,,,,,,,,,,,,,,3.1,,2.9,,,,,,,,,,12.60324826,,,,,,,,,,,,,,,
,,,,,,,,,Yang et al. 2025,https://doi.org/10.1111/gcb.70292,Figshare,10,,,,,,,34.89275,110.07384,,,,10,20,,,,,,,,,,,,,,,,,,,,,,,,,,2.1,,1.6,,,,,,,,,,11.23433875,,,,,,,,,,,,,,,
,,,,,,,,,Yang et al. 2025,https://doi.org/10.1111/gcb.70292,Figshare,11,,,,,,,34.89167,110.87262,,,,10,20,,,,,,,,,,,,,,,,,,,,,,,,,,2.6,,2.3,,,,,,,,,,11.43851508,,,,,,,,,,,,,,,
,,,,,,,,,Yang et al. 2025,https://doi.org/10.1111/gcb.70292,Figshare,12,,,,,,,34.89447,111.67244,,,,10,20,,,,,,,,,,,,,,,,,,,,,,,,,,1.3,,0.7,,,,,,,,,,3.596287703,,,,,,,,,,,,,,,
,,,,,,,,,Yang et al. 2025,https://doi.org/10.1111/gcb.70292,Figshare,13,,,,,,,34.89298,112.47286,,,,10,20,,,,,,,,,,,,,,,,,,,,,,,,,,2.1,,1.2,,,,,,,,,,7.378190255,,,,,,,,,,,,,,,
,,,,,,,,,Yang et al. 2025,https://doi.org/10.1111/gcb.70292,Figshare,14,,,,,,,34.89215,113.27202,,,,10,20,,,,,,,,,,,,,,,,,,,,,,,,,,4.2,,3.1,,,,,,,,,,14.65561172,,,,,,,,,,,,,,,
,,,,,,,,,Yang et al. 2025,https://doi.org/10.1111/gcb.70292,Figshare,15,,,,,,,35.69544,102.06819,,,,10,20,,,,,,,,,,,,,,,,,,,,,,,,,,0.7,,0.4,,,,,,,,,,1.914153132,,,,,,,,,,,,,,,
,,,,,,,,,Yang et al. 2025,https://doi.org/10.1111/gcb.70292,Figshare,16,,,,,,,35.69383,102.87452,,,,10,20,,,,,,,,,,,,,,,,,,,,,,,,,,1.3,,0.9,,,,,,,,,,3.596287703,,,,,,,,,,,,,,,
,,,,,,,,,Yang et al. 2025,https://doi.org/10.1111/gcb.70292,Figshare,17,,,,,,,35.69318,103.67603,,,,10,20,,,,,,,,,,,,,,,,,,,,,,,,,,1.7,,1.4,,,,,,,,,,8.236658933,,,,,,,,,,,,,,,
,,,,,,,,,Yang et al. 2025,https://doi.org/10.1111/gcb.70292,Figshare,18,,,,,,,35.69453,104.4724,,,,10,20,,,,,,,,,,,,,,,,,,,,,,,,,,1.2,,0.8,,,,,,,,,,2.262180974,,,,,,,,,,,,,,,
,,,,,,,,,Yang et al. 2025,https://doi.org/10.1111/gcb.70292,Figshare,19,,,,,,,35.69483,105.27691,,,,10,20,,,,,,,,,,,,,,,,,,,,,,,,,,1.2,,0.8,,,,,,,,,,6.50556094,,,,,,,,,,,,,,,
,,,,,,,,,Yang et al. 2025,https://doi.org/10.1111/gcb.70292,Figshare,20,,,,,,,35.69604,106.06888,,,,10,20,,,,,,,,,,,,,,,,,,,,,,,,,,1.2,,0.9,,,,,,,,,,4.872389791,,,,,,,,,,,,,,,
,,,,,,,,,Yang et al. 2025,https://doi.org/10.1111/gcb.70292,Figshare,21,,,,,,,35.69114,106.8801,,,,10,20,,,,,,,,,,,,,,,,,,,,,,,,,,0.6,,0.3,,,,,,,,,,2.552204176,,,,,,,,,,,,,,,
,,,,,,,,,Yang et al. 2025,https://doi.org/10.1111/gcb.70292,Figshare,22,,,,,,,35.69228,107.67661,,,,10,20,,,,,,,,,,,,,,,,,,,,,,,,,,0.5,,0.3,,,,,,,,,,1.932059172,,,,,,,,,,,,,,,
,,,,,,,,,Yang et al. 2025,https://doi.org/10.1111/gcb.70292,Figshare,23,,,,,,,35.7039,108.47359,,,,10,20,,,,,,,,,,,,,,,,,,,,,,,,,,0.6,,0.4,,,,,,,,,,2.494199536,,,,,,,,,,,,,,,
,,,,,,,,,Yang et al. 2025,https://doi.org/10.1111/gcb.70292,Figshare,24,,,,,,,35.69133,109.28107,,,,10,20,,,,,,,,,,,,,,,,,,,,,,,,,,0.9,,0.3,,,,,,,,,,2.030162413,,,,,,,,,,,,,,,
,,,,,,,,,Yang et al. 2025,https://doi.org/10.1111/gcb.70292,Figshare,25,,,,,,,35.69606,110.07548,,,,10,20,,,,,,,,,,,,,,,,,,,,,,,,,,0.8,,0.5,,,,,,,,,,2.610208817,,,,,,,,,,,,,,,
,,,,,,,,,Yang et al. 2025,https://doi.org/10.1111/gcb.70292,Figshare,26,,,,,,,35.68581,110.86848,,,,10,20,,,,,,,,,,,,,,,,,,,,,,,,,,1.1,,0.6,,,,,,,,,,2.436194896,,,,,,,,,,,,,,,
,,,,,,,,,Yang et al. 2025,https://doi.org/10.1111/gcb.70292,Figshare,27,,,,,,,35.6936,111.67375,,,,10,20,,,,,,,,,,,,,,,,,,,,,,,,,,2.3,,1.5,,,,,,,,,,8.410672854,,,,,,,,,,,,,,,
,,,,,,,,,Yang et al. 2025,https://doi.org/10.1111/gcb.70292,Figshare,28,,,,,,,35.69484,112.47643,,,,10,20,,,,,,,,,,,,,,,,,,,,,,,,,,1.9,,1.1,,,,,,,,,,6.20649652,,,,,,,,,,,,,,,
,,,,,,,,,Yang et al. 2025,https://doi.org/10.1111/gcb.70292,Figshare,29,,,,,,,35.68538,113.27242,,,,10,20,,,,,,,,,,,,,,,,,,,,,,,,,,2.4,,1.5,,,,,,,,,,6.148491879,,,,,,,,,,,,,,,
,,,,,,,,,Yang et al. 2025,https://doi.org/10.1111/gcb.70292,Figshare,30,,,,,,,36.49937,101.28033,,,,10,20,,,,,,,,,,,,,,,,,,,,,,,,,,2.3,,1.8,,,,,,,,,,13.56612529,,,,,,,,,,,,,,,
,,,,,,,,,Yang et al. 2025,https://doi.org/10.1111/gcb.70292,Figshare,31,,,,,,,36.49287,102.07379,,,,10,20,,,,,,,,,,,,,,,,,,,,,,,,,,1.6,,1.3,,,,,,,,,,11.79814385,,,,,,,,,,,,,,,
,,,,,,,,,Yang et al. 2025,https://doi.org/10.1111/gcb.70292,Figshare,32,,,,,,,36.49374,102.87762,,,,10,20,,,,,,,,,,,,,,,,,,,,,,,,,,2.1,,0.5,,,,,,,,,,6.090487239,,,,,,,,,,,,,,,
,,,,,,,,,Yang et al. 2025,https://doi.org/10.1111/gcb.70292,Figshare,33,,,,,,,36.48594,103.60878,,,,10,20,,,,,,,,,,,,,,,,,,,,,,,,,,0.9,,1,,,,,,,,,,6.032482599,,,,,,,,,,,,,,,
,,,,,,,,,Yang et al. 2025,https://doi.org/10.1111/gcb.70292,Figshare,34,,,,,,,36.48531,104.486,,,,10,20,,,,,,,,,,,,,,,,,,,,,,,,,,1.2,,1.2,,,,,,,,,,8.068851981,,,,,,,,,,,,,,,
,,,,,,,,,Yang et al. 2025,https://doi.org/10.1111/gcb.70292,Figshare,35,,,,,,,36.49639,105.27386,,,,10,20,,,,,,,,,,,,,,,,,,,,,,,,,,1.9,,1.1,,,,,,,,,,5.971122639,,,,,,,,,,,,,,,
,,,,,,,,,Yang et al. 2025,https://doi.org/10.1111/gcb.70292,Figshare,36,,,,,,,36.47759,106.08793,,,,10,20,,,,,,,,,,,,,,,,,,,,,,,,,,1.3,,1.1,,,,,,,,,,9.027593627,,,,,,,,,,,,,,,
,,,,,,,,,Yang et al. 2025,https://doi.org/10.1111/gcb.70292,Figshare,37,,,,,,,36.49525,106.89897,,,,10,20,,,,,,,,,,,,,,,,,,,,,,,,,,2.3,,1.7,,,,,,,,,,16.01182343,,,,,,,,,,,,,,,
,,,,,,,,,Yang et al. 2025,https://doi.org/10.1111/gcb.70292,Figshare,38,,,,,,,36.50185,107.67513,,,,10,20,,,,,,,,,,,,,,,,,,,,,,,,,,1.8,,1.8,,,,,,,,,,7.484493739,,,,,,,,,,,,,,,
,,,,,,,,,Yang et al. 2025,https://doi.org/10.1111/gcb.70292,Figshare,39,,,,,,,36.48941,108.4788,,,,10,20,,,,,,,,,,,,,,,,,,,,,,,,,,0.8,,0.6,,,,,,,,,,3.538283063,,,,,,,,,,,,,,,
,,,,,,,,,Yang et al. 2025,https://doi.org/10.1111/gcb.70292,Figshare,40,,,,,,,36.48496,109.27729,,,,10,20,,,,,,,,,,,,,,,,,,,,,,,,,,1.3,,0.7,,,,,,,,,,3.07424594,,,,,,,,,,,,,,,
,,,,,,,,,Yang et al. 2025,https://doi.org/10.1111/gcb.70292,Figshare,41,,,,,,,36.49408,110.07392,,,,10,20,,,,,,,,,,,,,,,,,,,,,,,,,,1.1,,0.5,,,,,,,,,,5.626450116,,,,,,,,,,,,,,,
,,,,,,,,,Yang et al. 2025,https://doi.org/10.1111/gcb.70292,Figshare,42,,,,,,,36.49052,110.87365,,,,10,20,,,,,,,,,,,,,,,,,,,,,,,,,,1.7,,1.2,,,,,,,,,,9.380081178,,,,,,,,,,,,,,,
,,,,,,,,,Yang et al. 2025,https://doi.org/10.1111/gcb.70292,Figshare,43,,,,,,,36.50148,111.687,,,,10,20,,,,,,,,,,,,,,,,,,,,,,,,,,0.9,,0.8,,,,,,,,,,4.924461741,,,,,,,,,,,,,,,
,,,,,,,,,Yang et al. 2025,https://doi.org/10.1111/gcb.70292,Figshare,44,,,,,,,36.49036,112.49408,,,,10,20,,,,,,,,,,,,,,,,,,,,,,,,,,2.5,,2.1,,,,,,,,,,4.522328999,,,,,,,,,,,,,,,
,,,,,,,,,Yang et al. 2025,https://doi.org/10.1111/gcb.70292,Figshare,45,,,,,,,36.49277,113.27236,,,,10,20,,,,,,,,,,,,,,,,,,,,,,,,,,2.1,,1.7,,,,,,,,,,8.998676429,,,,,,,,,,,,,,,
,,,,,,,,,Yang et al. 2025,https://doi.org/10.1111/gcb.70292,Figshare,46,,,,,,,37.26117,101.41505,,,,10,20,,,,,,,,,,,,,,,,,,,,,,,,,,2.7,,2.3,,,,,,,,,,8.932714617,,,,,,,,,,,,,,,
,,,,,,,,,Yang et al. 2025,https://doi.org/10.1111/gcb.70292,Figshare,47,,,,,,,37.29594,102.089,,,,10,20,,,,,,,,,,,,,,,,,,,,,,,,,,0.7,,0.4,,,,,,,,,,2.436194896,,,,,,,,,,,,,,,
,,,,,,,,,Yang et al. 2025,https://doi.org/10.1111/gcb.70292,Figshare,48,,,,,,,37.21596,104.48881,,,,10,20,,,,,,,,,,,,,,,,,,,,,,,,,,0.8,,0.6,,,,,,,,,,6.870133655,,,,,,,,,,,,,,,
,,,,,,,,,Yang et al. 2025,https://doi.org/10.1111/gcb.70292,Figshare,49,,,,,,,37.35894,105.283,,,,10,20,,,,,,,,,,,,,,,,,,,,,,,,,,1.1,,0.7,,,,,,,,,,3.672367237,,,,,,,,,,,,,,,
,,,,,,,,,Yang et al. 2025,https://doi.org/10.1111/gcb.70292,Figshare,50,,,,,,,37.29222,106.07448,,,,10,20,,,,,,,,,,,,,,,,,,,,,,,,,,3.5,,2.4,,,,,,,,,,9.849626027,,,,,,,,,,,,,,,
,,,,,,,,,Yang et al. 2025,https://doi.org/10.1111/gcb.70292,Figshare,51,,,,,,,37.29198,106.87472,,,,10,20,,,,,,,,,,,,,,,,,,,,,,,,,,2.1,,1.1,,,,,,,,,,13.76271139,,,,,,,,,,,,,,,
,,,,,,,,,Yang et al. 2025,https://doi.org/10.1111/gcb.70292,Figshare,52,,,,,,,37.2948,107.66908,,,,10,20,,,,,,,,,,,,,,,,,,,,,,,,,,1.3,,0.5,,,,,,,,,,4.872389791,,,,,,,,,,,,,,,
,,,,,,,,,Yang et al. 2025,https://doi.org/10.1111/gcb.70292,Figshare,53,,,,,,,37.29689,108.47929,,,,10,20,,,,,,,,,,,,,,,,,,,,,,,,,,0.5,,0.7,,,,,,,,,,3.596287703,,,,,,,,,,,,,,,
,,,,,,,,,Yang et al. 2025,https://doi.org/10.1111/gcb.70292,Figshare,54,,,,,,,37.29447,109.27276,,,,10,20,,,,,,,,,,,,,,,,,,,,,,,,,,2.1,,2.1,,,,,,,,,,7.134570766,,,,,,,,,,,,,,,
,,,,,,,,,Yang et al. 2025,https://doi.org/10.1111/gcb.70292,Figshare,55,,,,,,,37.29392,110.08523,,,,10,20,,,,,,,,,,,,,,,,,,,,,,,,,,0.6,,0.6,,,,,,,,,,4.060324826,,,,,,,,,,,,,,,
,,,,,,,,,Yang et al. 2025,https://doi.org/10.1111/gcb.70292,Figshare,56,,,,,,,37.29672,110.87165,,,,10,20,,,,,,,,,,,,,,,,,,,,,,,,,,0.4,,0.4,,,,,,,,,,5.946030099,,,,,,,,,,,,,,,
,,,,,,,,,Yang et al. 2025,https://doi.org/10.1111/gcb.70292,Figshare,57,,,,,,,37.29668,111.67056,,,,10,20,,,,,,,,,,,,,,,,,,,,,,,,,,1.9,,1.1,,,,,,,,,,5.001894657,,,,,,,,,,,,,,,
,,,,,,,,,Yang et al. 2025,https://doi.org/10.1111/gcb.70292,Figshare,58,,,,,,,37.28885,112.47386,,,,10,20,,,,,,,,,,,,,,,,,,,,,,,,,,2.1,,1.7,,,,,,,,,,7.28907582,,,,,,,,,,,,,,,
,,,,,,,,,Yang et al. 2025,https://doi.org/10.1111/gcb.70292,Figshare,59,,,,,,,37.278,113.28835,,,,10,20,,,,,,,,,,,,,,,,,,,,,,,,,,2.7,,1.7,,,,,,,,,,11.26472094,,,,,,,,,,,,,,,
,,,,,,,,,Yang et al. 2025,https://doi.org/10.1111/gcb.70292,Figshare,60,,,,,,,38.09097,106.0782,,,,10,20,,,,,,,,,,,,,,,,,,,,,,,,,,2.1,,1.1,,,,,,,,,,4.371887439,,,,,,,,,,,,,,,
,,,,,,,,,Yang et al. 2025,https://doi.org/10.1111/gcb.70292,Figshare,61,,,,,,,38.09397,106.87612,,,,10,20,,,,,,,,,,,,,,,,,,,,,,,,,,0.7,,0.5,,,,,,,,,,3.494240039,,,,,,,,,,,,,,,
,,,,,,,,,Yang et al. 2025,https://doi.org/10.1111/gcb.70292,Figshare,62,,,,,,,38.07401,107.06396,,,,10,20,,,,,,,,,,,,,,,,,,,,,,,,,,1.8,,1.3,,,,,,,,,,11.84478951,,,,,,,,,,,,,,,
,,,,,,,,,Yang et al. 2025,https://doi.org/10.1111/gcb.70292,Figshare,63,,,,,,,38.09299,108.47335,,,,10,20,,,,,,,,,,,,,,,,,,,,,,,,,,2.6,,1.9,,,,,,,,,,9.454756381,,,,,,,,,,,,,,,
,,,,,,,,,Yang et al. 2025,https://doi.org/10.1111/gcb.70292,Figshare,64,,,,,,,38.09618,109.26565,,,,10,20,,,,,,,,,,,,,,,,,,,,,,,,,,1.2,,1.3,,,,,,,,,,7.076566125,,,,,,,,,,,,,,,
,,,,,,,,,Yang et al. 2025,https://doi.org/10.1111/gcb.70292,Figshare,65,,,,,,,38.09468,110.07489,,,,10,20,,,,,,,,,,,,,,,,,,,,,,,,,,1.2,,0.3,,,,,,,,,,4.466357309,,,,,,,,,,,,,,,
,,,,,,,,,Yang et al. 2025,https://doi.org/10.1111/gcb.70292,Figshare,66,,,,,,,38.11517,110.88191,,,,10,20,,,,,,,,,,,,,,,,,,,,,,,,,,1.9,,1.1,,,,,,,,,,5.270629991,,,,,,,,,,,,,,,
,,,,,,,,,Yang et al. 2025,https://doi.org/10.1111/gcb.70292,Figshare,67,,,,,,,38.0968,111.69797,,,,10,20,,,,,,,,,,,,,,,,,,,,,,,,,,1.9,,1.1,,,,,,,,,,10.76357078,,,,,,,,,,,,,,,
,,,,,,,,,Yang et al. 2025,https://doi.org/10.1111/gcb.70292,Figshare,68,,,,,,,38.09624,112.47608,,,,10,20,,,,,,,,,,,,,,,,,,,,,,,,,,1.8,,1.1,,,,,,,,,,9.262767883,,,,,,,,,,,,,,,
,,,,,,,,,Yang et al. 2025,https://doi.org/10.1111/gcb.70292,Figshare,69,,,,,,,38.09962,113.27412,,,,10,20,,,,,,,,,,,,,,,,,,,,,,,,,,2.6,,1.8,,,,,,,,,,13.07340585,,,,,,,,,,,,,,,
,,,,,,,,,Yang et al. 2025,https://doi.org/10.1111/gcb.70292,Figshare,70,,,,,,,38.87471,106.17863,,,,10,20,,,,,,,,,,,,,,,,,,,,,,,,,,2.1,,1.6,,,,,,,,,,7.525469938,,,,,,,,,,,,,,,
,,,,,,,,,Yang et al. 2025,https://doi.org/10.1111/gcb.70292,Figshare,71,,,,,,,38.8888,106.85004,,,,10,20,,,,,,,,,,,,,,,,,,,,,,,,,,1.3,,1.1,,,,,,,,,,8.724934946,,,,,,,,,,,,,,,
,,,,,,,,,Yang et al. 2025,https://doi.org/10.1111/gcb.70292,Figshare,72,,,,,,,38.90167,107.66974,,,,10,20,,,,,,,,,,,,,,,,,,,,,,,,,,1.1,,0.9,,,,,,,,,,6.380510441,,,,,,,,,,,,,,,
,,,,,,,,,Yang et al. 2025,https://doi.org/10.1111/gcb.70292,Figshare,73,,,,,,,38.86653,108.37603,,,,10,20,,,,,,,,,,,,,,,,,,,,,,,,,,2.1,,1.6,,,,,,,,,,7.714617169,,,,,,,,,,,,,,,
,,,,,,,,,Yang et al. 2025,https://doi.org/10.1111/gcb.70292,Figshare,74,,,,,,,38.88213,109.31367,,,,10,20,,,,,,,,,,,,,,,,,,,,,,,,,,1.1,,0.3,,,,,,,,,,3.364269142,,,,,,,,,,,,,,,
,,,,,,,,,Yang et al. 2025,https://doi.org/10.1111/gcb.70292,Figshare,75,,,,,,,38.88845,110.06946,,,,10,20,,,,,,,,,,,,,,,,,,,,,,,,,,1.1,,0.8,,,,,,,,,,5.025848268,,,,,,,,,,,,,,,
,,,,,,,,,Yang et al. 2025,https://doi.org/10.1111/gcb.70292,Figshare,76,,,,,,,38.89333,110.87354,,,,10,20,,,,,,,,,,,,,,,,,,,,,,,,,,0.4,,0.2,,,,,,,,,,3.123455433,,,,,,,,,,,,,,,
,,,,,,,,,Yang et al. 2025,https://doi.org/10.1111/gcb.70292,Figshare,77,,,,,,,38.88543,111.66364,,,,10,20,,,,,,,,,,,,,,,,,,,,,,,,,,1.3,,1.3,,,,,,,,,,9.51438625,,,,,,,,,,,,,,,
,,,,,,,,,Yang et al. 2025,https://doi.org/10.1111/gcb.70292,Figshare,78,,,,,,,38.88826,112.4849,,,,10,20,,,,,,,,,,,,,,,,,,,,,,,,,,1.1,,1.1,,,,,,,,,,6.496519722,,,,,,,,,,,,,,,
,,,,,,,,,Yang et al. 2025,https://doi.org/10.1111/gcb.70292,Figshare,79,,,,,,,38.86986,113.28056,,,,10,20,,,,,,,,,,,,,,,,,,,,,,,,,,0.7,,0.3,,,,,,,,,,2.911479267,,,,,,,,,,,,,,,
,,,,,,,,,Yang et al. 2025,https://doi.org/10.1111/gcb.70292,Figshare,80,,,,,,,39.69423,106.87323,,,,10,20,,,,,,,,,,,,,,,,,,,,,,,,,,1.6,,0.9,,,,,,,,,,4.002320186,,,,,,,,,,,,,,,
,,,,,,,,,Yang et al. 2025,https://doi.org/10.1111/gcb.70292,Figshare,81,,,,,,,39.70535,107.68315,,,,10,20,,,,,,,,,,,,,,,,,,,,,,,,,,0.3,,0.4,,,,,,,,,,2.784222738,,,,,,,,,,,,,,,
,,,,,,,,,Yang et al. 2025,https://doi.org/10.1111/gcb.70292,Figshare,82,,,,,,,39.69423,108.47502,,,,10,20,,,,,,,,,,,,,,,,,,,,,,,,,,1.9,,1.3,,,,,,,,,,5.162412993,,,,,,,,,,,,,,,
,,,,,,,,,Yang et al. 2025,https://doi.org/10.1111/gcb.70292,Figshare,83,,,,,,,39.69839,109.2681,,,,10,20,,,,,,,,,,,,,,,,,,,,,,,,,,0.4,,0.3,,,,,,,,,,12.94670693,,,,,,,,,,,,,,,
,,,,,,,,,Yang et al. 2025,https://doi.org/10.1111/gcb.70292,Figshare,84,,,,,,,39.68666,110.06982,,,,10,20,,,,,,,,,,,,,,,,,,,,,,,,,,1.2,,0.7,,,,,,,,,,5.301768437,,,,,,,,,,,,,,,
,,,,,,,,,Yang et al. 2025,https://doi.org/10.1111/gcb.70292,Figshare,85,,,,,,,39.69357,110.87371,,,,10,20,,,,,,,,,,,,,,,,,,,,,,,,,,0.2,,0.3,,,,,,,,,,3.464362341,,,,,,,,,,,,,,,
,,,,,,,,,Yang et al. 2025,https://doi.org/10.1111/gcb.70292,Figshare,86,,,,,,,39.69368,111.67384,,,,10,20,,,,,,,,,,,,,,,,,,,,,,,,,,1.2,,0.3,,,,,,,,,,8.233114492,,,,,,,,,,,,,,,
,,,,,,,,,Yang et al. 2025,https://doi.org/10.1111/gcb.70292,Figshare,87,,,,,,,39.69194,112.47601,,,,10,20,,,,,,,,,,,,,,,,,,,,,,,,,,1.3,,1.1,,,,,,,,,,8.359172847,,,,,,,,,,,,,,,
,,,,,,,,,Yang et al. 2025,https://doi.org/10.1111/gcb.70292,Figshare,88,,,,,,,39.69317,113.2737,,,,10,20,,,,,,,,,,,,,,,,,,,,,,,,,,0.5,,0.3,,,,,,,,,,3.699836731,,,,,,,,,,,,,,,
,,,,,,,,,Yang et al. 2025,https://doi.org/10.1111/gcb.70292,Figshare,89,,,,,,,39.68931,114.07492,,,,10,20,,,,,,,,,,,,,,,,,,,,,,,,,,1.4,,1.4,,,,,,,,,,11.83659489,,,,,,,,,,,,,,,
,,,,,,,,,Yang et al. 2025,https://doi.org/10.1111/gcb.70292,Figshare,90,,,,,,,40.50111,106.86341,,,,10,20,,,,,,,,,,,,,,,,,,,,,,,,,,2.3,,0.8,,,,,,,,,,7.192575406,,,,,,,,,,,,,,,
,,,,,,,,,Yang et al. 2025,https://doi.org/10.1111/gcb.70292,Figshare,91,,,,,,,40.51078,107.35579,,,,10,20,,,,,,,,,,,,,,,,,,,,,,,,,,1.1,,0.8,,,,,,,,,,3.944315545,,,,,,,,,,,,,,,
,,,,,,,,,Yang et al. 2025,https://doi.org/10.1111/gcb.70292,Figshare,92,,,,,,,40.40217,108.50302,,,,10,20,,,,,,,,,,,,,,,,,,,,,,,,,,0.9,,0.6,,,,,,,,,,4.060324826,,,,,,,,,,,,,,,
,,,,,,,,,Yang et al. 2025,https://doi.org/10.1111/gcb.70292,Figshare,93,,,,,,,40.49031,109.27747,,,,10,20,,,,,,,,,,,,,,,,,,,,,,,,,,1.5,,0.8,,,,,,,,,,5.916473318,,,,,,,,,,,,,,,
,,,,,,,,,Yang et al. 2025,https://doi.org/10.1111/gcb.70292,Figshare,94,,,,,,,40.49593,110.07149,,,,10,20,,,,,,,,,,,,,,,,,,,,,,,,,,1.8,,1.2,,,,,,,,,,6.149499564,,,,,,,,,,,,,,,
,,,,,,,,,Yang et al. 2025,https://doi.org/10.1111/gcb.70292,Figshare,95,,,,,,,40.48898,111.87132,,,,10,20,,,,,,,,,,,,,,,,,,,,,,,,,,2.1,,1.1,,,,,,,,,,6.945005249,,,,,,,,,,,,,,,
,,,,,,,,,Yang et al. 2025,https://doi.org/10.1111/gcb.70292,Figshare,96,,,,,,,40.49536,111.67245,,,,10,20,,,,,,,,,,,,,,,,,,,,,,,,,,1.8,,1.8,,,,,,,,,,2.669384586,,,,,,,,,,,,,,,
,,,,,,,,,Yang et al. 2025,https://doi.org/10.1111/gcb.70292,Figshare,97,,,,,,,40.49358,114.07301,,,,10,20,,,,,,,,,,,,,,,,,,,,,,,,,,1.1,,0.5,,,,,,,,,,6.227590111,,,,,,,,,,,,,,,
,,,,,,,,,,,,,,,,,,,,,,,,,,,,,,,,,,,,,,,,,,,,,,,,,,,,,,,,,,,,,,,,,,,,,,,,,,,,,,
,,,,,,,,,,,,Sample ID,,,,,,Sample ID,Latitude (°),longitude (°),,,elevation (m),,,,,alpine forest,,,tree species,,,,2018,rhizosphere,,,total AS (mg/g),,GluN (mg/g),,MurA (mg/g),,,,,,,,,,,,,,,,MBC (ug/g),,,,,SOC (mg/g),,,TN (mg/g),,,pH,,,,,,,,
,,,,,,,,,Wang et al. 2024,https://doi.org/10.1111/1365-2745.14448,Figshare,1,,,,,,1,30.12,101.71,,,3831,0,20,,,alpine forest,,,Picea_likiangensis_var_balfouriana,,,,2018,rhizosphere,,,1.22,,0.77,,0.06,,,,,,,,,,,,,,,,135.64,,,,,31.66,,,2.45,,,6.71,,,,,,,,
,,,,,,,,,Wang et al. 2024,https://doi.org/10.1111/1365-2745.14448,Figshare,2,,,,,,2,30.2,101.34,,,3992,0,20,,,alpine forest,,,Abies_squamata,,,,2018,rhizosphere,,,1.85,,1.27,,0.11,,,,,,,,,,,,,,,,263.36,,,,,63.96,,,4.57,,,5.55,,,,,,,,
,,,,,,,,,Wang et al. 2024,https://doi.org/10.1111/1365-2745.14448,Figshare,3,,,,,,3,30.12,101.4,,,3732,0,20,,,alpine forest,,,Picea_likiangensis,,,,2018,rhizosphere,,,2.11,,1.4,,0.08,,,,,,,,,,,,,,,,323.89,,,,,71.83,,,4.71,,,6.28,,,,,,,,
,,,,,,,,,Wang et al. 2024,https://doi.org/10.1111/1365-2745.14448,Figshare,4,,,,,,4,30.15,101.27,,,3038,0,20,,,alpine forest,,,Pinus_densata,,,,2018,rhizosphere,,,0.59,,0.45,,0.03,,,,,,,,,,,,,,,,124.82,,,,,23.33,,,2.03,,,5.69,,,,,,,,
,,,,,,,,,Wang et al. 2024,https://doi.org/10.1111/1365-2745.14448,Figshare,5,,,,,,5,30.1,100.95,,,3241,0,20,,,alpine forest,,,Abies_ernestii,,,,2018,rhizosphere,,,2.31,,1.36,,0.11,,,,,,,,,,,,,,,,416.07,,,,,93.14,,,5.86,,,6.67,,,,,,,,
,,,,,,,,,Wang et al. 2024,https://doi.org/10.1111/1365-2745.14448,Figshare,6,,,,,,6,29.98,100.48,,,3990,0,20,,,alpine forest,,,Picea_likiangensis_var_balfouriana,,,,2018,rhizosphere,,,1.67,,0.94,,0.08,,,,,,,,,,,,,,,,618.17,,,,,48.59,,,4.08,,,6.14,,,,,,,,
,,,,,,,,,Wang et al. 2024,https://doi.org/10.1111/1365-2745.14448,Figshare,7,,,,,,7,29.95,100.45,,,3905,0,20,,,alpine forest,,,Abies_squamata,,,,2018,rhizosphere,,,2.4,,1.18,,0.15,,,,,,,,,,,,,,,,968.88,,,,,73.27,,,5.63,,,6.71,,,,,,,,
,,,,,,,,,Wang et al. 2024,https://doi.org/10.1111/1365-2745.14448,Figshare,8,,,,,,8,28.83,100.29,,,3876,0,20,,,alpine forest,,,Picea_likiangensis_var_linzhiensis,,,,2018,rhizosphere,,,0.94,,0.65,,0.05,,,,,,,,,,,,,,,,161.78,,,,,64.75,,,3.26,,,5.38,,,,,,,,
,,,,,,,,,Wang et al. 2024,https://doi.org/10.1111/1365-2745.14448,Figshare,9,,,,,,9,30.34,99.57,,,3876,0,20,,,alpine forest,,,Abies_squamata,,,,2018,rhizosphere,,,0.98,,0.64,,0.09,,,,,,,,,,,,,,,,176.2,,,,,59.13,,,3.7,,,5.69,,,,,,,,
,,,,,,,,,Wang et al. 2024,https://doi.org/10.1111/1365-2745.14448,Figshare,10,,,,,,10,30.42,99.46,,,3324,0,20,,,alpine forest,,,Abies_ernestii,,,,2018,rhizosphere,,,3.18,,2.11,,0.13,,,,,,,,,,,,,,,,1006.77,,,,,106.78,,,8.25,,,7.71,,,,,,,,
,,,,,,,,,Wang et al. 2024,https://doi.org/10.1111/1365-2745.14448,Figshare,11,,,,,,11,30.31,100.31,,,4106,0,20,,,alpine forest,,,Abies_squamata,,,,2018,rhizosphere,,,3.35,,2.14,,0.14,,,,,,,,,,,,,,,,917.05,,,,,82.55,,,6.13,,,5.52,,,,,,,,
,,,,,,,,,Wang et al. 2024,https://doi.org/10.1111/1365-2745.14448,Figshare,12,,,,,,12,30.3,100.39,,,3753,0,20,,,alpine forest,,,Picea_likiangensis_var_balfouriana,,,,2018,rhizosphere,,,2.16,,1.39,,0.08,,,,,,,,,,,,,,,,340.89,,,,,91.27,,,6.14,,,5.91,,,,,,,,
,,,,,,,,,Wang et al. 2024,https://doi.org/10.1111/1365-2745.14448,Figshare,13,,,,,,13,31.65,100.73,,,3361,0,20,,,alpine forest,,,Picea_likiangensis_var_balfouriana,,,,2018,rhizosphere,,,2.54,,1.74,,0.1,,,,,,,,,,,,,,,,492.78,,,,,70.5,,,5.37,,,7.02,,,,,,,,
,,,,,,,,,Wang et al. 2024,https://doi.org/10.1111/1365-2745.14448,Figshare,14,,,,,,14,32.1,100.71,,,3476,0,20,,,alpine forest,,,Picea_likiangensis_var_balfouriana,,,,2018,rhizosphere,,,1.84,,1.19,,0.08,,,,,,,,,,,,,,,,266.86,,,,,58.26,,,5,,,7.81,,,,,,,,
,,,,,,,,,Wang et al. 2024,https://doi.org/10.1111/1365-2745.14448,Figshare,15,,,,,,15,27.8,101.29,,,3252,0,20,,,alpine forest,,,Picea_likiangensis_var_balfouriana,,,,2018,rhizosphere,,,2.14,,0.84,,0.19,,,,,,,,,,,,,,,,290.25,,,,,69.14,,,5.7,,,6.59,,,,,,,,
,,,,,,,,,Wang et al. 2024,https://doi.org/10.1111/1365-2745.14448,Figshare,16,,,,,,16,28.12,101.23,,,3639,0,20,,,alpine forest,,,Abies_forrestii,,,,2018,rhizosphere,,,2.42,,1.74,,0.09,,,,,,,,,,,,,,,,764.55,,,,,73.94,,,4.45,,,5.19,,,,,,,,
,,,,,,,,,Wang et al. 2024,https://doi.org/10.1111/1365-2745.14448,Figshare,17,,,,,,17,28.13,101.17,,,3562,0,20,,,alpine forest,,,Abies_forrestii,,,,2018,rhizosphere,,,2.55,,1.75,,0.11,,,,,,,,,,,,,,,,301.82,,,,,102.16,,,5.8,,,5.07,,,,,,,,
,,,,,,,,,Wang et al. 2024,https://doi.org/10.1111/1365-2745.14448,Figshare,18,,,,,,18,28.13,101.16,,,3578,0,20,,,alpine forest,,,Picea_likiangensis_var_linzhiensis,,,,2018,rhizosphere,,,2.62,,1.62,,0.12,,,,,,,,,,,,,,,,284.33,,,,,92.19,,,6.98,,,5.54,,,,,,,,
,,,,,,,,,Wang et al. 2024,https://doi.org/10.1111/1365-2745.14448,Figshare,19,,,,,,19,26.11,102.87,,,2691,0,20,,,alpine forest,,,Pinus_armandii,,,,2018,rhizosphere,,,0.67,,0.45,,0.07,,,,,,,,,,,,,,,,237.62,,,,,46.11,,,3.61,,,5.11,,,,,,,,
,,,,,,,,,Wang et al. 2024,https://doi.org/10.1111/1365-2745.14448,Figshare,20,,,,,,20,25.09,101.52,,,2463,0,20,,,alpine forest,,,Pinus_armandii,,,,2018,rhizosphere,,,1.26,,0.78,,0.1,,,,,,,,,,,,,,,,301.7,,,,,68.59,,,4.93,,,5.08,,,,,,,,
,,,,,,,,,Wang et al. 2024,https://doi.org/10.1111/1365-2745.14448,Figshare,21,,,,,,21,25.13,101.45,,,2426,0,20,,,alpine forest,,,Pinus_yunnanensis,,,,2018,rhizosphere,,,1.16,,0.82,,0.08,,,,,,,,,,,,,,,,136.61,,,,,61.33,,,3.8,,,5.18,,,,,,,,
,,,,,,,,,Wang et al. 2024,https://doi.org/10.1111/1365-2745.14448,Figshare,22,,,,,,22,26.14,99.95,,,3052,0,20,,,alpine forest,,,Pinus_armandii,,,,2018,rhizosphere,,,1.98,,1.33,,0.14,,,,,,,,,,,,,,,,868.71,,,,,105.44,,,7.3,,,4.75,,,,,,,,
,,,,,,,,,Wang et al. 2024,https://doi.org/10.1111/1365-2745.14448,Figshare,23,,,,,,23,27.9,99.71,,,3499,0,20,,,alpine forest,,,Picea_likiangensis,,,,2018,rhizosphere,,,1.78,,1.22,,0.07,,,,,,,,,,,,,,,,328.51,,,,,138.12,,,7.2,,,5.6,,,,,,,,
,,,,,,,,,Wang et al. 2024,https://doi.org/10.1111/1365-2745.14448,Figshare,24,,,,,,24,27.4,100.12,,,3136,0,20,,,alpine forest,,,Pinus_armandii,,,,2018,rhizosphere,,,0.83,,0.6,,0.05,,,,,,,,,,,,,,,,193.39,,,,,56.39,,,3.73,,,5.4,,,,,,,,
,,,,,,,,,Wang et al. 2024,https://doi.org/10.1111/1365-2745.14448,Figshare,25,,,,,,25,28.39,99.17,,,4006,0,20,,,alpine forest,,,Picea_likiangensis,,,,2018,rhizosphere,,,0.99,,0.64,,0.1,,,,,,,,,,,,,,,,249.83,,,,,105.44,,,5.66,,,4.93,,,,,,,,
,,,,,,,,,Wang et al. 2024,https://doi.org/10.1111/1365-2745.14448,Figshare,26,,,,,,26,29.31,98.73,,,4163,0,20,,,alpine forest,,,Abies_squamata,,,,2018,rhizosphere,,,0.96,,0.64,,0.05,,,,,,,,,,,,,,,,290.24,,,,,63.05,,,4.32,,,5.17,,,,,,,,
,,,,,,,,,Wang et al. 2024,https://doi.org/10.1111/1365-2745.14448,Figshare,27,,,,,,27,29.8,97.92,,,3854,0,20,,,alpine forest,,,Picea_likiangensis_var_balfouriana,,,,2018,rhizosphere,,,0.65,,0.53,,0.04,,,,,,,,,,,,,,,,242.84,,,,,29.75,,,2.07,,,6.15,,,,,,,,
,,,,,,,,,Wang et al. 2024,https://doi.org/10.1111/1365-2745.14448,Figshare,28,,,,,,28,29.81,94.81,,,3543,0,20,,,alpine forest,,,Abies_squamata,,,,2018,rhizosphere,,,1.14,,0.82,,0.1,,,,,,,,,,,,,,,,186.71,,,,,55.87,,,3.48,,,4.94,,,,,,,,
,,,,,,,,,Wang et al. 2024,https://doi.org/10.1111/1365-2745.14448,Figshare,29,,,,,,29,29.58,94.57,,,3307,0,20,,,alpine forest,,,Picea_likiangensis_var_linzhiensis,,,,2018,rhizosphere,,,1.07,,0.87,,0.06,,,,,,,,,,,,,,,,583.36,,,,,37.77,,,2.38,,,5.05,,,,,,,,
,,,,,,,,,Wang et al. 2024,https://doi.org/10.1111/1365-2745.14448,Figshare,30,,,,,,30,29.66,94.57,,,3648,0,20,,,alpine forest,,,Abies_squamata,,,,2018,rhizosphere,,,1.22,,0.83,,0.08,,,,,,,,,,,,,,,,140.61,,,,,48.59,,,3.23,,,5.38,,,,,,,,
,,,,,,,,,Wang et al. 2024,https://doi.org/10.1111/1365-2745.14448,Figshare,31,,,,,,31,29.93,95.73,,,3301,0,20,,,alpine forest,,,Abies_squamata,,,,2018,rhizosphere,,,0.77,,0.64,,0.03,,,,,,,,,,,,,,,,302.61,,,,,36.49,,,2.56,,,5.34,,,,,,,,
,,,,,,,,,Wang et al. 2024,https://doi.org/10.1111/1365-2745.14448,Figshare,32,,,,,,32,29.93,95.79,,,3048,0,20,,,alpine forest,,,Picea_likiangensis_var_linzhiensis,,,,2018,rhizosphere,,,1.59,,0.96,,0.2,,,,,,,,,,,,,,,,194.27,,,,,45.4,,,3.21,,,4.89,,,,,,,,
,,,,,,,,,Wang et al. 2024,https://doi.org/10.1111/1365-2745.14448,Figshare,33,,,,,,33,29.61,96.8,,,4084,0,20,,,alpine forest,,,Picea_likiangensis_var_balfouriana,,,,2018,rhizosphere,,,0.59,,0.45,,0.04,,,,,,,,,,,,,,,,279.8,,,,,43.43,,,4.04,,,6.57,,,,,,,,
,,,,,,,,,Wang et al. 2024,https://doi.org/10.1111/1365-2745.14448,Figshare,34,,,,,,34,30.92,96.64,,,4323,0,20,,,alpine forest,,,Picea_likiangensis_var_balfouriana,,,,2018,rhizosphere,,,1.31,,0.79,,0.08,,,,,,,,,,,,,,,,224.83,,,,,58.32,,,4.03,,,5.43,,,,,,,,
,,,,,,,,,Wang et al. 2024,https://doi.org/10.1111/1365-2745.14448,Figshare,35,,,,,,35,31.2,97.3,,,3372,0,20,,,alpine forest,,,Picea_likiangensis_var_balfouriana,,,,2018,rhizosphere,,,1.32,,0.81,,0.1,,,,,,,,,,,,,,,,233.04,,,,,40.73,,,3.51,,,5.88,,,,,,,,
,,,,,,,,,Wang et al. 2024,https://doi.org/10.1111/1365-2745.14448,Figshare,36,,,,,,36,31.61,96.44,,,3965,0,20,,,alpine forest,,,Picea_likiangensis_var_balfouriana,,,,2018,rhizosphere,,,0.95,,0.64,,0.06,,,,,,,,,,,,,,,,199.13,,,,,43.04,,,3.64,,,5.35,,,,,,,,
,,,,,,,,,Wang et al. 2024,https://doi.org/10.1111/1365-2745.14448,Figshare,37,,,,,,37,31.57,97.34,,,3470,0,20,,,alpine forest,,,Picea_likiangensis_var_balfouriana,,,,2018,rhizosphere,,,1.62,,1.15,,0.08,,,,,,,,,,,,,,,,210.98,,,,,53.94,,,4.15,,,5.51,,,,,,,,
,,,,,,,,,Wang et al. 2024,https://doi.org/10.1111/1365-2745.14448,Figshare,38,,,,,,38,31.98,98.97,,,4225,0,20,,,alpine forest,,,Picea_likiangensis_var_balfouriana,,,,2018,rhizosphere,,,1.18,,0.63,,0.09,,,,,,,,,,,,,,,,153.77,,,,,56.75,,,4.43,,,5.25,,,,,,,,
,,,,,,,,,Wang et al. 2024,https://doi.org/10.1111/1365-2745.14448,Figshare,39,,,,,,39,32.32,103.47,,,3719,0,20,,,alpine forest,,,Abies_faxoniana,,,,2018,rhizosphere,,,1.54,,0.92,,0.08,,,,,,,,,,,,,,,,170.51,,,,,68.64,,,4.86,,,4.75,,,,,,,,
,,,,,,,,,,,,,,,,,,,,,,,,0,20,,,alpine forest,,,,,,,,,,,,,,,,,,,,,,,,,,,,,,,,,,,,,,,,,,,,,,,,,,
,,,,,,,,,Wang et al. 2024,https://doi.org/10.1111/1365-2745.14448,Figshare,Sample ID,,,,,,Sample ID,Latitude (°),longitude (°),,,elevation (m),0,20,,,alpine forest,,,tree species,,,,2018,bulk,,,total AS (mg/g),,GluN (mg/g),,MurA (mg/g),,,,,,,,,,,,,,,,MBC (ug/g),,,,,SOC (mg/g),,,,,,,,,,,,,,
,,,,,,,,,Wang et al. 2024,https://doi.org/10.1111/1365-2745.14448,Figshare,1,,,,,,1,30.12,101.71,,,3831,0,20,,,alpine forest,,,Picea_likiangensis_var_balfouriana,,,,2018,bulk,,,0.54,,0.46,,0.05,,,,,,,,,,,,,,,,72.28,,,,,20.69,,,,,,,,,,,,,,
,,,,,,,,,Wang et al. 2024,https://doi.org/10.1111/1365-2745.14448,Figshare,2,,,,,,2,30.2,101.34,,,3992,0,20,,,alpine forest,,,Abies_squamata,,,,2018,bulk,,,1.03,,0.78,,0.07,,,,,,,,,,,,,,,,159.25,,,,,50.71,,,,,,,,,,,,,,
,,,,,,,,,Wang et al. 2024,https://doi.org/10.1111/1365-2745.14448,Figshare,3,,,,,,3,30.12,101.4,,,3732,0,20,,,alpine forest,,,Picea_likiangensis,,,,2018,bulk,,,1.03,,0.79,,0.05,,,,,,,,,,,,,,,,155.76,,,,,54.5,,,,,,,,,,,,,,
,,,,,,,,,Wang et al. 2024,https://doi.org/10.1111/1365-2745.14448,Figshare,4,,,,,,4,30.15,101.27,,,3038,0,20,,,alpine forest,,,Pinus_densata,,,,2018,bulk,,,0.4,,0.36,,0.02,,,,,,,,,,,,,,,,45.09,,,,,16.95,,,,,,,,,,,,,,
,,,,,,,,,Wang et al. 2024,https://doi.org/10.1111/1365-2745.14448,Figshare,5,,,,,,5,30.1,100.95,,,3241,0,20,,,alpine forest,,,Abies_ernestii,,,,2018,bulk,,,1.09,,0.86,,0.07,,,,,,,,,,,,,,,,121.27,,,,,35.04,,,,,,,,,,,,,,
,,,,,,,,,Wang et al. 2024,https://doi.org/10.1111/1365-2745.14448,Figshare,6,,,,,,6,29.98,100.48,,,3990,0,20,,,alpine forest,,,Picea_likiangensis_var_balfouriana,,,,2018,bulk,,,0.79,,0.53,,0.06,,,,,,,,,,,,,,,,117.12,,,,,33.09,,,,,,,,,,,,,,
,,,,,,,,,Wang et al. 2024,https://doi.org/10.1111/1365-2745.14448,Figshare,7,,,,,,7,29.95,100.45,,,3905,0,20,,,alpine forest,,,Abies_squamata,,,,2018,bulk,,,1.03,,0.74,,0.06,,,,,,,,,,,,,,,,65.22,,,,,48.25,,,,,,,,,,,,,,
,,,,,,,,,Wang et al. 2024,https://doi.org/10.1111/1365-2745.14448,Figshare,8,,,,,,8,28.83,100.29,,,3876,0,20,,,alpine forest,,,Picea_likiangensis_var_linzhiensis,,,,2018,bulk,,,0.65,,0.47,,0.05,,,,,,,,,,,,,,,,65.36,,,,,53.82,,,,,,,,,,,,,,
,,,,,,,,,Wang et al. 2024,https://doi.org/10.1111/1365-2745.14448,Figshare,9,,,,,,9,30.34,99.57,,,3876,0,20,,,alpine forest,,,Abies_squamata,,,,2018,bulk,,,0.88,,0.53,,0.05,,,,,,,,,,,,,,,,141.35,,,,,57.21,,,,,,,,,,,,,,
,,,,,,,,,Wang et al. 2024,https://doi.org/10.1111/1365-2745.14448,Figshare,10,,,,,,10,30.42,99.46,,,3324,0,20,,,alpine forest,,,Abies_ernestii,,,,2018,bulk,,,1.41,,0.95,,0.11,,,,,,,,,,,,,,,,201.76,,,,,85.54,,,,,,,,,,,,,,
,,,,,,,,,Wang et al. 2024,https://doi.org/10.1111/1365-2745.14448,Figshare,11,,,,,,11,30.31,100.31,,,4106,0,20,,,alpine forest,,,Abies_squamata,,,,2018,bulk,,,1.82,,1.24,,0.13,,,,,,,,,,,,,,,,211.38,,,,,70.25,,,,,,,,,,,,,,
,,,,,,,,,Wang et al. 2024,https://doi.org/10.1111/1365-2745.14448,Figshare,12,,,,,,12,30.3,100.39,,,3753,0,20,,,alpine forest,,,Picea_likiangensis_var_balfouriana,,,,2018,bulk,,,1.34,,0.88,,0.07,,,,,,,,,,,,,,,,154.4,,,,,69.39,,,,,,,,,,,,,,
,,,,,,,,,Wang et al. 2024,https://doi.org/10.1111/1365-2745.14448,Figshare,13,,,,,,13,31.65,100.73,,,3361,0,20,,,alpine forest,,,Picea_likiangensis_var_balfouriana,,,,2018,bulk,,,1.58,,1.17,,0.09,,,,,,,,,,,,,,,,196.72,,,,,48.18,,,,,,,,,,,,,,
,,,,,,,,,Wang et al. 2024,https://doi.org/10.1111/1365-2745.14448,Figshare,14,,,,,,14,32.1,100.71,,,3476,0,20,,,alpine forest,,,Picea_likiangensis_var_balfouriana,,,,2018,bulk,,,1.59,,0.86,,0.15,,,,,,,,,,,,,,,,141.58,,,,,41.02,,,,,,,,,,,,,,
,,,,,,,,,Wang et al. 2024,https://doi.org/10.1111/1365-2745.14448,Figshare,15,,,,,,15,27.8,101.29,,,3252,0,20,,,alpine forest,,,Picea_likiangensis_var_balfouriana,,,,2018,bulk,,,1.15,,0.66,,0.15,,,,,,,,,,,,,,,,231.63,,,,,52.13,,,,,,,,,,,,,,
,,,,,,,,,Wang et al. 2024,https://doi.org/10.1111/1365-2745.14448,Figshare,16,,,,,,16,28.12,101.23,,,3639,0,20,,,alpine forest,,,Abies_forrestii,,,,2018,bulk,,,1.18,,0.99,,0.08,,,,,,,,,,,,,,,,162.14,,,,,44.29,,,,,,,,,,,,,,
,,,,,,,,,Wang et al. 2024,https://doi.org/10.1111/1365-2745.14448,Figshare,17,,,,,,17,28.13,101.17,,,3562,0,20,,,alpine forest,,,Abies_forrestii,,,,2018,bulk,,,1.33,,0.96,,0.11,,,,,,,,,,,,,,,,116.44,,,,,81.71,,,,,,,,,,,,,,
,,,,,,,,,Wang et al. 2024,https://doi.org/10.1111/1365-2745.14448,Figshare,18,,,,,,18,28.13,101.16,,,3578,0,20,,,alpine forest,,,Picea_likiangensis_var_linzhiensis,,,,2018,bulk,,,1.65,,1.21,,0.12,,,,,,,,,,,,,,,,73.62,,,,,73.11,,,,,,,,,,,,,,
,,,,,,,,,Wang et al. 2024,https://doi.org/10.1111/1365-2745.14448,Figshare,19,,,,,,19,26.11,102.87,,,2691,0,20,,,alpine forest,,,Pinus_armandii,,,,2018,bulk,,,0.48,,0.35,,0.06,,,,,,,,,,,,,,,,106.62,,,,,35.83,,,,,,,,,,,,,,
,,,,,,,,,Wang et al. 2024,https://doi.org/10.1111/1365-2745.14448,Figshare,20,,,,,,20,25.09,101.52,,,2463,0,20,,,alpine forest,,,Pinus_armandii,,,,2018,bulk,,,0.7,,0.52,,0.07,,,,,,,,,,,,,,,,70.06,,,,,46.49,,,,,,,,,,,,,,
,,,,,,,,,Wang et al. 2024,https://doi.org/10.1111/1365-2745.14448,Figshare,21,,,,,,21,25.13,101.45,,,2426,0,20,,,alpine forest,,,Pinus_yunnanensis,,,,2018,bulk,,,0.97,,0.68,,0.1,,,,,,,,,,,,,,,,82.02,,,,,51.05,,,,,,,,,,,,,,
,,,,,,,,,Wang et al. 2024,https://doi.org/10.1111/1365-2745.14448,Figshare,22,,,,,,22,26.14,99.95,,,3052,0,20,,,alpine forest,,,Pinus_armandii,,,,2018,bulk,,,1.02,,0.84,,0.1,,,,,,,,,,,,,,,,156.36,,,,,64.37,,,,,,,,,,,,,,
,,,,,,,,,Wang et al. 2024,https://doi.org/10.1111/1365-2745.14448,Figshare,23,,,,,,23,27.9,99.71,,,3499,0,20,,,alpine forest,,,Picea_likiangensis,,,,2018,bulk,,,0.7,,0.63,,0.03,,,,,,,,,,,,,,,,105.05,,,,,25.57,,,,,,,,,,,,,,
,,,,,,,,,Wang et al. 2024,https://doi.org/10.1111/1365-2745.14448,Figshare,24,,,,,,24,27.4,100.12,,,3136,0,20,,,alpine forest,,,Pinus_armandii,,,,2018,bulk,,,0.54,,0.45,,0.03,,,,,,,,,,,,,,,,82.38,,,,,39.44,,,,,,,,,,,,,,
,,,,,,,,,Wang et al. 2024,https://doi.org/10.1111/1365-2745.14448,Figshare,25,,,,,,25,28.39,99.17,,,4006,0,20,,,alpine forest,,,Picea_likiangensis,,,,2018,bulk,,,0.57,,0.48,,0.06,,,,,,,,,,,,,,,,74.42,,,,,73.29,,,,,,,,,,,,,,
,,,,,,,,,Wang et al. 2024,https://doi.org/10.1111/1365-2745.14448,Figshare,26,,,,,,26,29.31,98.73,,,4163,0,20,,,alpine forest,,,Abies_squamata,,,,2018,bulk,,,0.48,,0.41,,0.02,,,,,,,,,,,,,,,,60.4,,,,,31.08,,,,,,,,,,,,,,
,,,,,,,,,Wang et al. 2024,https://doi.org/10.1111/1365-2745.14448,Figshare,27,,,,,,27,29.8,97.92,,,3854,0,20,,,alpine forest,,,Picea_likiangensis_var_balfouriana,,,,2018,bulk,,,0.5,,0.28,,0.05,,,,,,,,,,,,,,,,64.84,,,,,25.67,,,,,,,,,,,,,,
,,,,,,,,,Wang et al. 2024,https://doi.org/10.1111/1365-2745.14448,Figshare,28,,,,,,28,29.81,94.81,,,3543,0,20,,,alpine forest,,,Abies_squamata,,,,2018,bulk,,,0.72,,0.52,,0.06,,,,,,,,,,,,,,,,124.14,,,,,37.35,,,,,,,,,,,,,,
,,,,,,,,,Wang et al. 2024,https://doi.org/10.1111/1365-2745.14448,Figshare,29,,,,,,29,29.58,94.57,,,3307,0,20,,,alpine forest,,,Picea_likiangensis_var_linzhiensis,,,,2018,bulk,,,0.51,,0.42,,0.05,,,,,,,,,,,,,,,,145.74,,,,,18.93,,,,,,,,,,,,,,
,,,,,,,,,Wang et al. 2024,https://doi.org/10.1111/1365-2745.14448,Figshare,30,,,,,,30,29.66,94.57,,,3648,0,20,,,alpine forest,,,Abies_squamata,,,,2018,bulk,,,0.77,,0.56,,0.06,,,,,,,,,,,,,,,,66.47,,,,,34.66,,,,,,,,,,,,,,
,,,,,,,,,Wang et al. 2024,https://doi.org/10.1111/1365-2745.14448,Figshare,31,,,,,,31,29.93,95.73,,,3301,0,20,,,alpine forest,,,Abies_squamata,,,,2018,bulk,,,0.45,,0.38,,0.02,,,,,,,,,,,,,,,,66.66,,,,,17.24,,,,,,,,,,,,,,
,,,,,,,,,Wang et al. 2024,https://doi.org/10.1111/1365-2745.14448,Figshare,32,,,,,,32,29.93,95.79,,,3048,0,20,,,alpine forest,,,Picea_likiangensis_var_linzhiensis,,,,2018,bulk,,,0.75,,0.54,,0.09,,,,,,,,,,,,,,,,84.21,,,,,34.81,,,,,,,,,,,,,,
,,,,,,,,,Wang et al. 2024,https://doi.org/10.1111/1365-2745.14448,Figshare,33,,,,,,33,29.61,96.8,,,4084,0,20,,,alpine forest,,,Picea_likiangensis_var_balfouriana,,,,2018,bulk,,,0.31,,0.23,,0.03,,,,,,,,,,,,,,,,84.11,,,,,22.74,,,,,,,,,,,,,,
,,,,,,,,,Wang et al. 2024,https://doi.org/10.1111/1365-2745.14448,Figshare,34,,,,,,34,30.92,96.64,,,4323,0,20,,,alpine forest,,,Picea_likiangensis_var_balfouriana,,,,2018,bulk,,,0.63,,0.47,,0.04,,,,,,,,,,,,,,,,43.41,,,,,23.82,,,,,,,,,,,,,,
,,,,,,,,,Wang et al. 2024,https://doi.org/10.1111/1365-2745.14448,Figshare,35,,,,,,35,31.2,97.3,,,3372,0,20,,,alpine forest,,,Picea_likiangensis_var_balfouriana,,,,2018,bulk,,,0.85,,0.55,,0.06,,,,,,,,,,,,,,,,56.6,,,,,34.45,,,,,,,,,,,,,,
,,,,,,,,,Wang et al. 2024,https://doi.org/10.1111/1365-2745.14448,Figshare,36,,,,,,36,31.61,96.44,,,3965,0,20,,,alpine forest,,,Picea_likiangensis_var_balfouriana,,,,2018,bulk,,,0.5,,0.37,,0.02,,,,,,,,,,,,,,,,40.11,,,,,19.25,,,,,,,,,,,,,,
,,,,,,,,,Wang et al. 2024,https://doi.org/10.1111/1365-2745.14448,Figshare,37,,,,,,37,31.57,97.34,,,3470,0,20,,,alpine forest,,,Picea_likiangensis_var_balfouriana,,,,2018,bulk,,,0.93,,0.77,,0.04,,,,,,,,,,,,,,,,63.24,,,,,24.18,,,,,,,,,,,,,,
,,,,,,,,,Wang et al. 2024,https://doi.org/10.1111/1365-2745.14448,Figshare,38,,,,,,38,31.98,98.97,,,4225,0,20,,,alpine forest,,,Picea_likiangensis_var_balfouriana,,,,2018,bulk,,,0.82,,0.47,,0.05,,,,,,,,,,,,,,,,78.33,,,,,33.29,,,,,,,,,,,,,,
,,,,,,,,,Wang et al. 2024,https://doi.org/10.1111/1365-2745.14448,Figshare,39,,,,,,39,32.32,103.47,,,3719,0,20,,,alpine forest,,,Abies_faxoniana,,,,2018,bulk,,,0.82,,0.56,,0.05,,,,,,,,,,,,,,,,111.67,,,,,28.28,,,,,,,,,,,,,,
,,,,,,,,,,,,,,,,,,,,,,,,,,,,,,,,,,,,,,,,,,,,,,,,,,,,,,,,,,,,,,,,,,,,,,,,,,,,,,
,,,,,,,,,,,,Successional stage (in years),,,,,,,,,"35°03′–36°37′ N, 108°10′–109°18′ E",,,0,20,,,farmland,,,,,,,2017,bulk,,,,,GluN (mg/kg),,MurA (mg/kg),,GalN (mg/kg),,ManN (mg/kg),,TNC (g/kg),,FNC (g/kg),,BNC (g/kg),,,,,,MBC (mg/kg),,MBN (mg/kg),,,SOC (g/kg),,,TN (g/kg),,,pH,,,,,,,,
,,,,,,,,,Zhao et al. 2025,https://doi.org/10.1111/1365-2664.70015,Figshare,0,,,,,,,,,"35°03′–36°37′ N, 108°10′–109°18′ E",,,0,20,,,farmland,,,,,,,,,,,,,294.4942554,,11.46378507,,114.9112064,,17.73952778,,3.019157083,,2.503286754,,0.515870328,,,,,,73.146,,14.733,,,10.81,,,1.18,,,7.5,,,,,,,,
,,,,,,,,,Zhao et al. 2025,https://doi.org/10.1111/1365-2664.70015,Figshare,0,,,,,,,,,"35°03′–36°37′ N, 108°10′–109°18′ E",,,0,20,,,farmland,,,,,,,,,,,,,274.9549457,,10.37943254,,128.6711235,,12.59104913,,2.808427354,,2.341352889,,0.467074464,,,,,,55.083,,27.2,,,10.97,,,1.16,,,7.9,,,,,,,,
,,,,,,,,,Zhao et al. 2025,https://doi.org/10.1111/1365-2664.70015,Figshare,0,,,,,,,,,"35°03′–36°37′ N, 108°10′–109°18′ E",,,0,20,,,farmland,,,,,,,,,,,,,264.9437885,,11.05564662,,143.9569867,,14.06979416,,2.740075957,,2.242571859,,0.497504098,,,,,,51.397,,19.867,,,10.27,,,1.12,,,7.7,,,,,,,,
,,,,,,,,,Zhao et al. 2025,https://doi.org/10.1111/1365-2664.70015,Figshare,0,,,,,,,,,"35°03′–36°37′ N, 108°10′–109°18′ E",,,0,20,,,grassland,,,,,,,,,,,,,267.4513054,,9.322295316,,142.8438729,,14.59659002,,2.706893972,,2.287390683,,0.419503289,,,,,,69.198,,16.067,,,10.53,,,1.08,,,7.6,,,,,,,,
,,,,,,,,,Zhao et al. 2025,https://doi.org/10.1111/1365-2664.70015,Figshare,30,,,,,,,,,"35°03′–36°37′ N, 108°10′–109°18′ E",,,0,20,,,grassland,,,,,,,,,,,,,451.0816,,12.07593804,,187.4123371,,14.78547661,,4.44813181,,3.904714598,,0.543417212,,,,,,205.755,,51.956,,,12.66,,,1.42,,,7.7,,,,,,,,
,,,,,,,,,Zhao et al. 2025,https://doi.org/10.1111/1365-2664.70015,Figshare,30,,,,,,,,,"35°03′–36°37′ N, 108°10′–109°18′ E",,,0,20,,,grassland,,,,,,,,,,,,,340.2841175,,13.61960974,,130.0910737,,14.0779497,,3.500603455,,2.887721017,,0.612882438,,,,,,115.993,,64.356,,,12.88,,,1.29,,,7.4,,,,,,,,
,,,,,,,,,Zhao et al. 2025,https://doi.org/10.1111/1365-2664.70015,Figshare,30,,,,,,,,,"35°03′–36°37′ N, 108°10′–109°18′ E",,,0,20,,,grassland,,,,,,,,,,,,,397.571214,,12.43223281,,170.2895813,,12.91105333,,3.977997816,,3.41854734,,0.559450477,,,,,,166.797,,75.178,,,12.16,,,1.11,,,7.5,,,,,,,,
,,,,,,,,,Zhao et al. 2025,https://doi.org/10.1111/1365-2664.70015,Figshare,30,,,,,,,,,"35°03′–36°37′ N, 108°10′–109°18′ E",,,0,20,,,shrubland,,,,,,,,,,,,,504.2344435,,13.41009455,,252.6216478,,27.45033007,,4.969417769,,4.365963514,,0.603454255,,,,,,85.439,,56.156,,,13.55,,,1.35,,,7.3,,,,,,,,
,,,,,,,,,Zhao et al. 2025,https://doi.org/10.1111/1365-2664.70015,Figshare,60,,,,,,,,,"35°03′–36°37′ N, 108°10′–109°18′ E",,,0,20,,,shrubland,,,,,,,,,,,,,534.9058437,,18.50294722,,197.1839788,,24.06212665,,5.409261376,,4.576628751,,0.832632625,,,,,,262.948,,72.667,,,16.38,,,1.59,,,7.4,,,,,,,,
,,,,,,,,,Zhao et al. 2025,https://doi.org/10.1111/1365-2664.70015,Figshare,60,,,,,,,,,"35°03′–36°37′ N, 108°10′–109°18′ E",,,0,20,,,shrubland,,,,,,,,,,,,,775.0189842,,23.8543821,,303.1977946,,35.50579385,,7.742397404,,6.668950209,,1.073447194,,,,,,339.426,,90.4,,,17.36,,,1.74,,,7.2,,,,,,,,
,,,,,,,,,Zhao et al. 2025,https://doi.org/10.1111/1365-2664.70015,Figshare,60,,,,,,,,,"35°03′–36°37′ N, 108°10′–109°18′ E",,,0,20,,,shrubland,,,,,,,,,,,,,597.1715704,,18.64577018,,242.6605503,,24.42962288,,5.974246519,,5.135186861,,0.839059658,,,,,,229.457,,77.244,,,16.62,,,1.57,,,7.5,,,,,,,,
,,,,,,,,,Zhao et al. 2025,https://doi.org/10.1111/1365-2664.70015,Figshare,60,,,,,,,,,"35°03′–36°37′ N, 108°10′–109°18′ E",,,0,20,,,pioneer forest,,,,,,,,,,,,,506.1423064,,17.640999,,176.5159653,,25.63101779,,5.12266677,,4.328821815,,0.793844955,,,,,,177.9,,84.133,,,15.28,,,1.42,,,7.2,,,,,,,,
,,,,,,,,,Zhao et al. 2025,https://doi.org/10.1111/1365-2664.70015,Figshare,100,,,,,,,,,"35°03′–36°37′ N, 108°10′–109°18′ E",,,0,20,,,pioneer forest,,,,,,,,,,,,,947.9283998,,22.52369234,,331.9316979,,42.17692252,,9.255783278,,8.242217123,,1.013566155,,,,,,382.499,,141,,,18.31,,,1.64,,,7,,,,,,,,
,,,,,,,,,Zhao et al. 2025,https://doi.org/10.1111/1365-2664.70015,Figshare,100,,,,,,,,,"35°03′–36°37′ N, 108°10′–109°18′ E",,,0,20,,,pioneer forest,,,,,,,,,,,,,1192.352848,,38.24129808,,509.8598923,,63.13639213,,11.96112739,,10.24026897,,1.720858413,,,,,,411.354,,152.178,,,18.56,,,1.63,,,7.1,,,,,,,,
,,,,,,,,,Zhao et al. 2025,https://doi.org/10.1111/1365-2664.70015,Figshare,100,,,,,,,,,"35°03′–36°37′ N, 108°10′–109°18′ E",,,0,20,,,pioneer forest,,,,,,,,,,,,,870.6620777,,24.35548199,,322.8831441,,33.53758779,,8.61930208,,7.52330539,,1.09599669,,,,,,432.472,,140.133,,,19.34,,,1.72,,,7,,,,,,,,
,,,,,,,,,Zhao et al. 2025,https://doi.org/10.1111/1365-2664.70015,Figshare,100,,,,,,,,,"35°03′–36°37′ N, 108°10′–109°18′ E",,,0,20,,,mixed forest,,,,,,,,,,,,,645.4406629,,31.80157844,,244.2652145,,37.99827422,,6.83179754,,5.40072651,,1.43107103,,,,,,411.401,,129.067,,,18.57,,,1.66,,,7.4,,,,,,,,
,,,,,,,,,Zhao et al. 2025,https://doi.org/10.1111/1365-2664.70015,Figshare,130,,,,,,,,,"35°03′–36°37′ N, 108°10′–109°18′ E",,,0,20,,,mixed forest,,,,,,,,,,,,,1453.312643,,45.97112353,,693.5026205,,56.47818017,,14.55837928,,12.48967873,,2.068700559,,,,,,540.01,,145.667,,,35.94,,,3.03,,,7.2,,,,,,,,
,,,,,,,,,Zhao et al. 2025,https://doi.org/10.1111/1365-2664.70015,Figshare,130,,,,,,,,,"35°03′–36°37′ N, 108°10′–109°18′ E",,,0,20,,,mixed forest,,,,,,,,,,,,,1600.261911,,45.47950985,,657.8355294,,59.86385548,,15.86511096,,13.81853302,,2.046577943,,,,,,428.641,,123.778,,,39.11,,,3.24,,,7.4,,,,,,,,
,,,,,,,,,Zhao et al. 2025,https://doi.org/10.1111/1365-2664.70015,Figshare,130,,,,,,,,,"35°03′–36°37′ N, 108°10′–109°18′ E",,,0,20,,,mixed forest,,,,,,,,,,,,,633.5259353,,19.31538141,,266.6811563,,30.53548325,,6.322972454,,5.453780291,,0.869192163,,,,,,230.453,,73.2,,,18.28,,,1.7,,,7.3,,,,,,,,
,,,,,,,,,Zhao et al. 2025,https://doi.org/10.1111/1365-2664.70015,Figshare,130,,,,,,,,,"35°03′–36°37′ N, 108°10′–109°18′ E",,,0,20,,,climax forest,,,,,,,,,,,,,782.7907585,,24.27431757,,355.7731598,,40.70640019,,7.825849723,,6.733505432,,1.092344291,,,,,,400.982,,118.756,,,16.53,,,1.6,,,7.1,,,,,,,,
,,,,,,,,,Zhao et al. 2025,https://doi.org/10.1111/1365-2664.70015,Figshare,160,,,,,,,,,"35°03′–36°37′ N, 108°10′–109°18′ E",,,0,20,,,climax forest,,,,,,,,,,,,,1119.71331,,34.86404211,,329.549874,,37.13727981,,11.19874914,,9.629867241,,1.568881895,,,,,,214.278,,100.222,,,22.31,,,1.88,,,7.2,,,,,,,,
,,,,,,,,,Zhao et al. 2025,https://doi.org/10.1111/1365-2664.70015,Figshare,160,,,,,,,,,"35°03′–36°37′ N, 108°10′–109°18′ E",,,0,20,,,climax forest,,,,,,,,,,,,,1544.577223,,41.61852369,,385.9652939,,42.893804,,15.23976819,,13.36693463,,1.872833566,,,,,,381.515,,142.067,,,32.12,,,2.39,,,7.1,,,,,,,,
,,,,,,,,,Zhao et al. 2025,https://doi.org/10.1111/1365-2664.70015,Figshare,160,,,,,,,,,"35°03′–36°37′ N, 108°10′–109°18′ E",,,0,20,,,climax forest,,,,,,,,,,,,,805.7171894,,22.90490248,,286.7181024,,30.63291192,,7.988143215,,6.957422604,,1.030720612,,,,,,358.768,,107.4,,,17.95,,,1.58,,,7.1,,,,,,,,
,,,,,,,,,Zhao et al. 2025,https://doi.org/10.1111/1365-2664.70015,Figshare,160,,,,,,,,,"35°03′–36°37′ N, 108°10′–109°18′ E",,,0,20,,,,,,,,,,,,,,,,986.1844037,,22.90717702,,298.1551184,,31.68034743,,9.612421299,,8.581598334,,1.030822966,,,,,,392.523,,123.422,,,22.58,,,1.86,,,7.2,,,,,,,,
,,,,,,,,,,,,,,,,,,,,,,,,,,,,,,,,,,,,,,,,,,,,,,,,,,,,,,,,,,,,,,,,,,,,,,,,,,,,,,
,,,,,,,,,Adamczyk et al. 2025,https://doi.org/10.1016/j.soilbio.2025.109917,Zenodo,code,,,,,,Treatment,62°54′43.343″N,24°34′16.021″E,,,,,,Layer,,,,,Pinus sylvestris,,,,,,,,,,,,,,,,,,,,fungal_necromass_mg_g-1_DW,,,,,,fungal_biomass_mg_g-1_DW,,,,,,total_SOC_mg_g-1_DW,,C,,N,,,pH,,,,,,,,
,,,,,,,,,Adamczyk et al. 2025,https://doi.org/10.1016/j.soilbio.2025.109917,Zenodo,4N1_H,,,,,,N fertilization,62°54′43.343″N,24°34′16.021″E,,,,,,Organic layer,,forest,,,Pinus sylvestris,,,,2021,bulk,,,,,,,,,,,,,,,60.301,,,,,,41.838798,,,,,,325.2818,,33.516,,0.882,,,4.471,,,,,,,,
,,,,,,,,,Adamczyk et al. 2025,https://doi.org/10.1016/j.soilbio.2025.109917,Zenodo,4N2_H,,,,,,N fertilization,62°54′43.343″N,24°34′16.021″E,,,,,,Organic layer,,forest,,,Pinus sylvestris,,,,2021,bulk,,,,,,,,,,,,,,,31.659,,,,,,22.93737634,,,,,,270.07,,25.39278,,0.66823105,,,4.324,,,,,,,,
,,,,,,,,,Adamczyk et al. 2025,https://doi.org/10.1016/j.soilbio.2025.109917,Zenodo,4N3_H,,,,,,N fertilization,62°54′43.343″N,24°34′16.021″E,,,,,,Organic layer,,forest,,,Pinus sylvestris,,,,2021,bulk,,,,,,,,,,,,,,,48.251,,,,,,35.68249443,,,,,,331.162,,31.76838,,0.83601,,,4.299,,,,,,,,
,,,,,,,,,Adamczyk et al. 2025,https://doi.org/10.1016/j.soilbio.2025.109917,Zenodo,8N1_H,,,,,,N fertilization,62°54′43.343″N,24°34′16.021″E,,,,,,Organic layer,,forest,,,Pinus sylvestris,,,,2021,bulk,,,,,,,,,,,,,,,38.123,,,,,,26.12621313,,,,,,306.277,,33.86262,,0.8642,,,4.321,,,,,,,,
,,,,,,,,,Adamczyk et al. 2025,https://doi.org/10.1016/j.soilbio.2025.109917,Zenodo,8N2_H,,,,,,N fertilization,62°54′43.343″N,24°34′16.021″E,,,,,,Organic layer,,forest,,,Pinus sylvestris,,,,2021,bulk,,,,,,,,,,,,,,,35.128,,,,,,25.25639806,,,,,,307.276,,28.32346,,0.74535421,,,4.455,,,,,,,,
,,,,,,,,,Adamczyk et al. 2025,https://doi.org/10.1016/j.soilbio.2025.109917,Zenodo,8N3_H,,,,,,N fertilization,62°54′43.343″N,24°34′16.021″E,,,,,,Organic layer,,forest,,,Pinus sylvestris,,,,2021,bulk,,,,,,,,,,,,,,,34.931,,,,,,23.90185695,,,,,,321.156,,31.44328,,0.82745474,,,4.612,,,,,,,,
,,,,,,,,,Adamczyk et al. 2025,https://doi.org/10.1016/j.soilbio.2025.109917,Zenodo,7C1_H,,,,,,Control,62°54′43.343″N,24°34′16.021″E,,,,,,Organic layer,,forest,,,Pinus sylvestris,,,,2021,bulk,,,,,,,,,,,,,,,31.477,,,,,,26.21063302,,,,,,312.5201,,28.3293,,0.65,,,4.453,,,,,,,,
,,,,,,,,,Adamczyk et al. 2025,https://doi.org/10.1016/j.soilbio.2025.109917,Zenodo,7C2_H,,,,,,Control,62°54′43.343″N,24°34′16.021″E,,,,,,Organic layer,,forest,,,Pinus sylvestris,,,,2021,bulk,,,,,,,,,,,,,,,32.666,,,,,,20.61122288,,,,,,261.3303,,29.3994,,0.635,,,4.409,,,,,,,,
,,,,,,,,,Adamczyk et al. 2025,https://doi.org/10.1016/j.soilbio.2025.109917,Zenodo,7C3_H,,,,,,Control,62°54′43.343″N,24°34′16.021″E,,,,,,Organic layer,,forest,,,Pinus sylvestris,,,,2021,bulk,,,,,,,,,,,,,,,23.823,,,,,,15.05443733,,,,,,250.5503,,27.432,,0.712,,,4.39,,,,,,,,
,,,,,,,,,Adamczyk et al. 2025,https://doi.org/10.1016/j.soilbio.2025.109917,Zenodo,1C1_H,,,,,,Control,62°54′43.343″N,24°34′16.021″E,,,,,,Organic layer,,forest,,,Pinus sylvestris,,,,2021,bulk,,,,,,,,,,,,,,,28.605,,,,,,22.33677198,,,,,,246.4965,,25.7445,,0.5,,,4.882,,,,,,,,
,,,,,,,,,Adamczyk et al. 2025,https://doi.org/10.1016/j.soilbio.2025.109917,Zenodo,1C2_H,,,,,,Control,62°54′43.343″N,24°34′16.021″E,,,,,,Organic layer,,forest,,,Pinus sylvestris,,,,2021,bulk,,,,,,,,,,,,,,,28.556,,,,,,16.05254906,,,,,,161.9646,,25.7004,,0.592,,,4.762,,,,,,,,
,,,,,,,,,Adamczyk et al. 2025,https://doi.org/10.1016/j.soilbio.2025.109917,Zenodo,1C3_H,,,,,,Control,62°54′43.343″N,24°34′16.021″E,,,,,,Organic layer,,forest,,,Pinus sylvestris,,,,2021,bulk,,,,,,,,,,,,,,,36.157,,,,,,24.20863367,,,,,,269.4517,,24.321,,0.621,,,4.321,,,,,,,,
,,,,,,,,,Adamczyk et al. 2025,https://doi.org/10.1016/j.soilbio.2025.109917,Zenodo,4N1_M,,,,,,N fertilization,62°54′43.343″N,24°34′16.021″E,,,0,20,,Mineral layer,,forest,,,Pinus sylvestris,,,,2021,bulk,,,,,,,,,,,,,,,2.816,,,,,,0.736766674,,,,,,16.65733349,,2.543,,0.09,,,3.854,,,,,,,,
,,,,,,,,,Adamczyk et al. 2025,https://doi.org/10.1016/j.soilbio.2025.109917,Zenodo,4N2_M,,,,,,N fertilization,62°54′43.343″N,24°34′16.021″E,,,0,20,,Mineral layer,,forest,,,Pinus sylvestris,,,,2021,bulk,,,,,,,,,,,,,,,5.606,,,,,,1.466733317,,,,,,33.16092718,,2.657,,0.09,,,3.954,,,,,,,,
,,,,,,,,,Adamczyk et al. 2025,https://doi.org/10.1016/j.soilbio.2025.109917,Zenodo,4N3_M,,,,,,N fertilization,62°54′43.343″N,24°34′16.021″E,,,0,20,,Mineral layer,,forest,,,Pinus sylvestris,,,,2021,bulk,,,,,,,,,,,,,,,6.765,,,,,,1.770081001,,,,,,40.01922263,,2.984,,0.1,,,3.901,,,,,,,,
,,,,,,,,,Adamczyk et al. 2025,https://doi.org/10.1016/j.soilbio.2025.109917,Zenodo,8N1_M,,,,,,N fertilization,62°54′43.343″N,24°34′16.021″E,,,0,20,,Mineral layer,,forest,,,Pinus sylvestris,,,,2021,bulk,,,,,,,,,,,,,,,9.754,,,,,,0.578814829,,,,,,17.83181087,,2.44468375,,0.1,,,3.525,,,,,,,,
,,,,,,,,,Adamczyk et al. 2025,https://doi.org/10.1016/j.soilbio.2025.109917,Zenodo,8N2_M,,,,,,N fertilization,62°54′43.343″N,24°34′16.021″E,,,0,20,,Mineral layer,,forest,,,Pinus sylvestris,,,,2021,bulk,,,,,,,,,,,,,,,8.234,,,,,,0.700610416,,,,,,21.58402276,,2.4643,,0.1,,,3.456,,,,,,,,
,,,,,,,,,Adamczyk et al. 2025,https://doi.org/10.1016/j.soilbio.2025.109917,Zenodo,8N3_M,,,,,,N fertilization,62°54′43.343″N,24°34′16.021″E,,,0,20,,Mineral layer,,forest,,,Pinus sylvestris,,,,2021,bulk,,,,,,,,,,,,,,,11.132,,,,,,1.001387357,,,,,,30.85019434,,2.74,,0.09,,,3.566,,,,,,,,
,,,,,,,,,Adamczyk et al. 2025,https://doi.org/10.1016/j.soilbio.2025.109917,Zenodo,7C1_M,,,,,,Control,62°54′43.343″N,24°34′16.021″E,,,0,20,,Mineral layer,,forest,,,Pinus sylvestris,,,,2021,bulk,,,,,,,,,,,,,,,0.234,,,,,,0.795479129,,,,,,24.21023435,,2.34,,0.08,,,3.606,,,,,,,,
,,,,,,,,,Adamczyk et al. 2025,https://doi.org/10.1016/j.soilbio.2025.109917,Zenodo,7C2_M,,,,,,Control,62°54′43.343″N,24°34′16.021″E,,,0,20,,Mineral layer,,forest,,,Pinus sylvestris,,,,2021,bulk,,,,,,,,,,,,,,,0.132,,,,,,1.125322051,,,,,,34.24893199,,2.023,,0.09,,,3.69,,,,,,,,
,,,,,,,,,Adamczyk et al. 2025,https://doi.org/10.1016/j.soilbio.2025.109917,Zenodo,7C3_M,,,,,,Control,62°54′43.343″N,24°34′16.021″E,,,0,20,,Mineral layer,,forest,,,Pinus sylvestris,,,,2021,bulk,,,,,,,,,,,,,,,0.111,,,,,,0.451994682,,,,,,13.7563599,,2.543,,0.08,,,3.521,,,,,,,,
,,,,,,,,,Adamczyk et al. 2025,https://doi.org/10.1016/j.soilbio.2025.109917,Zenodo,1C1_M,,,,,,Control,62°54′43.343″N,24°34′16.021″E,,,0,20,,Mineral layer,,forest,,,Pinus sylvestris,,,,2021,bulk,,,,,,,,,,,,,,,0.341,,,,,,1.232409671,,,,,,34.75242178,,3.06,,0.09,,,3.845,,,,,,,,
,,,,,,,,,Adamczyk et al. 2025,https://doi.org/10.1016/j.soilbio.2025.109917,Zenodo,1C2_M,,,,,,Control,62°54′43.343″N,24°34′16.021″E,,,0,20,,Mineral layer,,forest,,,Pinus sylvestris,,,,2021,bulk,,,,,,,,,,,,,,,0.256,,,,,,1.224793223,,,,,,34.5376474,,2.846,,0.08,,,3.799,,,,,,,,
,,,,,,,,,Adamczyk et al. 2025,https://doi.org/10.1016/j.soilbio.2025.109917,Zenodo,1C3_M,,,,,,Control,62°54′43.343″N,24°34′16.021″E,,,0,20,,Mineral layer,,forest,,,Pinus sylvestris,,,,2021,bulk,,,,,,,,,,,,,,,0.123,,,,,,0.822098759,,,,,,23.18216375,,2.85,,0.09,,,3.771,,,,,,,,